traffic_id,city_id,date,hour,traffic_index
1,1,2024-01-01,12,10.0
2,1,2024-01-01,19,6.9
3,1,2024-01-02,12,10.0
4,1,2024-01-02,19,9.1
5,1,2024-01-03,12,8.44
6,1,2024-01-03,19,7.61
7,1,2024-01-04,12,9.76
8,1,2024-01-04,19,9.4
9,1,2024-01-05,12,8.45
10,1,2024-01-05,19,9.88
11,1,2024-01-06,12,6.98
12,1,2024-01-06,19,8.63
13,1,2024-01-07,12,5.44
14,1,2024-01-07,19,8.0
15,1,2024-01-08,12,8.81
16,1,2024-01-08,19,7.36
17,1,2024-01-09,12,9.27
18,1,2024-01-09,19,8.95
19,1,2024-01-10,12,7.08
20,1,2024-01-10,19,8.2
21,1,2024-01-11,12,8.59
22,1,2024-01-11,19,9.99
23,1,2024-01-12,12,10.0
24,1,2024-01-12,19,9.95
25,1,2024-01-13,12,8.67
26,1,2024-01-13,19,6.74
27,1,2024-01-14,12,5.18
28,1,2024-01-14,19,8.19
29,1,2024-01-15,12,9.34
30,1,2024-01-15,19,10.0
31,1,2024-01-16,12,7.99
32,1,2024-01-16,19,8.59
33,1,2024-01-17,12,7.05
34,1,2024-01-17,19,9.24
35,1,2024-01-18,12,8.65
36,1,2024-01-18,19,9.41
37,1,2024-01-19,12,10.0
38,1,2024-01-19,19,8.5
39,1,2024-01-20,12,5.43
40,1,2024-01-20,19,5.64
41,1,2024-01-21,12,6.6
42,1,2024-01-21,19,4.9
43,1,2024-01-22,12,8.86
44,1,2024-01-22,19,10.0
45,1,2024-01-23,12,8.86
46,1,2024-01-23,19,10.0
47,1,2024-01-24,12,8.5
48,1,2024-01-24,19,9.81
49,1,2024-01-25,12,8.71
50,1,2024-01-25,19,9.62
51,1,2024-01-26,12,9.42
52,1,2024-01-26,19,8.14
53,1,2024-01-27,12,6.11
54,1,2024-01-27,19,6.38
55,1,2024-01-28,12,7.99
56,1,2024-01-28,19,7.61
57,1,2024-01-29,12,9.03
58,1,2024-01-29,19,8.3
59,1,2024-01-30,12,10.0
60,1,2024-01-30,19,9.87
61,1,2024-01-31,12,10.0
62,1,2024-01-31,19,8.34
63,1,2024-02-01,12,10.0
64,1,2024-02-01,19,8.76
65,1,2024-02-02,12,8.93
66,1,2024-02-02,19,7.23
67,1,2024-02-03,12,7.49
68,1,2024-02-03,19,6.0
69,1,2024-02-04,12,7.14
70,1,2024-02-04,19,7.14
71,1,2024-02-05,12,9.05
72,1,2024-02-05,19,9.11
73,1,2024-02-06,12,10.0
74,1,2024-02-06,19,8.74
75,1,2024-02-07,12,8.46
76,1,2024-02-07,19,9.15
77,1,2024-02-08,12,10.0
78,1,2024-02-08,19,7.51
79,1,2024-02-09,12,10.0
80,1,2024-02-09,19,10.0
81,1,2024-02-10,12,6.16
82,1,2024-02-10,19,7.61
83,1,2024-02-11,12,5.93
84,1,2024-02-11,19,7.14
85,1,2024-02-12,12,10.0
86,1,2024-02-12,19,9.38
87,1,2024-02-13,12,10.0
88,1,2024-02-13,19,9.01
89,1,2024-02-14,12,10.0
90,1,2024-02-14,19,10.0
91,1,2024-02-15,12,9.31
92,1,2024-02-15,19,10.0
93,1,2024-02-16,12,9.94
94,1,2024-02-16,19,7.16
95,1,2024-02-17,12,8.18
96,1,2024-02-17,19,8.18
97,1,2024-02-18,12,7.4
98,1,2024-02-18,19,7.71
99,1,2024-02-19,12,9.81
100,1,2024-02-19,19,8.86
101,1,2024-02-20,12,9.51
102,1,2024-02-20,19,10.0
103,1,2024-02-21,12,10.0
104,1,2024-02-21,19,9.18
105,1,2024-02-22,12,9.16
106,1,2024-02-22,19,9.7
107,1,2024-02-23,12,10.0
108,1,2024-02-23,19,8.93
109,1,2024-02-24,12,6.78
110,1,2024-02-24,19,5.82
111,1,2024-02-25,12,6.7
112,1,2024-02-25,19,8.1
113,1,2024-02-26,12,7.31
114,1,2024-02-26,19,9.67
115,1,2024-02-27,12,9.51
116,1,2024-02-27,19,10.0
117,1,2024-02-28,12,9.71
118,1,2024-02-28,19,10.0
119,1,2024-02-29,12,9.08
120,1,2024-02-29,19,9.11
121,1,2024-03-01,12,10.0
122,1,2024-03-01,19,8.64
123,1,2024-03-02,12,7.2
124,1,2024-03-02,19,5.88
125,1,2024-03-03,12,4.9
126,1,2024-03-03,19,7.7
127,1,2024-03-04,12,9.08
128,1,2024-03-04,19,9.31
129,1,2024-03-05,12,9.41
130,1,2024-03-05,19,9.4
131,1,2024-03-06,12,9.54
132,1,2024-03-06,19,10.0
133,1,2024-03-07,12,10.0
134,1,2024-03-07,19,9.03
135,1,2024-03-08,12,9.07
136,1,2024-03-08,19,10.0
137,1,2024-03-09,12,6.84
138,1,2024-03-09,19,6.82
139,1,2024-03-10,12,8.21
140,1,2024-03-10,19,9.14
141,1,2024-03-11,12,9.33
142,1,2024-03-11,19,8.56
143,1,2024-03-12,12,8.8
144,1,2024-03-12,19,8.66
145,1,2024-03-13,12,8.25
146,1,2024-03-13,19,9.73
147,1,2024-03-14,12,10.0
148,1,2024-03-14,19,9.7
149,1,2024-03-15,12,9.43
150,1,2024-03-15,19,9.51
151,1,2024-03-16,12,8.14
152,1,2024-03-16,19,7.46
153,1,2024-03-17,12,6.83
154,1,2024-03-17,19,7.7
155,1,2024-03-18,12,9.59
156,1,2024-03-18,19,9.59
157,1,2024-03-19,12,9.26
158,1,2024-03-19,19,9.12
159,1,2024-03-20,12,10.0
160,1,2024-03-20,19,10.0
161,1,2024-03-21,12,9.73
162,1,2024-03-21,19,9.02
163,1,2024-03-22,12,7.78
164,1,2024-03-22,19,8.97
165,1,2024-03-23,12,7.21
166,1,2024-03-23,19,7.05
167,1,2024-03-24,12,5.64
168,1,2024-03-24,19,6.38
169,1,2024-03-25,12,9.35
170,1,2024-03-25,19,9.02
171,1,2024-03-26,12,9.6
172,1,2024-03-26,19,7.96
173,1,2024-03-27,12,8.92
174,1,2024-03-27,19,8.11
175,1,2024-03-28,12,9.62
176,1,2024-03-28,19,8.9
177,1,2024-03-29,12,9.78
178,1,2024-03-29,19,10.0
179,1,2024-03-30,12,8.2
180,1,2024-03-30,19,6.95
181,1,2024-03-31,12,7.87
182,1,2024-03-31,19,6.79
183,1,2024-04-01,12,9.59
184,1,2024-04-01,19,8.62
185,1,2024-04-02,12,8.21
186,1,2024-04-02,19,7.79
187,1,2024-04-03,12,7.29
188,1,2024-04-03,19,8.05
189,1,2024-04-04,12,9.24
190,1,2024-04-04,19,9.54
191,1,2024-04-05,12,8.73
192,1,2024-04-05,19,8.71
193,1,2024-04-06,12,6.72
194,1,2024-04-06,19,7.06
195,1,2024-04-07,12,6.81
196,1,2024-04-07,19,6.86
197,1,2024-04-08,12,9.8
198,1,2024-04-08,19,9.51
199,1,2024-04-09,12,8.07
200,1,2024-04-09,19,10.0
201,1,2024-04-10,12,8.95
202,1,2024-04-10,19,10.0
203,1,2024-04-11,12,8.99
204,1,2024-04-11,19,7.42
205,1,2024-04-12,12,8.97
206,1,2024-04-12,19,7.8
207,1,2024-04-13,12,7.52
208,1,2024-04-13,19,6.12
209,1,2024-04-14,12,6.26
210,1,2024-04-14,19,6.59
211,1,2024-04-15,12,10.0
212,1,2024-04-15,19,9.18
213,1,2024-04-16,12,10.0
214,1,2024-04-16,19,9.62
215,1,2024-04-17,12,9.82
216,1,2024-04-17,19,10.0
217,1,2024-04-18,12,9.79
218,1,2024-04-18,19,8.72
219,1,2024-04-19,12,8.72
220,1,2024-04-19,19,10.0
221,1,2024-04-20,12,7.15
222,1,2024-04-20,19,6.39
223,1,2024-04-21,12,7.09
224,1,2024-04-21,19,5.46
225,1,2024-04-22,12,10.0
226,1,2024-04-22,19,9.88
227,1,2024-04-23,12,9.31
228,1,2024-04-23,19,9.06
229,1,2024-04-24,12,9.62
230,1,2024-04-24,19,8.28
231,1,2024-04-25,12,8.92
232,1,2024-04-25,19,9.73
233,1,2024-04-26,12,10.0
234,1,2024-04-26,19,9.55
235,1,2024-04-27,12,7.41
236,1,2024-04-27,19,6.28
237,1,2024-04-28,12,5.87
238,1,2024-04-28,19,4.75
239,1,2024-04-29,12,10.0
240,1,2024-04-29,19,10.0
241,1,2024-04-30,12,8.76
242,1,2024-04-30,19,9.37
243,1,2024-05-01,12,10.0
244,1,2024-05-01,19,9.23
245,1,2024-05-02,12,9.45
246,1,2024-05-02,19,8.84
247,1,2024-05-03,12,8.67
248,1,2024-05-03,19,8.02
249,1,2024-05-04,12,6.39
250,1,2024-05-04,19,7.23
251,1,2024-05-05,12,8.21
252,1,2024-05-05,19,8.7
253,1,2024-05-06,12,9.31
254,1,2024-05-06,19,9.32
255,1,2024-05-07,12,10.0
256,1,2024-05-07,19,8.58
257,1,2024-05-08,12,9.74
258,1,2024-05-08,19,8.74
259,1,2024-05-09,12,10.0
260,1,2024-05-09,19,8.22
261,1,2024-05-10,12,9.92
262,1,2024-05-10,19,9.07
263,1,2024-05-11,12,6.98
264,1,2024-05-11,19,5.58
265,1,2024-05-12,12,6.86
266,1,2024-05-12,19,6.84
267,1,2024-05-13,12,8.54
268,1,2024-05-13,19,8.03
269,1,2024-05-14,12,8.64
270,1,2024-05-14,19,8.38
271,1,2024-05-15,12,8.24
272,1,2024-05-15,19,8.79
273,1,2024-05-16,12,9.5
274,1,2024-05-16,19,9.46
275,1,2024-05-17,12,10.0
276,1,2024-05-17,19,9.13
277,1,2024-05-18,12,6.55
278,1,2024-05-18,19,6.94
279,1,2024-05-19,12,5.45
280,1,2024-05-19,19,6.34
281,1,2024-05-20,12,9.89
282,1,2024-05-20,19,9.6
283,1,2024-05-21,12,7.97
284,1,2024-05-21,19,9.67
285,1,2024-05-22,12,9.95
286,1,2024-05-22,19,9.57
287,1,2024-05-23,12,8.88
288,1,2024-05-23,19,9.03
289,1,2024-05-24,12,10.0
290,1,2024-05-24,19,9.4
291,1,2024-05-25,12,6.36
292,1,2024-05-25,19,7.35
293,1,2024-05-26,12,6.62
294,1,2024-05-26,19,6.98
295,1,2024-05-27,12,9.67
296,1,2024-05-27,19,7.95
297,1,2024-05-28,12,9.79
298,1,2024-05-28,19,9.02
299,1,2024-05-29,12,8.74
300,1,2024-05-29,19,9.41
301,1,2024-05-30,12,8.17
302,1,2024-05-30,19,10.0
303,1,2024-05-31,12,9.34
304,1,2024-05-31,19,10.0
305,1,2024-06-01,12,6.77
306,1,2024-06-01,19,7.28
307,1,2024-06-02,12,7.1
308,1,2024-06-02,19,8.83
309,1,2024-06-03,12,8.4
310,1,2024-06-03,19,10.0
311,1,2024-06-04,12,10.0
312,1,2024-06-04,19,9.68
313,1,2024-06-05,12,10.0
314,1,2024-06-05,19,10.0
315,1,2024-06-06,12,8.93
316,1,2024-06-06,19,9.5
317,1,2024-06-07,12,10.0
318,1,2024-06-07,19,7.65
319,1,2024-06-08,12,7.18
320,1,2024-06-08,19,7.6
321,1,2024-06-09,12,6.3
322,1,2024-06-09,19,6.2
323,1,2024-06-10,12,8.82
324,1,2024-06-10,19,9.83
325,1,2024-06-11,12,9.65
326,1,2024-06-11,19,10.0
327,1,2024-06-12,12,7.95
328,1,2024-06-12,19,8.86
329,1,2024-06-13,12,8.72
330,1,2024-06-13,19,9.05
331,1,2024-06-14,12,10.0
332,1,2024-06-14,19,8.27
333,1,2024-06-15,12,6.11
334,1,2024-06-15,19,6.72
335,1,2024-06-16,12,7.64
336,1,2024-06-16,19,6.07
337,1,2024-06-17,12,7.97
338,1,2024-06-17,19,8.45
339,1,2024-06-18,12,10.0
340,1,2024-06-18,19,10.0
341,1,2024-06-19,12,7.59
342,1,2024-06-19,19,7.78
343,1,2024-06-20,12,9.79
344,1,2024-06-20,19,8.43
345,1,2024-06-21,12,10.0
346,1,2024-06-21,19,9.18
347,1,2024-06-22,12,5.26
348,1,2024-06-22,19,5.79
349,1,2024-06-23,12,6.41
350,1,2024-06-23,19,7.13
351,1,2024-06-24,12,9.33
352,1,2024-06-24,19,8.82
353,1,2024-06-25,12,9.37
354,1,2024-06-25,19,7.41
355,1,2024-06-26,12,8.56
356,1,2024-06-26,19,9.05
357,1,2024-06-27,12,10.0
358,1,2024-06-27,19,10.0
359,1,2024-06-28,12,9.6
360,1,2024-06-28,19,8.04
361,1,2024-06-29,12,6.73
362,1,2024-06-29,19,6.58
363,1,2024-06-30,12,6.09
364,1,2024-06-30,19,5.73
365,1,2024-07-01,12,9.4
366,1,2024-07-01,19,9.91
367,1,2024-07-02,12,8.04
368,1,2024-07-02,19,10.0
369,1,2024-07-03,12,9.96
370,1,2024-07-03,19,9.51
371,1,2024-07-04,12,9.7
372,1,2024-07-04,19,10.0
373,1,2024-07-05,12,8.36
374,1,2024-07-05,19,10.0
375,1,2024-07-06,12,9.01
376,1,2024-07-06,19,5.46
377,1,2024-07-07,12,6.62
378,1,2024-07-07,19,6.62
379,1,2024-07-08,12,8.89
380,1,2024-07-08,19,9.96
381,1,2024-07-09,12,10.0
382,1,2024-07-09,19,8.46
383,1,2024-07-10,12,10.0
384,1,2024-07-10,19,10.0
385,1,2024-07-11,12,9.59
386,1,2024-07-11,19,9.22
387,1,2024-07-12,12,8.81
388,1,2024-07-12,19,8.57
389,1,2024-07-13,12,6.2
390,1,2024-07-13,19,7.93
391,1,2024-07-14,12,6.16
392,1,2024-07-14,19,7.98
393,1,2024-07-15,12,10.0
394,1,2024-07-15,19,9.59
395,1,2024-07-16,12,9.36
396,1,2024-07-16,19,9.32
397,1,2024-07-17,12,7.99
398,1,2024-07-17,19,9.93
399,1,2024-07-18,12,8.75
400,1,2024-07-18,19,10.0
401,1,2024-07-19,12,8.83
402,1,2024-07-19,19,6.74
403,1,2024-07-20,12,6.64
404,1,2024-07-20,19,6.17
405,1,2024-07-21,12,6.17
406,1,2024-07-21,19,8.62
407,1,2024-07-22,12,9.36
408,1,2024-07-22,19,7.53
409,1,2024-07-23,12,7.52
410,1,2024-07-23,19,8.03
411,1,2024-07-24,12,9.82
412,1,2024-07-24,19,10.0
413,1,2024-07-25,12,9.09
414,1,2024-07-25,19,8.83
415,1,2024-07-26,12,8.2
416,1,2024-07-26,19,8.1
417,1,2024-07-27,12,6.92
418,1,2024-07-27,19,7.87
419,1,2024-07-28,12,6.02
420,1,2024-07-28,19,7.56
421,1,2024-07-29,12,9.46
422,1,2024-07-29,19,9.33
423,1,2024-07-30,12,10.0
424,1,2024-07-30,19,10.0
425,1,2024-07-31,12,8.51
426,1,2024-07-31,19,7.15
427,1,2024-08-01,12,7.92
428,1,2024-08-01,19,8.87
429,1,2024-08-02,12,9.15
430,1,2024-08-02,19,10.0
431,1,2024-08-03,12,7.87
432,1,2024-08-03,19,9.16
433,1,2024-08-04,12,6.8
434,1,2024-08-04,19,7.76
435,1,2024-08-05,12,8.41
436,1,2024-08-05,19,10.0
437,1,2024-08-06,12,9.17
438,1,2024-08-06,19,10.0
439,1,2024-08-07,12,9.27
440,1,2024-08-07,19,6.9
441,1,2024-08-08,12,8.09
442,1,2024-08-08,19,9.54
443,1,2024-08-09,12,8.04
444,1,2024-08-09,19,8.26
445,1,2024-08-10,12,7.67
446,1,2024-08-10,19,7.69
447,1,2024-08-11,12,8.14
448,1,2024-08-11,19,7.49
449,1,2024-08-12,12,9.59
450,1,2024-08-12,19,10.0
451,1,2024-08-13,12,8.69
452,1,2024-08-13,19,8.83
453,1,2024-08-14,12,9.23
454,1,2024-08-14,19,10.0
455,1,2024-08-15,12,8.86
456,1,2024-08-15,19,9.0
457,1,2024-08-16,12,10.0
458,1,2024-08-16,19,8.88
459,1,2024-08-17,12,6.32
460,1,2024-08-17,19,6.44
461,1,2024-08-18,12,7.12
462,1,2024-08-18,19,8.04
463,1,2024-08-19,12,7.81
464,1,2024-08-19,19,10.0
465,1,2024-08-20,12,8.54
466,1,2024-08-20,19,10.0
467,1,2024-08-21,12,10.0
468,1,2024-08-21,19,9.88
469,1,2024-08-22,12,8.28
470,1,2024-08-22,19,9.59
471,1,2024-08-23,12,9.09
472,1,2024-08-23,19,9.86
473,1,2024-08-24,12,6.75
474,1,2024-08-24,19,6.53
475,1,2024-08-25,12,7.53
476,1,2024-08-25,19,7.11
477,1,2024-08-26,12,8.04
478,1,2024-08-26,19,7.16
479,1,2024-08-27,12,7.01
480,1,2024-08-27,19,7.59
481,1,2024-08-28,12,10.0
482,1,2024-08-28,19,8.7
483,1,2024-08-29,12,9.29
484,1,2024-08-29,19,8.9
485,1,2024-08-30,12,9.45
486,1,2024-08-30,19,9.23
487,1,2024-08-31,12,6.71
488,1,2024-08-31,19,7.13
489,1,2024-09-01,12,7.41
490,1,2024-09-01,19,6.03
491,1,2024-09-02,12,8.85
492,1,2024-09-02,19,7.63
493,1,2024-09-03,12,9.27
494,1,2024-09-03,19,10.0
495,1,2024-09-04,12,8.34
496,1,2024-09-04,19,8.45
497,1,2024-09-05,12,8.1
498,1,2024-09-05,19,7.14
499,1,2024-09-06,12,9.29
500,1,2024-09-06,19,7.92
501,1,2024-09-07,12,6.37
502,1,2024-09-07,19,6.2
503,1,2024-09-08,12,6.54
504,1,2024-09-08,19,8.18
505,1,2024-09-09,12,9.7
506,1,2024-09-09,19,7.07
507,1,2024-09-10,12,9.94
508,1,2024-09-10,19,8.86
509,1,2024-09-11,12,8.61
510,1,2024-09-11,19,10.0
511,1,2024-09-12,12,10.0
512,1,2024-09-12,19,10.0
513,1,2024-09-13,12,10.0
514,1,2024-09-13,19,8.86
515,1,2024-09-14,12,6.91
516,1,2024-09-14,19,5.6
517,1,2024-09-15,12,5.4
518,1,2024-09-15,19,7.14
519,1,2024-09-16,12,8.61
520,1,2024-09-16,19,8.63
521,1,2024-09-17,12,9.99
522,1,2024-09-17,19,7.52
523,1,2024-09-18,12,8.37
524,1,2024-09-18,19,8.24
525,1,2024-09-19,12,10.0
526,1,2024-09-19,19,10.0
527,1,2024-09-20,12,7.66
528,1,2024-09-20,19,9.57
529,1,2024-09-21,12,7.19
530,1,2024-09-21,19,7.92
531,1,2024-09-22,12,8.08
532,1,2024-09-22,19,6.38
533,1,2024-09-23,12,9.54
534,1,2024-09-23,19,8.89
535,1,2024-09-24,12,7.18
536,1,2024-09-24,19,9.4
537,1,2024-09-25,12,8.57
538,1,2024-09-25,19,9.78
539,1,2024-09-26,12,10.0
540,1,2024-09-26,19,8.54
541,1,2024-09-27,12,9.96
542,1,2024-09-27,19,7.84
543,1,2024-09-28,12,5.05
544,1,2024-09-28,19,7.13
545,1,2024-09-29,12,7.91
546,1,2024-09-29,19,8.19
547,1,2024-09-30,12,8.21
548,1,2024-09-30,19,9.45
549,1,2024-10-01,12,10.0
550,1,2024-10-01,19,9.91
551,1,2024-10-02,12,8.16
552,1,2024-10-02,19,9.33
553,1,2024-10-03,12,9.62
554,1,2024-10-03,19,8.59
555,1,2024-10-04,12,9.6
556,1,2024-10-04,19,8.7
557,1,2024-10-05,12,7.1
558,1,2024-10-05,19,6.79
559,1,2024-10-06,12,7.72
560,1,2024-10-06,19,5.81
561,1,2024-10-07,12,9.66
562,1,2024-10-07,19,9.92
563,1,2024-10-08,12,10.0
564,1,2024-10-08,19,9.8
565,1,2024-10-09,12,10.0
566,1,2024-10-09,19,8.86
567,1,2024-10-10,12,10.0
568,1,2024-10-10,19,9.76
569,1,2024-10-11,12,9.88
570,1,2024-10-11,19,9.92
571,1,2024-10-12,12,8.56
572,1,2024-10-12,19,8.53
573,1,2024-10-13,12,6.11
574,1,2024-10-13,19,7.36
575,1,2024-10-14,12,8.95
576,1,2024-10-14,19,8.55
577,1,2024-10-15,12,9.64
578,1,2024-10-15,19,8.75
579,1,2024-10-16,12,10.0
580,1,2024-10-16,19,9.15
581,1,2024-10-17,12,8.29
582,1,2024-10-17,19,8.79
583,1,2024-10-18,12,10.0
584,1,2024-10-18,19,9.31
585,1,2024-10-19,12,8.61
586,1,2024-10-19,19,8.29
587,1,2024-10-20,12,6.43
588,1,2024-10-20,19,7.58
589,1,2024-10-21,12,9.31
590,1,2024-10-21,19,9.32
591,1,2024-10-22,12,8.09
592,1,2024-10-22,19,10.0
593,1,2024-10-23,12,9.62
594,1,2024-10-23,19,8.1
595,1,2024-10-24,12,9.6
596,1,2024-10-24,19,10.0
597,1,2024-10-25,12,10.0
598,1,2024-10-25,19,10.0
599,1,2024-10-26,12,7.3
600,1,2024-10-26,19,5.87
601,1,2024-10-27,12,7.25
602,1,2024-10-27,19,9.38
603,1,2024-10-28,12,8.96
604,1,2024-10-28,19,9.28
605,1,2024-10-29,12,9.51
606,1,2024-10-29,19,8.06
607,1,2024-10-30,12,8.93
608,1,2024-10-30,19,8.57
609,1,2024-10-31,12,8.59
610,1,2024-10-31,19,7.91
611,1,2024-11-01,12,10.0
612,1,2024-11-01,19,8.77
613,1,2024-11-02,12,6.2
614,1,2024-11-02,19,7.12
615,1,2024-11-03,12,6.67
616,1,2024-11-03,19,6.85
617,1,2024-11-04,12,8.0
618,1,2024-11-04,19,7.71
619,1,2024-11-05,12,10.0
620,1,2024-11-05,19,9.6
621,1,2024-11-06,12,10.0
622,1,2024-11-06,19,8.99
623,1,2024-11-07,12,7.28
624,1,2024-11-07,19,8.01
625,1,2024-11-08,12,10.0
626,1,2024-11-08,19,9.28
627,1,2024-11-09,12,6.64
628,1,2024-11-09,19,6.52
629,1,2024-11-10,12,5.83
630,1,2024-11-10,19,7.77
631,1,2024-11-11,12,9.49
632,1,2024-11-11,19,10.0
633,1,2024-11-12,12,8.96
634,1,2024-11-12,19,8.43
635,1,2024-11-13,12,8.71
636,1,2024-11-13,19,9.82
637,1,2024-11-14,12,9.58
638,1,2024-11-14,19,9.58
639,1,2024-11-15,12,8.85
640,1,2024-11-15,19,10.0
641,1,2024-11-16,12,6.99
642,1,2024-11-16,19,8.14
643,1,2024-11-17,12,6.3
644,1,2024-11-17,19,6.11
645,1,2024-11-18,12,8.56
646,1,2024-11-18,19,9.45
647,1,2024-11-19,12,10.0
648,1,2024-11-19,19,10.0
649,1,2024-11-20,12,10.0
650,1,2024-11-20,19,8.99
651,1,2024-11-21,12,10.0
652,1,2024-11-21,19,10.0
653,1,2024-11-22,12,8.77
654,1,2024-11-22,19,10.0
655,1,2024-11-23,12,6.47
656,1,2024-11-23,19,7.69
657,1,2024-11-24,12,5.8
658,1,2024-11-24,19,5.91
659,1,2024-11-25,12,8.82
660,1,2024-11-25,19,9.84
661,1,2024-11-26,12,7.95
662,1,2024-11-26,19,8.91
663,1,2024-11-27,12,8.58
664,1,2024-11-27,19,9.9
665,1,2024-11-28,12,9.41
666,1,2024-11-28,19,10.0
667,1,2024-11-29,12,8.76
668,1,2024-11-29,19,10.0
669,1,2024-11-30,12,8.25
670,1,2024-11-30,19,6.76
671,1,2024-12-01,12,7.55
672,1,2024-12-01,19,7.97
673,1,2024-12-02,12,8.11
674,1,2024-12-02,19,9.27
675,1,2024-12-03,12,9.32
676,1,2024-12-03,19,10.0
677,1,2024-12-04,12,8.53
678,1,2024-12-04,19,8.6
679,1,2024-12-05,12,8.5
680,1,2024-12-05,19,9.42
681,1,2024-12-06,12,9.31
682,1,2024-12-06,19,8.24
683,1,2024-12-07,12,7.59
684,1,2024-12-07,19,7.1
685,1,2024-12-08,12,7.0
686,1,2024-12-08,19,7.54
687,1,2024-12-09,12,10.0
688,1,2024-12-09,19,8.88
689,1,2024-12-10,12,8.83
690,1,2024-12-10,19,8.2
691,1,2024-12-11,12,9.0
692,1,2024-12-11,19,8.65
693,1,2024-12-12,12,9.26
694,1,2024-12-12,19,10.0
695,1,2024-12-13,12,9.59
696,1,2024-12-13,19,9.54
697,1,2024-12-14,12,7.29
698,1,2024-12-14,19,7.35
699,1,2024-12-15,12,7.36
700,1,2024-12-15,19,7.05
701,1,2024-12-16,12,10.0
702,1,2024-12-16,19,9.62
703,1,2024-12-17,12,7.22
704,1,2024-12-17,19,10.0
705,1,2024-12-18,12,9.04
706,1,2024-12-18,19,9.41
707,1,2024-12-19,12,9.93
708,1,2024-12-19,19,8.81
709,1,2024-12-20,12,9.05
710,1,2024-12-20,19,10.0
711,1,2024-12-21,12,7.04
712,1,2024-12-21,19,6.14
713,1,2024-12-22,12,5.4
714,1,2024-12-22,19,6.98
715,1,2024-12-23,12,9.06
716,1,2024-12-23,19,10.0
717,1,2024-12-24,12,10.0
718,1,2024-12-24,19,9.84
719,1,2024-12-25,12,8.23
720,1,2024-12-25,19,10.0
721,1,2024-12-26,12,9.9
722,1,2024-12-26,19,9.04
723,1,2024-12-27,12,9.26
724,1,2024-12-27,19,9.51
725,1,2024-12-28,12,8.05
726,1,2024-12-28,19,6.59
727,1,2024-12-29,12,6.55
728,1,2024-12-29,19,8.21
729,1,2024-12-30,12,9.9
730,1,2024-12-30,19,8.48
731,2,2024-01-01,12,10.0
732,2,2024-01-01,19,9.1
733,2,2024-01-02,12,9.38
734,2,2024-01-02,19,10.0
735,2,2024-01-03,12,10.0
736,2,2024-01-03,19,8.03
737,2,2024-01-04,12,8.58
738,2,2024-01-04,19,10.0
739,2,2024-01-05,12,10.0
740,2,2024-01-05,19,10.0
741,2,2024-01-06,12,6.61
742,2,2024-01-06,19,6.81
743,2,2024-01-07,12,6.8
744,2,2024-01-07,19,6.68
745,2,2024-01-08,12,8.95
746,2,2024-01-08,19,10.0
747,2,2024-01-09,12,9.19
748,2,2024-01-09,19,10.0
749,2,2024-01-10,12,9.08
750,2,2024-01-10,19,10.0
751,2,2024-01-11,12,9.52
752,2,2024-01-11,19,9.16
753,2,2024-01-12,12,9.87
754,2,2024-01-12,19,9.89
755,2,2024-01-13,12,7.22
756,2,2024-01-13,19,7.56
757,2,2024-01-14,12,6.52
758,2,2024-01-14,19,8.54
759,2,2024-01-15,12,9.29
760,2,2024-01-15,19,10.0
761,2,2024-01-16,12,10.0
762,2,2024-01-16,19,10.0
763,2,2024-01-17,12,10.0
764,2,2024-01-17,19,9.96
765,2,2024-01-18,12,10.0
766,2,2024-01-18,19,9.19
767,2,2024-01-19,12,9.04
768,2,2024-01-19,19,9.82
769,2,2024-01-20,12,8.06
770,2,2024-01-20,19,7.77
771,2,2024-01-21,12,7.25
772,2,2024-01-21,19,6.42
773,2,2024-01-22,12,8.59
774,2,2024-01-22,19,10.0
775,2,2024-01-23,12,7.59
776,2,2024-01-23,19,9.83
777,2,2024-01-24,12,10.0
778,2,2024-01-24,19,9.9
779,2,2024-01-25,12,10.0
780,2,2024-01-25,19,10.0
781,2,2024-01-26,12,10.0
782,2,2024-01-26,19,8.86
783,2,2024-01-27,12,7.4
784,2,2024-01-27,19,8.66
785,2,2024-01-28,12,6.32
786,2,2024-01-28,19,7.47
787,2,2024-01-29,12,10.0
788,2,2024-01-29,19,9.75
789,2,2024-01-30,12,10.0
790,2,2024-01-30,19,8.92
791,2,2024-01-31,12,10.0
792,2,2024-01-31,19,9.42
793,2,2024-02-01,12,10.0
794,2,2024-02-01,19,10.0
795,2,2024-02-02,12,9.98
796,2,2024-02-02,19,8.99
797,2,2024-02-03,12,6.06
798,2,2024-02-03,19,8.63
799,2,2024-02-04,12,8.67
800,2,2024-02-04,19,7.32
801,2,2024-02-05,12,8.35
802,2,2024-02-05,19,9.95
803,2,2024-02-06,12,8.23
804,2,2024-02-06,19,9.23
805,2,2024-02-07,12,9.61
806,2,2024-02-07,19,10.0
807,2,2024-02-08,12,9.9
808,2,2024-02-08,19,9.33
809,2,2024-02-09,12,10.0
810,2,2024-02-09,19,10.0
811,2,2024-02-10,12,7.73
812,2,2024-02-10,19,7.17
813,2,2024-02-11,12,9.21
814,2,2024-02-11,19,6.25
815,2,2024-02-12,12,10.0
816,2,2024-02-12,19,10.0
817,2,2024-02-13,12,10.0
818,2,2024-02-13,19,10.0
819,2,2024-02-14,12,9.32
820,2,2024-02-14,19,8.72
821,2,2024-02-15,12,10.0
822,2,2024-02-15,19,9.22
823,2,2024-02-16,12,9.53
824,2,2024-02-16,19,8.63
825,2,2024-02-17,12,7.64
826,2,2024-02-17,19,5.61
827,2,2024-02-18,12,8.02
828,2,2024-02-18,19,8.49
829,2,2024-02-19,12,8.79
830,2,2024-02-19,19,10.0
831,2,2024-02-20,12,9.88
832,2,2024-02-20,19,9.19
833,2,2024-02-21,12,10.0
834,2,2024-02-21,19,10.0
835,2,2024-02-22,12,7.94
836,2,2024-02-22,19,10.0
837,2,2024-02-23,12,9.8
838,2,2024-02-23,19,8.39
839,2,2024-02-24,12,7.56
840,2,2024-02-24,19,10.0
841,2,2024-02-25,12,7.23
842,2,2024-02-25,19,8.5
843,2,2024-02-26,12,9.86
844,2,2024-02-26,19,9.41
845,2,2024-02-27,12,9.54
846,2,2024-02-27,19,9.06
847,2,2024-02-28,12,10.0
848,2,2024-02-28,19,8.53
849,2,2024-02-29,12,10.0
850,2,2024-02-29,19,10.0
851,2,2024-03-01,12,10.0
852,2,2024-03-01,19,8.69
853,2,2024-03-02,12,6.16
854,2,2024-03-02,19,6.82
855,2,2024-03-03,12,8.82
856,2,2024-03-03,19,8.58
857,2,2024-03-04,12,10.0
858,2,2024-03-04,19,9.44
859,2,2024-03-05,12,9.64
860,2,2024-03-05,19,10.0
861,2,2024-03-06,12,9.42
862,2,2024-03-06,19,8.71
863,2,2024-03-07,12,10.0
864,2,2024-03-07,19,8.91
865,2,2024-03-08,12,10.0
866,2,2024-03-08,19,9.4
867,2,2024-03-09,12,9.71
868,2,2024-03-09,19,7.79
869,2,2024-03-10,12,7.99
870,2,2024-03-10,19,7.26
871,2,2024-03-11,12,10.0
872,2,2024-03-11,19,6.68
873,2,2024-03-12,12,9.67
874,2,2024-03-12,19,10.0
875,2,2024-03-13,12,8.61
876,2,2024-03-13,19,8.62
877,2,2024-03-14,12,7.18
878,2,2024-03-14,19,10.0
879,2,2024-03-15,12,10.0
880,2,2024-03-15,19,10.0
881,2,2024-03-16,12,7.82
882,2,2024-03-16,19,7.33
883,2,2024-03-17,12,6.28
884,2,2024-03-17,19,5.84
885,2,2024-03-18,12,10.0
886,2,2024-03-18,19,10.0
887,2,2024-03-19,12,9.98
888,2,2024-03-19,19,10.0
889,2,2024-03-20,12,9.75
890,2,2024-03-20,19,9.17
891,2,2024-03-21,12,10.0
892,2,2024-03-21,19,10.0
893,2,2024-03-22,12,10.0
894,2,2024-03-22,19,10.0
895,2,2024-03-23,12,8.89
896,2,2024-03-23,19,6.61
897,2,2024-03-24,12,6.7
898,2,2024-03-24,19,7.58
899,2,2024-03-25,12,9.74
900,2,2024-03-25,19,10.0
901,2,2024-03-26,12,10.0
902,2,2024-03-26,19,10.0
903,2,2024-03-27,12,10.0
904,2,2024-03-27,19,7.94
905,2,2024-03-28,12,10.0
906,2,2024-03-28,19,9.82
907,2,2024-03-29,12,9.13
908,2,2024-03-29,19,10.0
909,2,2024-03-30,12,6.26
910,2,2024-03-30,19,7.11
911,2,2024-03-31,12,9.94
912,2,2024-03-31,19,7.32
913,2,2024-04-01,12,8.33
914,2,2024-04-01,19,9.72
915,2,2024-04-02,12,9.9
916,2,2024-04-02,19,10.0
917,2,2024-04-03,12,10.0
918,2,2024-04-03,19,10.0
919,2,2024-04-04,12,10.0
920,2,2024-04-04,19,10.0
921,2,2024-04-05,12,9.07
922,2,2024-04-05,19,8.56
923,2,2024-04-06,12,7.7
924,2,2024-04-06,19,9.43
925,2,2024-04-07,12,7.49
926,2,2024-04-07,19,6.71
927,2,2024-04-08,12,10.0
928,2,2024-04-08,19,10.0
929,2,2024-04-09,12,10.0
930,2,2024-04-09,19,9.97
931,2,2024-04-10,12,10.0
932,2,2024-04-10,19,8.88
933,2,2024-04-11,12,8.39
934,2,2024-04-11,19,7.6
935,2,2024-04-12,12,10.0
936,2,2024-04-12,19,9.25
937,2,2024-04-13,12,7.4
938,2,2024-04-13,19,8.03
939,2,2024-04-14,12,6.92
940,2,2024-04-14,19,7.62
941,2,2024-04-15,12,9.31
942,2,2024-04-15,19,9.24
943,2,2024-04-16,12,10.0
944,2,2024-04-16,19,9.03
945,2,2024-04-17,12,10.0
946,2,2024-04-17,19,9.83
947,2,2024-04-18,12,10.0
948,2,2024-04-18,19,9.6
949,2,2024-04-19,12,9.47
950,2,2024-04-19,19,9.9
951,2,2024-04-20,12,6.42
952,2,2024-04-20,19,6.23
953,2,2024-04-21,12,6.52
954,2,2024-04-21,19,9.35
955,2,2024-04-22,12,9.23
956,2,2024-04-22,19,10.0
957,2,2024-04-23,12,9.6
958,2,2024-04-23,19,8.09
959,2,2024-04-24,12,9.83
960,2,2024-04-24,19,10.0
961,2,2024-04-25,12,9.5
962,2,2024-04-25,19,10.0
963,2,2024-04-26,12,8.49
964,2,2024-04-26,19,8.9
965,2,2024-04-27,12,6.64
966,2,2024-04-27,19,8.37
967,2,2024-04-28,12,7.83
968,2,2024-04-28,19,7.59
969,2,2024-04-29,12,10.0
970,2,2024-04-29,19,10.0
971,2,2024-04-30,12,10.0
972,2,2024-04-30,19,8.02
973,2,2024-05-01,12,8.5
974,2,2024-05-01,19,8.36
975,2,2024-05-02,12,9.52
976,2,2024-05-02,19,10.0
977,2,2024-05-03,12,9.71
978,2,2024-05-03,19,9.35
979,2,2024-05-04,12,7.05
980,2,2024-05-04,19,7.08
981,2,2024-05-05,12,7.09
982,2,2024-05-05,19,8.11
983,2,2024-05-06,12,9.98
984,2,2024-05-06,19,8.29
985,2,2024-05-07,12,10.0
986,2,2024-05-07,19,8.55
987,2,2024-05-08,12,10.0
988,2,2024-05-08,19,9.91
989,2,2024-05-09,12,8.61
990,2,2024-05-09,19,10.0
991,2,2024-05-10,12,10.0
992,2,2024-05-10,19,8.74
993,2,2024-05-11,12,5.57
994,2,2024-05-11,19,6.96
995,2,2024-05-12,12,6.76
996,2,2024-05-12,19,7.97
997,2,2024-05-13,12,9.55
998,2,2024-05-13,19,9.99
999,2,2024-05-14,12,9.29
1000,2,2024-05-14,19,9.89
1001,2,2024-05-15,12,8.7
1002,2,2024-05-15,19,9.65
1003,2,2024-05-16,12,9.52
1004,2,2024-05-16,19,10.0
1005,2,2024-05-17,12,10.0
1006,2,2024-05-17,19,9.8
1007,2,2024-05-18,12,8.52
1008,2,2024-05-18,19,4.86
1009,2,2024-05-19,12,6.67
1010,2,2024-05-19,19,6.6
1011,2,2024-05-20,12,7.53
1012,2,2024-05-20,19,8.58
1013,2,2024-05-21,12,9.89
1014,2,2024-05-21,19,8.67
1015,2,2024-05-22,12,10.0
1016,2,2024-05-22,19,8.84
1017,2,2024-05-23,12,10.0
1018,2,2024-05-23,19,9.34
1019,2,2024-05-24,12,10.0
1020,2,2024-05-24,19,10.0
1021,2,2024-05-25,12,6.46
1022,2,2024-05-25,19,7.53
1023,2,2024-05-26,12,5.59
1024,2,2024-05-26,19,7.22
1025,2,2024-05-27,12,10.0
1026,2,2024-05-27,19,9.25
1027,2,2024-05-28,12,10.0
1028,2,2024-05-28,19,10.0
1029,2,2024-05-29,12,9.45
1030,2,2024-05-29,19,10.0
1031,2,2024-05-30,12,10.0
1032,2,2024-05-30,19,8.13
1033,2,2024-05-31,12,10.0
1034,2,2024-05-31,19,8.46
1035,2,2024-06-01,12,6.22
1036,2,2024-06-01,19,8.49
1037,2,2024-06-02,12,6.76
1038,2,2024-06-02,19,8.3
1039,2,2024-06-03,12,9.34
1040,2,2024-06-03,19,9.79
1041,2,2024-06-04,12,10.0
1042,2,2024-06-04,19,10.0
1043,2,2024-06-05,12,9.93
1044,2,2024-06-05,19,10.0
1045,2,2024-06-06,12,7.79
1046,2,2024-06-06,19,10.0
1047,2,2024-06-07,12,9.2
1048,2,2024-06-07,19,10.0
1049,2,2024-06-08,12,6.93
1050,2,2024-06-08,19,6.93
1051,2,2024-06-09,12,5.87
1052,2,2024-06-09,19,7.16
1053,2,2024-06-10,12,10.0
1054,2,2024-06-10,19,8.82
1055,2,2024-06-11,12,9.22
1056,2,2024-06-11,19,10.0
1057,2,2024-06-12,12,9.85
1058,2,2024-06-12,19,9.54
1059,2,2024-06-13,12,8.15
1060,2,2024-06-13,19,9.76
1061,2,2024-06-14,12,9.73
1062,2,2024-06-14,19,10.0
1063,2,2024-06-15,12,6.76
1064,2,2024-06-15,19,6.49
1065,2,2024-06-16,12,7.54
1066,2,2024-06-16,19,7.91
1067,2,2024-06-17,12,10.0
1068,2,2024-06-17,19,9.16
1069,2,2024-06-18,12,10.0
1070,2,2024-06-18,19,9.12
1071,2,2024-06-19,12,10.0
1072,2,2024-06-19,19,9.87
1073,2,2024-06-20,12,9.85
1074,2,2024-06-20,19,10.0
1075,2,2024-06-21,12,10.0
1076,2,2024-06-21,19,8.95
1077,2,2024-06-22,12,6.6
1078,2,2024-06-22,19,6.97
1079,2,2024-06-23,12,7.65
1080,2,2024-06-23,19,7.95
1081,2,2024-06-24,12,8.09
1082,2,2024-06-24,19,10.0
1083,2,2024-06-25,12,9.48
1084,2,2024-06-25,19,9.65
1085,2,2024-06-26,12,10.0
1086,2,2024-06-26,19,9.74
1087,2,2024-06-27,12,8.8
1088,2,2024-06-27,19,10.0
1089,2,2024-06-28,12,10.0
1090,2,2024-06-28,19,9.28
1091,2,2024-06-29,12,7.01
1092,2,2024-06-29,19,8.87
1093,2,2024-06-30,12,8.09
1094,2,2024-06-30,19,7.35
1095,2,2024-07-01,12,9.37
1096,2,2024-07-01,19,10.0
1097,2,2024-07-02,12,10.0
1098,2,2024-07-02,19,10.0
1099,2,2024-07-03,12,7.96
1100,2,2024-07-03,19,10.0
1101,2,2024-07-04,12,9.62
1102,2,2024-07-04,19,10.0
1103,2,2024-07-05,12,10.0
1104,2,2024-07-05,19,9.91
1105,2,2024-07-06,12,6.25
1106,2,2024-07-06,19,7.97
1107,2,2024-07-07,12,8.01
1108,2,2024-07-07,19,6.58
1109,2,2024-07-08,12,10.0
1110,2,2024-07-08,19,8.81
1111,2,2024-07-09,12,10.0
1112,2,2024-07-09,19,10.0
1113,2,2024-07-10,12,10.0
1114,2,2024-07-10,19,9.68
1115,2,2024-07-11,12,9.21
1116,2,2024-07-11,19,10.0
1117,2,2024-07-12,12,10.0
1118,2,2024-07-12,19,8.96
1119,2,2024-07-13,12,8.24
1120,2,2024-07-13,19,6.79
1121,2,2024-07-14,12,8.01
1122,2,2024-07-14,19,6.37
1123,2,2024-07-15,12,8.34
1124,2,2024-07-15,19,10.0
1125,2,2024-07-16,12,10.0
1126,2,2024-07-16,19,10.0
1127,2,2024-07-17,12,9.28
1128,2,2024-07-17,19,10.0
1129,2,2024-07-18,12,9.16
1130,2,2024-07-18,19,6.29
1131,2,2024-07-19,12,9.54
1132,2,2024-07-19,19,10.0
1133,2,2024-07-20,12,7.95
1134,2,2024-07-20,19,7.48
1135,2,2024-07-21,12,6.87
1136,2,2024-07-21,19,8.37
1137,2,2024-07-22,12,8.58
1138,2,2024-07-22,19,8.4
1139,2,2024-07-23,12,8.71
1140,2,2024-07-23,19,10.0
1141,2,2024-07-24,12,9.06
1142,2,2024-07-24,19,9.12
1143,2,2024-07-25,12,9.98
1144,2,2024-07-25,19,9.95
1145,2,2024-07-26,12,7.42
1146,2,2024-07-26,19,9.19
1147,2,2024-07-27,12,6.9
1148,2,2024-07-27,19,5.08
1149,2,2024-07-28,12,5.66
1150,2,2024-07-28,19,6.92
1151,2,2024-07-29,12,8.11
1152,2,2024-07-29,19,10.0
1153,2,2024-07-30,12,9.95
1154,2,2024-07-30,19,10.0
1155,2,2024-07-31,12,10.0
1156,2,2024-07-31,19,10.0
1157,2,2024-08-01,12,9.76
1158,2,2024-08-01,19,8.75
1159,2,2024-08-02,12,10.0
1160,2,2024-08-02,19,9.72
1161,2,2024-08-03,12,5.83
1162,2,2024-08-03,19,6.65
1163,2,2024-08-04,12,8.27
1164,2,2024-08-04,19,6.42
1165,2,2024-08-05,12,9.13
1166,2,2024-08-05,19,10.0
1167,2,2024-08-06,12,9.14
1168,2,2024-08-06,19,9.6
1169,2,2024-08-07,12,10.0
1170,2,2024-08-07,19,9.72
1171,2,2024-08-08,12,8.48
1172,2,2024-08-08,19,10.0
1173,2,2024-08-09,12,9.18
1174,2,2024-08-09,19,10.0
1175,2,2024-08-10,12,6.79
1176,2,2024-08-10,19,7.75
1177,2,2024-08-11,12,7.85
1178,2,2024-08-11,19,6.03
1179,2,2024-08-12,12,10.0
1180,2,2024-08-12,19,8.37
1181,2,2024-08-13,12,10.0
1182,2,2024-08-13,19,10.0
1183,2,2024-08-14,12,10.0
1184,2,2024-08-14,19,9.49
1185,2,2024-08-15,12,10.0
1186,2,2024-08-15,19,9.29
1187,2,2024-08-16,12,8.76
1188,2,2024-08-16,19,7.77
1189,2,2024-08-17,12,8.45
1190,2,2024-08-17,19,9.35
1191,2,2024-08-18,12,6.31
1192,2,2024-08-18,19,6.69
1193,2,2024-08-19,12,9.63
1194,2,2024-08-19,19,9.13
1195,2,2024-08-20,12,10.0
1196,2,2024-08-20,19,9.79
1197,2,2024-08-21,12,10.0
1198,2,2024-08-21,19,9.39
1199,2,2024-08-22,12,9.63
1200,2,2024-08-22,19,8.91
1201,2,2024-08-23,12,9.95
1202,2,2024-08-23,19,8.63
1203,2,2024-08-24,12,5.84
1204,2,2024-08-24,19,6.75
1205,2,2024-08-25,12,8.29
1206,2,2024-08-25,19,5.1
1207,2,2024-08-26,12,10.0
1208,2,2024-08-26,19,10.0
1209,2,2024-08-27,12,9.43
1210,2,2024-08-27,19,8.42
1211,2,2024-08-28,12,10.0
1212,2,2024-08-28,19,9.79
1213,2,2024-08-29,12,10.0
1214,2,2024-08-29,19,10.0
1215,2,2024-08-30,12,8.83
1216,2,2024-08-30,19,10.0
1217,2,2024-08-31,12,7.7
1218,2,2024-08-31,19,5.84
1219,2,2024-09-01,12,7.13
1220,2,2024-09-01,19,7.27
1221,2,2024-09-02,12,10.0
1222,2,2024-09-02,19,9.64
1223,2,2024-09-03,12,9.14
1224,2,2024-09-03,19,9.55
1225,2,2024-09-04,12,7.85
1226,2,2024-09-04,19,10.0
1227,2,2024-09-05,12,10.0
1228,2,2024-09-05,19,8.7
1229,2,2024-09-06,12,8.77
1230,2,2024-09-06,19,10.0
1231,2,2024-09-07,12,6.55
1232,2,2024-09-07,19,7.44
1233,2,2024-09-08,12,7.43
1234,2,2024-09-08,19,7.25
1235,2,2024-09-09,12,9.63
1236,2,2024-09-09,19,8.24
1237,2,2024-09-10,12,9.72
1238,2,2024-09-10,19,9.13
1239,2,2024-09-11,12,10.0
1240,2,2024-09-11,19,9.42
1241,2,2024-09-12,12,8.74
1242,2,2024-09-12,19,8.76
1243,2,2024-09-13,12,9.12
1244,2,2024-09-13,19,8.03
1245,2,2024-09-14,12,8.65
1246,2,2024-09-14,19,7.38
1247,2,2024-09-15,12,7.41
1248,2,2024-09-15,19,8.96
1249,2,2024-09-16,12,10.0
1250,2,2024-09-16,19,9.96
1251,2,2024-09-17,12,8.77
1252,2,2024-09-17,19,10.0
1253,2,2024-09-18,12,10.0
1254,2,2024-09-18,19,9.5
1255,2,2024-09-19,12,10.0
1256,2,2024-09-19,19,10.0
1257,2,2024-09-20,12,10.0
1258,2,2024-09-20,19,10.0
1259,2,2024-09-21,12,7.89
1260,2,2024-09-21,19,7.86
1261,2,2024-09-22,12,6.07
1262,2,2024-09-22,19,6.25
1263,2,2024-09-23,12,9.62
1264,2,2024-09-23,19,9.87
1265,2,2024-09-24,12,8.88
1266,2,2024-09-24,19,10.0
1267,2,2024-09-25,12,9.03
1268,2,2024-09-25,19,9.23
1269,2,2024-09-26,12,9.36
1270,2,2024-09-26,19,10.0
1271,2,2024-09-27,12,7.34
1272,2,2024-09-27,19,10.0
1273,2,2024-09-28,12,6.75
1274,2,2024-09-28,19,6.45
1275,2,2024-09-29,12,7.25
1276,2,2024-09-29,19,5.71
1277,2,2024-09-30,12,10.0
1278,2,2024-09-30,19,10.0
1279,2,2024-10-01,12,9.42
1280,2,2024-10-01,19,10.0
1281,2,2024-10-02,12,10.0
1282,2,2024-10-02,19,9.63
1283,2,2024-10-03,12,9.15
1284,2,2024-10-03,19,10.0
1285,2,2024-10-04,12,8.6
1286,2,2024-10-04,19,8.73
1287,2,2024-10-05,12,7.15
1288,2,2024-10-05,19,7.36
1289,2,2024-10-06,12,6.58
1290,2,2024-10-06,19,7.95
1291,2,2024-10-07,12,10.0
1292,2,2024-10-07,19,8.98
1293,2,2024-10-08,12,10.0
1294,2,2024-10-08,19,10.0
1295,2,2024-10-09,12,8.53
1296,2,2024-10-09,19,9.8
1297,2,2024-10-10,12,10.0
1298,2,2024-10-10,19,10.0
1299,2,2024-10-11,12,9.72
1300,2,2024-10-11,19,9.14
1301,2,2024-10-12,12,6.69
1302,2,2024-10-12,19,5.43
1303,2,2024-10-13,12,6.7
1304,2,2024-10-13,19,8.41
1305,2,2024-10-14,12,8.14
1306,2,2024-10-14,19,10.0
1307,2,2024-10-15,12,10.0
1308,2,2024-10-15,19,8.62
1309,2,2024-10-16,12,9.51
1310,2,2024-10-16,19,10.0
1311,2,2024-10-17,12,10.0
1312,2,2024-10-17,19,9.43
1313,2,2024-10-18,12,9.02
1314,2,2024-10-18,19,8.3
1315,2,2024-10-19,12,8.39
1316,2,2024-10-19,19,6.19
1317,2,2024-10-20,12,6.61
1318,2,2024-10-20,19,7.12
1319,2,2024-10-21,12,9.63
1320,2,2024-10-21,19,8.12
1321,2,2024-10-22,12,10.0
1322,2,2024-10-22,19,9.88
1323,2,2024-10-23,12,10.0
1324,2,2024-10-23,19,8.74
1325,2,2024-10-24,12,10.0
1326,2,2024-10-24,19,9.54
1327,2,2024-10-25,12,8.72
1328,2,2024-10-25,19,10.0
1329,2,2024-10-26,12,5.45
1330,2,2024-10-26,19,9.12
1331,2,2024-10-27,12,9.42
1332,2,2024-10-27,19,6.99
1333,2,2024-10-28,12,9.46
1334,2,2024-10-28,19,9.15
1335,2,2024-10-29,12,10.0
1336,2,2024-10-29,19,9.47
1337,2,2024-10-30,12,10.0
1338,2,2024-10-30,19,9.94
1339,2,2024-10-31,12,9.09
1340,2,2024-10-31,19,9.14
1341,2,2024-11-01,12,9.52
1342,2,2024-11-01,19,10.0
1343,2,2024-11-02,12,6.65
1344,2,2024-11-02,19,7.29
1345,2,2024-11-03,12,6.76
1346,2,2024-11-03,19,7.41
1347,2,2024-11-04,12,9.79
1348,2,2024-11-04,19,10.0
1349,2,2024-11-05,12,9.19
1350,2,2024-11-05,19,9.78
1351,2,2024-11-06,12,9.79
1352,2,2024-11-06,19,9.38
1353,2,2024-11-07,12,9.71
1354,2,2024-11-07,19,10.0
1355,2,2024-11-08,12,10.0
1356,2,2024-11-08,19,10.0
1357,2,2024-11-09,12,7.24
1358,2,2024-11-09,19,6.25
1359,2,2024-11-10,12,6.5
1360,2,2024-11-10,19,6.64
1361,2,2024-11-11,12,9.89
1362,2,2024-11-11,19,8.4
1363,2,2024-11-12,12,8.81
1364,2,2024-11-12,19,10.0
1365,2,2024-11-13,12,9.77
1366,2,2024-11-13,19,10.0
1367,2,2024-11-14,12,9.25
1368,2,2024-11-14,19,10.0
1369,2,2024-11-15,12,10.0
1370,2,2024-11-15,19,10.0
1371,2,2024-11-16,12,9.2
1372,2,2024-11-16,19,7.05
1373,2,2024-11-17,12,7.84
1374,2,2024-11-17,19,7.94
1375,2,2024-11-18,12,10.0
1376,2,2024-11-18,19,10.0
1377,2,2024-11-19,12,9.34
1378,2,2024-11-19,19,10.0
1379,2,2024-11-20,12,9.63
1380,2,2024-11-20,19,10.0
1381,2,2024-11-21,12,8.91
1382,2,2024-11-21,19,10.0
1383,2,2024-11-22,12,8.47
1384,2,2024-11-22,19,10.0
1385,2,2024-11-23,12,7.62
1386,2,2024-11-23,19,7.71
1387,2,2024-11-24,12,7.62
1388,2,2024-11-24,19,6.44
1389,2,2024-11-25,12,8.89
1390,2,2024-11-25,19,9.59
1391,2,2024-11-26,12,8.77
1392,2,2024-11-26,19,9.62
1393,2,2024-11-27,12,8.62
1394,2,2024-11-27,19,9.89
1395,2,2024-11-28,12,9.8
1396,2,2024-11-28,19,10.0
1397,2,2024-11-29,12,10.0
1398,2,2024-11-29,19,8.66
1399,2,2024-11-30,12,7.33
1400,2,2024-11-30,19,8.92
1401,2,2024-12-01,12,7.06
1402,2,2024-12-01,19,7.87
1403,2,2024-12-02,12,8.27
1404,2,2024-12-02,19,9.59
1405,2,2024-12-03,12,8.04
1406,2,2024-12-03,19,10.0
1407,2,2024-12-04,12,9.23
1408,2,2024-12-04,19,9.82
1409,2,2024-12-05,12,7.76
1410,2,2024-12-05,19,9.3
1411,2,2024-12-06,12,9.76
1412,2,2024-12-06,19,8.9
1413,2,2024-12-07,12,8.44
1414,2,2024-12-07,19,6.47
1415,2,2024-12-08,12,8.67
1416,2,2024-12-08,19,7.17
1417,2,2024-12-09,12,10.0
1418,2,2024-12-09,19,10.0
1419,2,2024-12-10,12,9.62
1420,2,2024-12-10,19,9.78
1421,2,2024-12-11,12,7.61
1422,2,2024-12-11,19,10.0
1423,2,2024-12-12,12,6.89
1424,2,2024-12-12,19,10.0
1425,2,2024-12-13,12,9.29
1426,2,2024-12-13,19,10.0
1427,2,2024-12-14,12,7.65
1428,2,2024-12-14,19,5.71
1429,2,2024-12-15,12,6.71
1430,2,2024-12-15,19,7.25
1431,2,2024-12-16,12,9.55
1432,2,2024-12-16,19,9.71
1433,2,2024-12-17,12,8.56
1434,2,2024-12-17,19,9.59
1435,2,2024-12-18,12,10.0
1436,2,2024-12-18,19,9.8
1437,2,2024-12-19,12,9.66
1438,2,2024-12-19,19,10.0
1439,2,2024-12-20,12,9.19
1440,2,2024-12-20,19,10.0
1441,2,2024-12-21,12,6.32
1442,2,2024-12-21,19,7.59
1443,2,2024-12-22,12,6.32
1444,2,2024-12-22,19,6.85
1445,2,2024-12-23,12,10.0
1446,2,2024-12-23,19,9.43
1447,2,2024-12-24,12,9.85
1448,2,2024-12-24,19,8.55
1449,2,2024-12-25,12,10.0
1450,2,2024-12-25,19,9.4
1451,2,2024-12-26,12,9.58
1452,2,2024-12-26,19,10.0
1453,2,2024-12-27,12,9.29
1454,2,2024-12-27,19,9.22
1455,2,2024-12-28,12,8.49
1456,2,2024-12-28,19,7.22
1457,2,2024-12-29,12,8.18
1458,2,2024-12-29,19,6.97
1459,2,2024-12-30,12,8.83
1460,2,2024-12-30,19,9.99
1461,3,2024-01-01,12,10.0
1462,3,2024-01-01,19,10.0
1463,3,2024-01-02,12,10.0
1464,3,2024-01-02,19,9.41
1465,3,2024-01-03,12,10.0
1466,3,2024-01-03,19,10.0
1467,3,2024-01-04,12,9.94
1468,3,2024-01-04,19,10.0
1469,3,2024-01-05,12,10.0
1470,3,2024-01-05,19,9.56
1471,3,2024-01-06,12,9.74
1472,3,2024-01-06,19,6.5
1473,3,2024-01-07,12,8.01
1474,3,2024-01-07,19,5.79
1475,3,2024-01-08,12,10.0
1476,3,2024-01-08,19,10.0
1477,3,2024-01-09,12,10.0
1478,3,2024-01-09,19,10.0
1479,3,2024-01-10,12,10.0
1480,3,2024-01-10,19,9.74
1481,3,2024-01-11,12,10.0
1482,3,2024-01-11,19,9.67
1483,3,2024-01-12,12,9.66
1484,3,2024-01-12,19,9.42
1485,3,2024-01-13,12,7.77
1486,3,2024-01-13,19,7.35
1487,3,2024-01-14,12,7.57
1488,3,2024-01-14,19,7.27
1489,3,2024-01-15,12,10.0
1490,3,2024-01-15,19,10.0
1491,3,2024-01-16,12,9.74
1492,3,2024-01-16,19,10.0
1493,3,2024-01-17,12,10.0
1494,3,2024-01-17,19,10.0
1495,3,2024-01-18,12,9.53
1496,3,2024-01-18,19,8.58
1497,3,2024-01-19,12,10.0
1498,3,2024-01-19,19,10.0
1499,3,2024-01-20,12,8.28
1500,3,2024-01-20,19,7.27
1501,3,2024-01-21,12,5.63
1502,3,2024-01-21,19,9.42
1503,3,2024-01-22,12,10.0
1504,3,2024-01-22,19,10.0
1505,3,2024-01-23,12,10.0
1506,3,2024-01-23,19,10.0
1507,3,2024-01-24,12,10.0
1508,3,2024-01-24,19,9.52
1509,3,2024-01-25,12,9.23
1510,3,2024-01-25,19,10.0
1511,3,2024-01-26,12,9.79
1512,3,2024-01-26,19,10.0
1513,3,2024-01-27,12,9.07
1514,3,2024-01-27,19,6.66
1515,3,2024-01-28,12,7.72
1516,3,2024-01-28,19,7.62
1517,3,2024-01-29,12,8.48
1518,3,2024-01-29,19,10.0
1519,3,2024-01-30,12,10.0
1520,3,2024-01-30,19,10.0
1521,3,2024-01-31,12,9.96
1522,3,2024-01-31,19,10.0
1523,3,2024-02-01,12,10.0
1524,3,2024-02-01,19,8.54
1525,3,2024-02-02,12,9.49
1526,3,2024-02-02,19,9.62
1527,3,2024-02-03,12,7.15
1528,3,2024-02-03,19,7.53
1529,3,2024-02-04,12,6.86
1530,3,2024-02-04,19,8.75
1531,3,2024-02-05,12,10.0
1532,3,2024-02-05,19,10.0
1533,3,2024-02-06,12,10.0
1534,3,2024-02-06,19,10.0
1535,3,2024-02-07,12,10.0
1536,3,2024-02-07,19,10.0
1537,3,2024-02-08,12,8.13
1538,3,2024-02-08,19,8.56
1539,3,2024-02-09,12,9.31
1540,3,2024-02-09,19,10.0
1541,3,2024-02-10,12,8.77
1542,3,2024-02-10,19,7.15
1543,3,2024-02-11,12,8.8
1544,3,2024-02-11,19,6.59
1545,3,2024-02-12,12,10.0
1546,3,2024-02-12,19,9.68
1547,3,2024-02-13,12,10.0
1548,3,2024-02-13,19,9.88
1549,3,2024-02-14,12,10.0
1550,3,2024-02-14,19,10.0
1551,3,2024-02-15,12,10.0
1552,3,2024-02-15,19,8.93
1553,3,2024-02-16,12,9.46
1554,3,2024-02-16,19,10.0
1555,3,2024-02-17,12,7.43
1556,3,2024-02-17,19,6.68
1557,3,2024-02-18,12,5.58
1558,3,2024-02-18,19,8.45
1559,3,2024-02-19,12,9.48
1560,3,2024-02-19,19,10.0
1561,3,2024-02-20,12,10.0
1562,3,2024-02-20,19,8.31
1563,3,2024-02-21,12,9.06
1564,3,2024-02-21,19,8.43
1565,3,2024-02-22,12,9.07
1566,3,2024-02-22,19,9.05
1567,3,2024-02-23,12,10.0
1568,3,2024-02-23,19,10.0
1569,3,2024-02-24,12,5.51
1570,3,2024-02-24,19,6.89
1571,3,2024-02-25,12,7.62
1572,3,2024-02-25,19,5.97
1573,3,2024-02-26,12,8.94
1574,3,2024-02-26,19,10.0
1575,3,2024-02-27,12,10.0
1576,3,2024-02-27,19,9.67
1577,3,2024-02-28,12,9.09
1578,3,2024-02-28,19,10.0
1579,3,2024-02-29,12,9.43
1580,3,2024-02-29,19,8.87
1581,3,2024-03-01,12,10.0
1582,3,2024-03-01,19,9.2
1583,3,2024-03-02,12,7.94
1584,3,2024-03-02,19,7.27
1585,3,2024-03-03,12,8.66
1586,3,2024-03-03,19,8.16
1587,3,2024-03-04,12,9.16
1588,3,2024-03-04,19,10.0
1589,3,2024-03-05,12,9.0
1590,3,2024-03-05,19,9.24
1591,3,2024-03-06,12,9.36
1592,3,2024-03-06,19,9.81
1593,3,2024-03-07,12,9.45
1594,3,2024-03-07,19,9.96
1595,3,2024-03-08,12,10.0
1596,3,2024-03-08,19,10.0
1597,3,2024-03-09,12,6.25
1598,3,2024-03-09,19,6.87
1599,3,2024-03-10,12,7.03
1600,3,2024-03-10,19,9.34
1601,3,2024-03-11,12,10.0
1602,3,2024-03-11,19,10.0
1603,3,2024-03-12,12,10.0
1604,3,2024-03-12,19,9.58
1605,3,2024-03-13,12,10.0
1606,3,2024-03-13,19,10.0
1607,3,2024-03-14,12,10.0
1608,3,2024-03-14,19,9.38
1609,3,2024-03-15,12,9.54
1610,3,2024-03-15,19,9.57
1611,3,2024-03-16,12,8.66
1612,3,2024-03-16,19,6.28
1613,3,2024-03-17,12,7.8
1614,3,2024-03-17,19,5.55
1615,3,2024-03-18,12,10.0
1616,3,2024-03-18,19,10.0
1617,3,2024-03-19,12,10.0
1618,3,2024-03-19,19,10.0
1619,3,2024-03-20,12,9.23
1620,3,2024-03-20,19,9.19
1621,3,2024-03-21,12,9.3
1622,3,2024-03-21,19,10.0
1623,3,2024-03-22,12,10.0
1624,3,2024-03-22,19,10.0
1625,3,2024-03-23,12,7.32
1626,3,2024-03-23,19,8.4
1627,3,2024-03-24,12,7.11
1628,3,2024-03-24,19,8.3
1629,3,2024-03-25,12,9.72
1630,3,2024-03-25,19,10.0
1631,3,2024-03-26,12,8.1
1632,3,2024-03-26,19,10.0
1633,3,2024-03-27,12,10.0
1634,3,2024-03-27,19,10.0
1635,3,2024-03-28,12,9.35
1636,3,2024-03-28,19,9.9
1637,3,2024-03-29,12,9.18
1638,3,2024-03-29,19,9.99
1639,3,2024-03-30,12,8.91
1640,3,2024-03-30,19,6.54
1641,3,2024-03-31,12,9.15
1642,3,2024-03-31,19,8.77
1643,3,2024-04-01,12,9.21
1644,3,2024-04-01,19,10.0
1645,3,2024-04-02,12,8.25
1646,3,2024-04-02,19,10.0
1647,3,2024-04-03,12,10.0
1648,3,2024-04-03,19,10.0
1649,3,2024-04-04,12,10.0
1650,3,2024-04-04,19,10.0
1651,3,2024-04-05,12,10.0
1652,3,2024-04-05,19,10.0
1653,3,2024-04-06,12,7.84
1654,3,2024-04-06,19,8.54
1655,3,2024-04-07,12,8.61
1656,3,2024-04-07,19,8.42
1657,3,2024-04-08,12,10.0
1658,3,2024-04-08,19,8.37
1659,3,2024-04-09,12,10.0
1660,3,2024-04-09,19,9.7
1661,3,2024-04-10,12,9.95
1662,3,2024-04-10,19,10.0
1663,3,2024-04-11,12,9.58
1664,3,2024-04-11,19,9.46
1665,3,2024-04-12,12,8.73
1666,3,2024-04-12,19,10.0
1667,3,2024-04-13,12,8.26
1668,3,2024-04-13,19,7.49
1669,3,2024-04-14,12,7.34
1670,3,2024-04-14,19,9.1
1671,3,2024-04-15,12,10.0
1672,3,2024-04-15,19,9.8
1673,3,2024-04-16,12,9.0
1674,3,2024-04-16,19,10.0
1675,3,2024-04-17,12,9.32
1676,3,2024-04-17,19,10.0
1677,3,2024-04-18,12,8.82
1678,3,2024-04-18,19,10.0
1679,3,2024-04-19,12,10.0
1680,3,2024-04-19,19,10.0
1681,3,2024-04-20,12,7.67
1682,3,2024-04-20,19,7.86
1683,3,2024-04-21,12,7.77
1684,3,2024-04-21,19,5.7
1685,3,2024-04-22,12,10.0
1686,3,2024-04-22,19,10.0
1687,3,2024-04-23,12,9.77
1688,3,2024-04-23,19,10.0
1689,3,2024-04-24,12,9.72
1690,3,2024-04-24,19,10.0
1691,3,2024-04-25,12,9.96
1692,3,2024-04-25,19,10.0
1693,3,2024-04-26,12,9.91
1694,3,2024-04-26,19,9.7
1695,3,2024-04-27,12,7.01
1696,3,2024-04-27,19,8.34
1697,3,2024-04-28,12,7.4
1698,3,2024-04-28,19,8.88
1699,3,2024-04-29,12,10.0
1700,3,2024-04-29,19,10.0
1701,3,2024-04-30,12,9.65
1702,3,2024-04-30,19,10.0
1703,3,2024-05-01,12,10.0
1704,3,2024-05-01,19,10.0
1705,3,2024-05-02,12,10.0
1706,3,2024-05-02,19,10.0
1707,3,2024-05-03,12,10.0
1708,3,2024-05-03,19,9.23
1709,3,2024-05-04,12,8.16
1710,3,2024-05-04,19,5.89
1711,3,2024-05-05,12,8.91
1712,3,2024-05-05,19,6.18
1713,3,2024-05-06,12,10.0
1714,3,2024-05-06,19,10.0
1715,3,2024-05-07,12,10.0
1716,3,2024-05-07,19,9.79
1717,3,2024-05-08,12,10.0
1718,3,2024-05-08,19,10.0
1719,3,2024-05-09,12,10.0
1720,3,2024-05-09,19,9.75
1721,3,2024-05-10,12,10.0
1722,3,2024-05-10,19,10.0
1723,3,2024-05-11,12,8.8
1724,3,2024-05-11,19,7.66
1725,3,2024-05-12,12,7.39
1726,3,2024-05-12,19,8.6
1727,3,2024-05-13,12,10.0
1728,3,2024-05-13,19,10.0
1729,3,2024-05-14,12,10.0
1730,3,2024-05-14,19,9.96
1731,3,2024-05-15,12,10.0
1732,3,2024-05-15,19,10.0
1733,3,2024-05-16,12,10.0
1734,3,2024-05-16,19,10.0
1735,3,2024-05-17,12,10.0
1736,3,2024-05-17,19,9.9
1737,3,2024-05-18,12,6.7
1738,3,2024-05-18,19,8.45
1739,3,2024-05-19,12,7.55
1740,3,2024-05-19,19,7.72
1741,3,2024-05-20,12,9.42
1742,3,2024-05-20,19,8.1
1743,3,2024-05-21,12,10.0
1744,3,2024-05-21,19,9.35
1745,3,2024-05-22,12,7.83
1746,3,2024-05-22,19,8.79
1747,3,2024-05-23,12,10.0
1748,3,2024-05-23,19,10.0
1749,3,2024-05-24,12,10.0
1750,3,2024-05-24,19,10.0
1751,3,2024-05-25,12,7.73
1752,3,2024-05-25,19,7.69
1753,3,2024-05-26,12,5.81
1754,3,2024-05-26,19,8.55
1755,3,2024-05-27,12,9.23
1756,3,2024-05-27,19,10.0
1757,3,2024-05-28,12,9.38
1758,3,2024-05-28,19,8.8
1759,3,2024-05-29,12,9.07
1760,3,2024-05-29,19,10.0
1761,3,2024-05-30,12,9.59
1762,3,2024-05-30,19,9.94
1763,3,2024-05-31,12,8.64
1764,3,2024-05-31,19,10.0
1765,3,2024-06-01,12,6.76
1766,3,2024-06-01,19,7.09
1767,3,2024-06-02,12,8.92
1768,3,2024-06-02,19,7.73
1769,3,2024-06-03,12,10.0
1770,3,2024-06-03,19,10.0
1771,3,2024-06-04,12,10.0
1772,3,2024-06-04,19,10.0
1773,3,2024-06-05,12,9.07
1774,3,2024-06-05,19,10.0
1775,3,2024-06-06,12,10.0
1776,3,2024-06-06,19,9.8
1777,3,2024-06-07,12,8.52
1778,3,2024-06-07,19,10.0
1779,3,2024-06-08,12,8.92
1780,3,2024-06-08,19,7.75
1781,3,2024-06-09,12,7.67
1782,3,2024-06-09,19,8.95
1783,3,2024-06-10,12,10.0
1784,3,2024-06-10,19,10.0
1785,3,2024-06-11,12,7.04
1786,3,2024-06-11,19,8.77
1787,3,2024-06-12,12,8.92
1788,3,2024-06-12,19,10.0
1789,3,2024-06-13,12,8.51
1790,3,2024-06-13,19,9.82
1791,3,2024-06-14,12,9.91
1792,3,2024-06-14,19,10.0
1793,3,2024-06-15,12,8.31
1794,3,2024-06-15,19,7.83
1795,3,2024-06-16,12,7.01
1796,3,2024-06-16,19,6.02
1797,3,2024-06-17,12,10.0
1798,3,2024-06-17,19,10.0
1799,3,2024-06-18,12,8.32
1800,3,2024-06-18,19,9.65
1801,3,2024-06-19,12,10.0
1802,3,2024-06-19,19,10.0
1803,3,2024-06-20,12,10.0
1804,3,2024-06-20,19,10.0
1805,3,2024-06-21,12,10.0
1806,3,2024-06-21,19,10.0
1807,3,2024-06-22,12,8.17
1808,3,2024-06-22,19,6.75
1809,3,2024-06-23,12,7.97
1810,3,2024-06-23,19,8.13
1811,3,2024-06-24,12,10.0
1812,3,2024-06-24,19,10.0
1813,3,2024-06-25,12,9.1
1814,3,2024-06-25,19,10.0
1815,3,2024-06-26,12,9.55
1816,3,2024-06-26,19,10.0
1817,3,2024-06-27,12,10.0
1818,3,2024-06-27,19,10.0
1819,3,2024-06-28,12,9.96
1820,3,2024-06-28,19,10.0
1821,3,2024-06-29,12,7.22
1822,3,2024-06-29,19,9.52
1823,3,2024-06-30,12,7.96
1824,3,2024-06-30,19,6.72
1825,3,2024-07-01,12,9.82
1826,3,2024-07-01,19,10.0
1827,3,2024-07-02,12,9.78
1828,3,2024-07-02,19,10.0
1829,3,2024-07-03,12,9.34
1830,3,2024-07-03,19,10.0
1831,3,2024-07-04,12,9.91
1832,3,2024-07-04,19,9.2
1833,3,2024-07-05,12,10.0
1834,3,2024-07-05,19,7.86
1835,3,2024-07-06,12,6.73
1836,3,2024-07-06,19,6.6
1837,3,2024-07-07,12,5.74
1838,3,2024-07-07,19,7.63
1839,3,2024-07-08,12,10.0
1840,3,2024-07-08,19,10.0
1841,3,2024-07-09,12,10.0
1842,3,2024-07-09,19,10.0
1843,3,2024-07-10,12,9.57
1844,3,2024-07-10,19,10.0
1845,3,2024-07-11,12,10.0
1846,3,2024-07-11,19,9.42
1847,3,2024-07-12,12,10.0
1848,3,2024-07-12,19,10.0
1849,3,2024-07-13,12,6.22
1850,3,2024-07-13,19,7.97
1851,3,2024-07-14,12,6.65
1852,3,2024-07-14,19,7.83
1853,3,2024-07-15,12,9.2
1854,3,2024-07-15,19,10.0
1855,3,2024-07-16,12,9.92
1856,3,2024-07-16,19,9.12
1857,3,2024-07-17,12,10.0
1858,3,2024-07-17,19,9.52
1859,3,2024-07-18,12,10.0
1860,3,2024-07-18,19,8.46
1861,3,2024-07-19,12,10.0
1862,3,2024-07-19,19,9.85
1863,3,2024-07-20,12,7.6
1864,3,2024-07-20,19,9.55
1865,3,2024-07-21,12,6.09
1866,3,2024-07-21,19,7.78
1867,3,2024-07-22,12,10.0
1868,3,2024-07-22,19,10.0
1869,3,2024-07-23,12,9.92
1870,3,2024-07-23,19,10.0
1871,3,2024-07-24,12,10.0
1872,3,2024-07-24,19,10.0
1873,3,2024-07-25,12,10.0
1874,3,2024-07-25,19,10.0
1875,3,2024-07-26,12,10.0
1876,3,2024-07-26,19,10.0
1877,3,2024-07-27,12,7.59
1878,3,2024-07-27,19,6.94
1879,3,2024-07-28,12,7.58
1880,3,2024-07-28,19,7.79
1881,3,2024-07-29,12,9.73
1882,3,2024-07-29,19,10.0
1883,3,2024-07-30,12,9.18
1884,3,2024-07-30,19,10.0
1885,3,2024-07-31,12,10.0
1886,3,2024-07-31,19,9.82
1887,3,2024-08-01,12,9.86
1888,3,2024-08-01,19,10.0
1889,3,2024-08-02,12,10.0
1890,3,2024-08-02,19,10.0
1891,3,2024-08-03,12,7.73
1892,3,2024-08-03,19,6.98
1893,3,2024-08-04,12,6.57
1894,3,2024-08-04,19,7.32
1895,3,2024-08-05,12,9.99
1896,3,2024-08-05,19,10.0
1897,3,2024-08-06,12,8.73
1898,3,2024-08-06,19,10.0
1899,3,2024-08-07,12,10.0
1900,3,2024-08-07,19,10.0
1901,3,2024-08-08,12,10.0
1902,3,2024-08-08,19,10.0
1903,3,2024-08-09,12,10.0
1904,3,2024-08-09,19,10.0
1905,3,2024-08-10,12,7.13
1906,3,2024-08-10,19,7.07
1907,3,2024-08-11,12,6.41
1908,3,2024-08-11,19,6.96
1909,3,2024-08-12,12,10.0
1910,3,2024-08-12,19,9.82
1911,3,2024-08-13,12,9.55
1912,3,2024-08-13,19,10.0
1913,3,2024-08-14,12,10.0
1914,3,2024-08-14,19,10.0
1915,3,2024-08-15,12,10.0
1916,3,2024-08-15,19,9.86
1917,3,2024-08-16,12,10.0
1918,3,2024-08-16,19,10.0
1919,3,2024-08-17,12,7.68
1920,3,2024-08-17,19,8.58
1921,3,2024-08-18,12,7.79
1922,3,2024-08-18,19,8.91
1923,3,2024-08-19,12,10.0
1924,3,2024-08-19,19,9.92
1925,3,2024-08-20,12,9.61
1926,3,2024-08-20,19,9.42
1927,3,2024-08-21,12,10.0
1928,3,2024-08-21,19,9.33
1929,3,2024-08-22,12,10.0
1930,3,2024-08-22,19,10.0
1931,3,2024-08-23,12,10.0
1932,3,2024-08-23,19,10.0
1933,3,2024-08-24,12,8.04
1934,3,2024-08-24,19,6.8
1935,3,2024-08-25,12,7.47
1936,3,2024-08-25,19,7.66
1937,3,2024-08-26,12,9.77
1938,3,2024-08-26,19,9.98
1939,3,2024-08-27,12,10.0
1940,3,2024-08-27,19,8.6
1941,3,2024-08-28,12,10.0
1942,3,2024-08-28,19,8.91
1943,3,2024-08-29,12,10.0
1944,3,2024-08-29,19,10.0
1945,3,2024-08-30,12,10.0
1946,3,2024-08-30,19,10.0
1947,3,2024-08-31,12,9.21
1948,3,2024-08-31,19,9.91
1949,3,2024-09-01,12,8.15
1950,3,2024-09-01,19,8.83
1951,3,2024-09-02,12,10.0
1952,3,2024-09-02,19,9.33
1953,3,2024-09-03,12,9.76
1954,3,2024-09-03,19,10.0
1955,3,2024-09-04,12,10.0
1956,3,2024-09-04,19,9.79
1957,3,2024-09-05,12,9.6
1958,3,2024-09-05,19,9.89
1959,3,2024-09-06,12,10.0
1960,3,2024-09-06,19,9.85
1961,3,2024-09-07,12,7.62
1962,3,2024-09-07,19,8.12
1963,3,2024-09-08,12,7.32
1964,3,2024-09-08,19,8.34
1965,3,2024-09-09,12,10.0
1966,3,2024-09-09,19,9.17
1967,3,2024-09-10,12,7.53
1968,3,2024-09-10,19,9.74
1969,3,2024-09-11,12,9.36
1970,3,2024-09-11,19,9.57
1971,3,2024-09-12,12,10.0
1972,3,2024-09-12,19,10.0
1973,3,2024-09-13,12,10.0
1974,3,2024-09-13,19,9.27
1975,3,2024-09-14,12,8.65
1976,3,2024-09-14,19,7.71
1977,3,2024-09-15,12,7.87
1978,3,2024-09-15,19,9.47
1979,3,2024-09-16,12,10.0
1980,3,2024-09-16,19,9.9
1981,3,2024-09-17,12,10.0
1982,3,2024-09-17,19,10.0
1983,3,2024-09-18,12,9.92
1984,3,2024-09-18,19,10.0
1985,3,2024-09-19,12,10.0
1986,3,2024-09-19,19,9.9
1987,3,2024-09-20,12,10.0
1988,3,2024-09-20,19,10.0
1989,3,2024-09-21,12,8.14
1990,3,2024-09-21,19,7.2
1991,3,2024-09-22,12,7.83
1992,3,2024-09-22,19,7.66
1993,3,2024-09-23,12,9.14
1994,3,2024-09-23,19,10.0
1995,3,2024-09-24,12,9.65
1996,3,2024-09-24,19,10.0
1997,3,2024-09-25,12,10.0
1998,3,2024-09-25,19,9.71
1999,3,2024-09-26,12,10.0
2000,3,2024-09-26,19,10.0
2001,3,2024-09-27,12,10.0
2002,3,2024-09-27,19,9.84
2003,3,2024-09-28,12,7.07
2004,3,2024-09-28,19,7.73
2005,3,2024-09-29,12,9.35
2006,3,2024-09-29,19,6.2
2007,3,2024-09-30,12,10.0
2008,3,2024-09-30,19,9.48
2009,3,2024-10-01,12,10.0
2010,3,2024-10-01,19,9.18
2011,3,2024-10-02,12,10.0
2012,3,2024-10-02,19,9.69
2013,3,2024-10-03,12,10.0
2014,3,2024-10-03,19,8.95
2015,3,2024-10-04,12,10.0
2016,3,2024-10-04,19,9.87
2017,3,2024-10-05,12,7.17
2018,3,2024-10-05,19,7.17
2019,3,2024-10-06,12,7.1
2020,3,2024-10-06,19,8.31
2021,3,2024-10-07,12,9.43
2022,3,2024-10-07,19,10.0
2023,3,2024-10-08,12,10.0
2024,3,2024-10-08,19,9.67
2025,3,2024-10-09,12,9.41
2026,3,2024-10-09,19,10.0
2027,3,2024-10-10,12,10.0
2028,3,2024-10-10,19,10.0
2029,3,2024-10-11,12,9.89
2030,3,2024-10-11,19,10.0
2031,3,2024-10-12,12,8.29
2032,3,2024-10-12,19,8.19
2033,3,2024-10-13,12,8.59
2034,3,2024-10-13,19,6.96
2035,3,2024-10-14,12,10.0
2036,3,2024-10-14,19,9.93
2037,3,2024-10-15,12,9.83
2038,3,2024-10-15,19,9.95
2039,3,2024-10-16,12,9.87
2040,3,2024-10-16,19,10.0
2041,3,2024-10-17,12,10.0
2042,3,2024-10-17,19,9.35
2043,3,2024-10-18,12,10.0
2044,3,2024-10-18,19,10.0
2045,3,2024-10-19,12,9.21
2046,3,2024-10-19,19,7.04
2047,3,2024-10-20,12,7.13
2048,3,2024-10-20,19,7.95
2049,3,2024-10-21,12,9.69
2050,3,2024-10-21,19,10.0
2051,3,2024-10-22,12,10.0
2052,3,2024-10-22,19,9.08
2053,3,2024-10-23,12,10.0
2054,3,2024-10-23,19,10.0
2055,3,2024-10-24,12,10.0
2056,3,2024-10-24,19,10.0
2057,3,2024-10-25,12,10.0
2058,3,2024-10-25,19,9.39
2059,3,2024-10-26,12,8.11
2060,3,2024-10-26,19,6.75
2061,3,2024-10-27,12,7.84
2062,3,2024-10-27,19,7.18
2063,3,2024-10-28,12,9.94
2064,3,2024-10-28,19,10.0
2065,3,2024-10-29,12,9.03
2066,3,2024-10-29,19,10.0
2067,3,2024-10-30,12,8.19
2068,3,2024-10-30,19,10.0
2069,3,2024-10-31,12,9.22
2070,3,2024-10-31,19,9.45
2071,3,2024-11-01,12,10.0
2072,3,2024-11-01,19,10.0
2073,3,2024-11-02,12,9.12
2074,3,2024-11-02,19,6.87
2075,3,2024-11-03,12,6.31
2076,3,2024-11-03,19,7.18
2077,3,2024-11-04,12,10.0
2078,3,2024-11-04,19,9.23
2079,3,2024-11-05,12,9.7
2080,3,2024-11-05,19,10.0
2081,3,2024-11-06,12,9.22
2082,3,2024-11-06,19,9.08
2083,3,2024-11-07,12,9.64
2084,3,2024-11-07,19,10.0
2085,3,2024-11-08,12,10.0
2086,3,2024-11-08,19,10.0
2087,3,2024-11-09,12,7.76
2088,3,2024-11-09,19,8.52
2089,3,2024-11-10,12,7.98
2090,3,2024-11-10,19,7.84
2091,3,2024-11-11,12,10.0
2092,3,2024-11-11,19,10.0
2093,3,2024-11-12,12,9.47
2094,3,2024-11-12,19,8.46
2095,3,2024-11-13,12,9.77
2096,3,2024-11-13,19,10.0
2097,3,2024-11-14,12,9.96
2098,3,2024-11-14,19,10.0
2099,3,2024-11-15,12,8.58
2100,3,2024-11-15,19,10.0
2101,3,2024-11-16,12,8.22
2102,3,2024-11-16,19,4.78
2103,3,2024-11-17,12,8.29
2104,3,2024-11-17,19,7.2
2105,3,2024-11-18,12,9.4
2106,3,2024-11-18,19,9.8
2107,3,2024-11-19,12,9.4
2108,3,2024-11-19,19,10.0
2109,3,2024-11-20,12,10.0
2110,3,2024-11-20,19,9.44
2111,3,2024-11-21,12,10.0
2112,3,2024-11-21,19,10.0
2113,3,2024-11-22,12,10.0
2114,3,2024-11-22,19,10.0
2115,3,2024-11-23,12,7.51
2116,3,2024-11-23,19,8.39
2117,3,2024-11-24,12,8.18
2118,3,2024-11-24,19,7.45
2119,3,2024-11-25,12,9.19
2120,3,2024-11-25,19,10.0
2121,3,2024-11-26,12,9.81
2122,3,2024-11-26,19,10.0
2123,3,2024-11-27,12,10.0
2124,3,2024-11-27,19,8.96
2125,3,2024-11-28,12,9.47
2126,3,2024-11-28,19,10.0
2127,3,2024-11-29,12,9.9
2128,3,2024-11-29,19,10.0
2129,3,2024-11-30,12,7.45
2130,3,2024-11-30,19,9.38
2131,3,2024-12-01,12,7.8
2132,3,2024-12-01,19,8.88
2133,3,2024-12-02,12,10.0
2134,3,2024-12-02,19,10.0
2135,3,2024-12-03,12,10.0
2136,3,2024-12-03,19,10.0
2137,3,2024-12-04,12,8.68
2138,3,2024-12-04,19,9.64
2139,3,2024-12-05,12,10.0
2140,3,2024-12-05,19,10.0
2141,3,2024-12-06,12,10.0
2142,3,2024-12-06,19,9.62
2143,3,2024-12-07,12,8.07
2144,3,2024-12-07,19,6.31
2145,3,2024-12-08,12,7.04
2146,3,2024-12-08,19,4.93
2147,3,2024-12-09,12,9.24
2148,3,2024-12-09,19,10.0
2149,3,2024-12-10,12,10.0
2150,3,2024-12-10,19,10.0
2151,3,2024-12-11,12,10.0
2152,3,2024-12-11,19,10.0
2153,3,2024-12-12,12,9.86
2154,3,2024-12-12,19,9.7
2155,3,2024-12-13,12,10.0
2156,3,2024-12-13,19,9.81
2157,3,2024-12-14,12,7.44
2158,3,2024-12-14,19,8.2
2159,3,2024-12-15,12,7.54
2160,3,2024-12-15,19,8.76
2161,3,2024-12-16,12,10.0
2162,3,2024-12-16,19,10.0
2163,3,2024-12-17,12,6.98
2164,3,2024-12-17,19,10.0
2165,3,2024-12-18,12,10.0
2166,3,2024-12-18,19,10.0
2167,3,2024-12-19,12,9.71
2168,3,2024-12-19,19,10.0
2169,3,2024-12-20,12,10.0
2170,3,2024-12-20,19,10.0
2171,3,2024-12-21,12,6.82
2172,3,2024-12-21,19,8.18
2173,3,2024-12-22,12,7.02
2174,3,2024-12-22,19,7.42
2175,3,2024-12-23,12,10.0
2176,3,2024-12-23,19,10.0
2177,3,2024-12-24,12,9.75
2178,3,2024-12-24,19,10.0
2179,3,2024-12-25,12,8.36
2180,3,2024-12-25,19,10.0
2181,3,2024-12-26,12,9.48
2182,3,2024-12-26,19,9.02
2183,3,2024-12-27,12,10.0
2184,3,2024-12-27,19,10.0
2185,3,2024-12-28,12,7.47
2186,3,2024-12-28,19,7.56
2187,3,2024-12-29,12,9.09
2188,3,2024-12-29,19,6.57
2189,3,2024-12-30,12,10.0
2190,3,2024-12-30,19,10.0
2191,4,2024-01-01,12,8.77
2192,4,2024-01-01,19,9.87
2193,4,2024-01-02,12,6.07
2194,4,2024-01-02,19,7.14
2195,4,2024-01-03,12,8.42
2196,4,2024-01-03,19,9.71
2197,4,2024-01-04,12,8.26
2198,4,2024-01-04,19,10.0
2199,4,2024-01-05,12,8.81
2200,4,2024-01-05,19,7.47
2201,4,2024-01-06,12,4.79
2202,4,2024-01-06,19,6.65
2203,4,2024-01-07,12,4.26
2204,4,2024-01-07,19,6.35
2205,4,2024-01-08,12,7.23
2206,4,2024-01-08,19,7.05
2207,4,2024-01-09,12,8.64
2208,4,2024-01-09,19,5.49
2209,4,2024-01-10,12,5.76
2210,4,2024-01-10,19,7.99
2211,4,2024-01-11,12,8.88
2212,4,2024-01-11,19,7.48
2213,4,2024-01-12,12,8.86
2214,4,2024-01-12,19,8.43
2215,4,2024-01-13,12,5.91
2216,4,2024-01-13,19,6.09
2217,4,2024-01-14,12,5.24
2218,4,2024-01-14,19,6.47
2219,4,2024-01-15,12,8.15
2220,4,2024-01-15,19,7.8
2221,4,2024-01-16,12,8.4
2222,4,2024-01-16,19,7.69
2223,4,2024-01-17,12,6.63
2224,4,2024-01-17,19,8.2
2225,4,2024-01-18,12,8.97
2226,4,2024-01-18,19,8.99
2227,4,2024-01-19,12,6.76
2228,4,2024-01-19,19,9.88
2229,4,2024-01-20,12,6.31
2230,4,2024-01-20,19,5.67
2231,4,2024-01-21,12,6.33
2232,4,2024-01-21,19,3.55
2233,4,2024-01-22,12,8.65
2234,4,2024-01-22,19,8.18
2235,4,2024-01-23,12,7.87
2236,4,2024-01-23,19,7.45
2237,4,2024-01-24,12,7.1
2238,4,2024-01-24,19,8.06
2239,4,2024-01-25,12,8.08
2240,4,2024-01-25,19,6.87
2241,4,2024-01-26,12,8.74
2242,4,2024-01-26,19,8.24
2243,4,2024-01-27,12,5.73
2244,4,2024-01-27,19,5.54
2245,4,2024-01-28,12,4.07
2246,4,2024-01-28,19,5.24
2247,4,2024-01-29,12,7.29
2248,4,2024-01-29,19,8.08
2249,4,2024-01-30,12,8.65
2250,4,2024-01-30,19,8.19
2251,4,2024-01-31,12,6.45
2252,4,2024-01-31,19,10.0
2253,4,2024-02-01,12,7.96
2254,4,2024-02-01,19,8.16
2255,4,2024-02-02,12,7.28
2256,4,2024-02-02,19,7.67
2257,4,2024-02-03,12,4.92
2258,4,2024-02-03,19,5.83
2259,4,2024-02-04,12,4.92
2260,4,2024-02-04,19,6.27
2261,4,2024-02-05,12,7.47
2262,4,2024-02-05,19,6.82
2263,4,2024-02-06,12,9.03
2264,4,2024-02-06,19,7.5
2265,4,2024-02-07,12,8.79
2266,4,2024-02-07,19,7.54
2267,4,2024-02-08,12,7.73
2268,4,2024-02-08,19,8.59
2269,4,2024-02-09,12,6.88
2270,4,2024-02-09,19,8.27
2271,4,2024-02-10,12,5.9
2272,4,2024-02-10,19,4.64
2273,4,2024-02-11,12,7.9
2274,4,2024-02-11,19,4.89
2275,4,2024-02-12,12,8.04
2276,4,2024-02-12,19,8.14
2277,4,2024-02-13,12,7.16
2278,4,2024-02-13,19,8.22
2279,4,2024-02-14,12,10.0
2280,4,2024-02-14,19,7.83
2281,4,2024-02-15,12,7.31
2282,4,2024-02-15,19,8.63
2283,4,2024-02-16,12,8.7
2284,4,2024-02-16,19,6.29
2285,4,2024-02-17,12,5.86
2286,4,2024-02-17,19,5.71
2287,4,2024-02-18,12,5.58
2288,4,2024-02-18,19,4.67
2289,4,2024-02-19,12,6.92
2290,4,2024-02-19,19,5.77
2291,4,2024-02-20,12,8.61
2292,4,2024-02-20,19,7.58
2293,4,2024-02-21,12,8.54
2294,4,2024-02-21,19,7.54
2295,4,2024-02-22,12,8.29
2296,4,2024-02-22,19,8.96
2297,4,2024-02-23,12,9.63
2298,4,2024-02-23,19,9.11
2299,4,2024-02-24,12,6.19
2300,4,2024-02-24,19,5.98
2301,4,2024-02-25,12,4.75
2302,4,2024-02-25,19,8.05
2303,4,2024-02-26,12,7.75
2304,4,2024-02-26,19,8.88
2305,4,2024-02-27,12,7.97
2306,4,2024-02-27,19,7.5
2307,4,2024-02-28,12,7.45
2308,4,2024-02-28,19,8.2
2309,4,2024-02-29,12,7.01
2310,4,2024-02-29,19,8.96
2311,4,2024-03-01,12,7.92
2312,4,2024-03-01,19,7.59
2313,4,2024-03-02,12,5.43
2314,4,2024-03-02,19,4.48
2315,4,2024-03-03,12,6.94
2316,4,2024-03-03,19,4.26
2317,4,2024-03-04,12,9.24
2318,4,2024-03-04,19,5.6
2319,4,2024-03-05,12,8.32
2320,4,2024-03-05,19,9.94
2321,4,2024-03-06,12,6.61
2322,4,2024-03-06,19,8.92
2323,4,2024-03-07,12,7.8
2324,4,2024-03-07,19,7.4
2325,4,2024-03-08,12,7.59
2326,4,2024-03-08,19,8.5
2327,4,2024-03-09,12,5.25
2328,4,2024-03-09,19,6.58
2329,4,2024-03-10,12,4.48
2330,4,2024-03-10,19,5.67
2331,4,2024-03-11,12,9.87
2332,4,2024-03-11,19,7.92
2333,4,2024-03-12,12,8.5
2334,4,2024-03-12,19,7.21
2335,4,2024-03-13,12,8.11
2336,4,2024-03-13,19,6.87
2337,4,2024-03-14,12,7.85
2338,4,2024-03-14,19,8.97
2339,4,2024-03-15,12,6.79
2340,4,2024-03-15,19,6.72
2341,4,2024-03-16,12,5.65
2342,4,2024-03-16,19,5.88
2343,4,2024-03-17,12,5.66
2344,4,2024-03-17,19,5.49
2345,4,2024-03-18,12,7.17
2346,4,2024-03-18,19,6.42
2347,4,2024-03-19,12,8.28
2348,4,2024-03-19,19,6.09
2349,4,2024-03-20,12,6.32
2350,4,2024-03-20,19,8.19
2351,4,2024-03-21,12,8.48
2352,4,2024-03-21,19,8.13
2353,4,2024-03-22,12,7.14
2354,4,2024-03-22,19,7.24
2355,4,2024-03-23,12,5.68
2356,4,2024-03-23,19,4.48
2357,4,2024-03-24,12,5.19
2358,4,2024-03-24,19,5.27
2359,4,2024-03-25,12,8.37
2360,4,2024-03-25,19,7.72
2361,4,2024-03-26,12,7.75
2362,4,2024-03-26,19,7.81
2363,4,2024-03-27,12,7.19
2364,4,2024-03-27,19,5.31
2365,4,2024-03-28,12,8.19
2366,4,2024-03-28,19,8.5
2367,4,2024-03-29,12,7.14
2368,4,2024-03-29,19,6.63
2369,4,2024-03-30,12,5.11
2370,4,2024-03-30,19,6.05
2371,4,2024-03-31,12,5.39
2372,4,2024-03-31,19,6.43
2373,4,2024-04-01,12,7.12
2374,4,2024-04-01,19,8.67
2375,4,2024-04-02,12,8.28
2376,4,2024-04-02,19,6.26
2377,4,2024-04-03,12,7.69
2378,4,2024-04-03,19,7.81
2379,4,2024-04-04,12,8.37
2380,4,2024-04-04,19,6.29
2381,4,2024-04-05,12,6.86
2382,4,2024-04-05,19,7.35
2383,4,2024-04-06,12,4.64
2384,4,2024-04-06,19,6.09
2385,4,2024-04-07,12,5.74
2386,4,2024-04-07,19,6.54
2387,4,2024-04-08,12,8.24
2388,4,2024-04-08,19,7.38
2389,4,2024-04-09,12,7.83
2390,4,2024-04-09,19,7.17
2391,4,2024-04-10,12,7.77
2392,4,2024-04-10,19,7.59
2393,4,2024-04-11,12,6.38
2394,4,2024-04-11,19,8.37
2395,4,2024-04-12,12,6.42
2396,4,2024-04-12,19,9.58
2397,4,2024-04-13,12,4.04
2398,4,2024-04-13,19,7.93
2399,4,2024-04-14,12,5.23
2400,4,2024-04-14,19,5.3
2401,4,2024-04-15,12,7.53
2402,4,2024-04-15,19,8.44
2403,4,2024-04-16,12,6.49
2404,4,2024-04-16,19,7.75
2405,4,2024-04-17,12,9.07
2406,4,2024-04-17,19,6.7
2407,4,2024-04-18,12,6.61
2408,4,2024-04-18,19,8.55
2409,4,2024-04-19,12,7.89
2410,4,2024-04-19,19,8.7
2411,4,2024-04-20,12,4.65
2412,4,2024-04-20,19,6.41
2413,4,2024-04-21,12,6.76
2414,4,2024-04-21,19,5.98
2415,4,2024-04-22,12,8.5
2416,4,2024-04-22,19,6.95
2417,4,2024-04-23,12,8.14
2418,4,2024-04-23,19,5.67
2419,4,2024-04-24,12,5.79
2420,4,2024-04-24,19,9.02
2421,4,2024-04-25,12,7.37
2422,4,2024-04-25,19,8.88
2423,4,2024-04-26,12,6.83
2424,4,2024-04-26,19,8.31
2425,4,2024-04-27,12,5.36
2426,4,2024-04-27,19,5.86
2427,4,2024-04-28,12,7.42
2428,4,2024-04-28,19,4.28
2429,4,2024-04-29,12,8.67
2430,4,2024-04-29,19,7.71
2431,4,2024-04-30,12,7.37
2432,4,2024-04-30,19,8.6
2433,4,2024-05-01,12,6.7
2434,4,2024-05-01,19,6.51
2435,4,2024-05-02,12,8.28
2436,4,2024-05-02,19,7.43
2437,4,2024-05-03,12,9.31
2438,4,2024-05-03,19,7.43
2439,4,2024-05-04,12,6.17
2440,4,2024-05-04,19,5.71
2441,4,2024-05-05,12,6.77
2442,4,2024-05-05,19,6.08
2443,4,2024-05-06,12,8.6
2444,4,2024-05-06,19,7.67
2445,4,2024-05-07,12,8.22
2446,4,2024-05-07,19,10.0
2447,4,2024-05-08,12,8.7
2448,4,2024-05-08,19,8.25
2449,4,2024-05-09,12,7.72
2450,4,2024-05-09,19,9.14
2451,4,2024-05-10,12,8.96
2452,4,2024-05-10,19,7.37
2453,4,2024-05-11,12,5.47
2454,4,2024-05-11,19,5.06
2455,4,2024-05-12,12,6.27
2456,4,2024-05-12,19,4.78
2457,4,2024-05-13,12,8.55
2458,4,2024-05-13,19,7.75
2459,4,2024-05-14,12,7.07
2460,4,2024-05-14,19,7.93
2461,4,2024-05-15,12,7.39
2462,4,2024-05-15,19,7.19
2463,4,2024-05-16,12,8.47
2464,4,2024-05-16,19,5.94
2465,4,2024-05-17,12,7.3
2466,4,2024-05-17,19,7.36
2467,4,2024-05-18,12,6.11
2468,4,2024-05-18,19,6.05
2469,4,2024-05-19,12,5.63
2470,4,2024-05-19,19,6.19
2471,4,2024-05-20,12,7.86
2472,4,2024-05-20,19,8.29
2473,4,2024-05-21,12,6.81
2474,4,2024-05-21,19,8.97
2475,4,2024-05-22,12,7.79
2476,4,2024-05-22,19,8.41
2477,4,2024-05-23,12,7.72
2478,4,2024-05-23,19,9.37
2479,4,2024-05-24,12,8.25
2480,4,2024-05-24,19,7.37
2481,4,2024-05-25,12,5.77
2482,4,2024-05-25,19,6.42
2483,4,2024-05-26,12,6.4
2484,4,2024-05-26,19,6.23
2485,4,2024-05-27,12,7.48
2486,4,2024-05-27,19,8.44
2487,4,2024-05-28,12,7.58
2488,4,2024-05-28,19,8.41
2489,4,2024-05-29,12,8.02
2490,4,2024-05-29,19,7.6
2491,4,2024-05-30,12,7.53
2492,4,2024-05-30,19,7.16
2493,4,2024-05-31,12,9.94
2494,4,2024-05-31,19,7.57
2495,4,2024-06-01,12,5.69
2496,4,2024-06-01,19,6.69
2497,4,2024-06-02,12,6.0
2498,4,2024-06-02,19,6.54
2499,4,2024-06-03,12,8.11
2500,4,2024-06-03,19,7.63
2501,4,2024-06-04,12,6.11
2502,4,2024-06-04,19,5.9
2503,4,2024-06-05,12,9.18
2504,4,2024-06-05,19,5.92
2505,4,2024-06-06,12,7.09
2506,4,2024-06-06,19,8.32
2507,4,2024-06-07,12,6.99
2508,4,2024-06-07,19,8.13
2509,4,2024-06-08,12,6.58
2510,4,2024-06-08,19,6.95
2511,4,2024-06-09,12,5.55
2512,4,2024-06-09,19,6.15
2513,4,2024-06-10,12,8.01
2514,4,2024-06-10,19,8.41
2515,4,2024-06-11,12,6.03
2516,4,2024-06-11,19,9.07
2517,4,2024-06-12,12,6.83
2518,4,2024-06-12,19,8.08
2519,4,2024-06-13,12,7.17
2520,4,2024-06-13,19,5.93
2521,4,2024-06-14,12,8.24
2522,4,2024-06-14,19,6.39
2523,4,2024-06-15,12,5.9
2524,4,2024-06-15,19,5.3
2525,4,2024-06-16,12,4.2
2526,4,2024-06-16,19,4.25
2527,4,2024-06-17,12,9.28
2528,4,2024-06-17,19,9.01
2529,4,2024-06-18,12,7.55
2530,4,2024-06-18,19,7.72
2531,4,2024-06-19,12,7.86
2532,4,2024-06-19,19,6.52
2533,4,2024-06-20,12,8.16
2534,4,2024-06-20,19,8.09
2535,4,2024-06-21,12,7.65
2536,4,2024-06-21,19,7.23
2537,4,2024-06-22,12,5.44
2538,4,2024-06-22,19,7.16
2539,4,2024-06-23,12,5.02
2540,4,2024-06-23,19,5.32
2541,4,2024-06-24,12,7.99
2542,4,2024-06-24,19,8.25
2543,4,2024-06-25,12,7.59
2544,4,2024-06-25,19,8.19
2545,4,2024-06-26,12,8.55
2546,4,2024-06-26,19,7.63
2547,4,2024-06-27,12,8.44
2548,4,2024-06-27,19,7.49
2549,4,2024-06-28,12,6.35
2550,4,2024-06-28,19,7.95
2551,4,2024-06-29,12,4.48
2552,4,2024-06-29,19,6.28
2553,4,2024-06-30,12,6.94
2554,4,2024-06-30,19,5.47
2555,4,2024-07-01,12,8.51
2556,4,2024-07-01,19,8.23
2557,4,2024-07-02,12,7.37
2558,4,2024-07-02,19,7.66
2559,4,2024-07-03,12,9.1
2560,4,2024-07-03,19,8.69
2561,4,2024-07-04,12,7.17
2562,4,2024-07-04,19,6.48
2563,4,2024-07-05,12,8.37
2564,4,2024-07-05,19,7.8
2565,4,2024-07-06,12,4.47
2566,4,2024-07-06,19,5.19
2567,4,2024-07-07,12,5.53
2568,4,2024-07-07,19,5.44
2569,4,2024-07-08,12,7.73
2570,4,2024-07-08,19,8.71
2571,4,2024-07-09,12,6.13
2572,4,2024-07-09,19,9.04
2573,4,2024-07-10,12,7.31
2574,4,2024-07-10,19,7.75
2575,4,2024-07-11,12,8.39
2576,4,2024-07-11,19,8.81
2577,4,2024-07-12,12,10.0
2578,4,2024-07-12,19,7.22
2579,4,2024-07-13,12,6.36
2580,4,2024-07-13,19,6.84
2581,4,2024-07-14,12,4.19
2582,4,2024-07-14,19,6.83
2583,4,2024-07-15,12,7.22
2584,4,2024-07-15,19,8.73
2585,4,2024-07-16,12,7.06
2586,4,2024-07-16,19,6.25
2587,4,2024-07-17,12,7.93
2588,4,2024-07-17,19,6.94
2589,4,2024-07-18,12,8.17
2590,4,2024-07-18,19,9.02
2591,4,2024-07-19,12,6.93
2592,4,2024-07-19,19,9.25
2593,4,2024-07-20,12,5.86
2594,4,2024-07-20,19,6.88
2595,4,2024-07-21,12,5.78
2596,4,2024-07-21,19,5.12
2597,4,2024-07-22,12,8.48
2598,4,2024-07-22,19,7.88
2599,4,2024-07-23,12,6.72
2600,4,2024-07-23,19,8.16
2601,4,2024-07-24,12,7.73
2602,4,2024-07-24,19,8.13
2603,4,2024-07-25,12,7.31
2604,4,2024-07-25,19,6.19
2605,4,2024-07-26,12,7.99
2606,4,2024-07-26,19,8.23
2607,4,2024-07-27,12,5.63
2608,4,2024-07-27,19,6.77
2609,4,2024-07-28,12,4.2
2610,4,2024-07-28,19,7.08
2611,4,2024-07-29,12,5.73
2612,4,2024-07-29,19,7.46
2613,4,2024-07-30,12,8.58
2614,4,2024-07-30,19,6.88
2615,4,2024-07-31,12,8.76
2616,4,2024-07-31,19,9.47
2617,4,2024-08-01,12,8.33
2618,4,2024-08-01,19,8.22
2619,4,2024-08-02,12,7.09
2620,4,2024-08-02,19,8.0
2621,4,2024-08-03,12,5.89
2622,4,2024-08-03,19,4.31
2623,4,2024-08-04,12,5.27
2624,4,2024-08-04,19,7.19
2625,4,2024-08-05,12,7.67
2626,4,2024-08-05,19,7.64
2627,4,2024-08-06,12,7.11
2628,4,2024-08-06,19,9.27
2629,4,2024-08-07,12,7.6
2630,4,2024-08-07,19,7.41
2631,4,2024-08-08,12,7.74
2632,4,2024-08-08,19,8.08
2633,4,2024-08-09,12,8.55
2634,4,2024-08-09,19,8.46
2635,4,2024-08-10,12,5.19
2636,4,2024-08-10,19,6.22
2637,4,2024-08-11,12,6.84
2638,4,2024-08-11,19,5.58
2639,4,2024-08-12,12,7.89
2640,4,2024-08-12,19,7.4
2641,4,2024-08-13,12,8.8
2642,4,2024-08-13,19,8.24
2643,4,2024-08-14,12,8.62
2644,4,2024-08-14,19,6.76
2645,4,2024-08-15,12,7.82
2646,4,2024-08-15,19,5.25
2647,4,2024-08-16,12,7.25
2648,4,2024-08-16,19,7.83
2649,4,2024-08-17,12,7.89
2650,4,2024-08-17,19,6.74
2651,4,2024-08-18,12,3.23
2652,4,2024-08-18,19,6.62
2653,4,2024-08-19,12,7.39
2654,4,2024-08-19,19,7.09
2655,4,2024-08-20,12,7.28
2656,4,2024-08-20,19,6.01
2657,4,2024-08-21,12,8.01
2658,4,2024-08-21,19,8.33
2659,4,2024-08-22,12,5.7
2660,4,2024-08-22,19,7.75
2661,4,2024-08-23,12,7.55
2662,4,2024-08-23,19,7.56
2663,4,2024-08-24,12,6.24
2664,4,2024-08-24,19,5.91
2665,4,2024-08-25,12,7.31
2666,4,2024-08-25,19,4.91
2667,4,2024-08-26,12,6.53
2668,4,2024-08-26,19,7.17
2669,4,2024-08-27,12,8.88
2670,4,2024-08-27,19,8.61
2671,4,2024-08-28,12,9.31
2672,4,2024-08-28,19,7.18
2673,4,2024-08-29,12,7.02
2674,4,2024-08-29,19,5.69
2675,4,2024-08-30,12,8.71
2676,4,2024-08-30,19,7.1
2677,4,2024-08-31,12,7.17
2678,4,2024-08-31,19,4.74
2679,4,2024-09-01,12,3.85
2680,4,2024-09-01,19,4.92
2681,4,2024-09-02,12,8.52
2682,4,2024-09-02,19,9.6
2683,4,2024-09-03,12,9.31
2684,4,2024-09-03,19,6.53
2685,4,2024-09-04,12,7.23
2686,4,2024-09-04,19,7.67
2687,4,2024-09-05,12,8.62
2688,4,2024-09-05,19,8.02
2689,4,2024-09-06,12,8.84
2690,4,2024-09-06,19,9.63
2691,4,2024-09-07,12,7.52
2692,4,2024-09-07,19,5.5
2693,4,2024-09-08,12,3.68
2694,4,2024-09-08,19,5.7
2695,4,2024-09-09,12,8.68
2696,4,2024-09-09,19,8.08
2697,4,2024-09-10,12,7.29
2698,4,2024-09-10,19,7.84
2699,4,2024-09-11,12,8.3
2700,4,2024-09-11,19,7.88
2701,4,2024-09-12,12,7.65
2702,4,2024-09-12,19,8.08
2703,4,2024-09-13,12,7.24
2704,4,2024-09-13,19,8.05
2705,4,2024-09-14,12,5.22
2706,4,2024-09-14,19,5.59
2707,4,2024-09-15,12,6.15
2708,4,2024-09-15,19,5.54
2709,4,2024-09-16,12,8.72
2710,4,2024-09-16,19,7.91
2711,4,2024-09-17,12,7.38
2712,4,2024-09-17,19,7.43
2713,4,2024-09-18,12,8.31
2714,4,2024-09-18,19,7.93
2715,4,2024-09-19,12,8.66
2716,4,2024-09-19,19,8.09
2717,4,2024-09-20,12,7.68
2718,4,2024-09-20,19,8.87
2719,4,2024-09-21,12,6.3
2720,4,2024-09-21,19,3.78
2721,4,2024-09-22,12,5.72
2722,4,2024-09-22,19,6.34
2723,4,2024-09-23,12,7.66
2724,4,2024-09-23,19,6.81
2725,4,2024-09-24,12,7.32
2726,4,2024-09-24,19,7.32
2727,4,2024-09-25,12,7.52
2728,4,2024-09-25,19,8.32
2729,4,2024-09-26,12,6.78
2730,4,2024-09-26,19,6.43
2731,4,2024-09-27,12,9.74
2732,4,2024-09-27,19,8.64
2733,4,2024-09-28,12,6.05
2734,4,2024-09-28,19,4.26
2735,4,2024-09-29,12,5.32
2736,4,2024-09-29,19,5.51
2737,4,2024-09-30,12,8.16
2738,4,2024-09-30,19,8.06
2739,4,2024-10-01,12,8.16
2740,4,2024-10-01,19,8.94
2741,4,2024-10-02,12,8.43
2742,4,2024-10-02,19,8.22
2743,4,2024-10-03,12,7.33
2744,4,2024-10-03,19,8.24
2745,4,2024-10-04,12,7.25
2746,4,2024-10-04,19,7.02
2747,4,2024-10-05,12,5.54
2748,4,2024-10-05,19,6.31
2749,4,2024-10-06,12,5.39
2750,4,2024-10-06,19,5.37
2751,4,2024-10-07,12,9.08
2752,4,2024-10-07,19,9.4
2753,4,2024-10-08,12,9.17
2754,4,2024-10-08,19,6.98
2755,4,2024-10-09,12,6.67
2756,4,2024-10-09,19,10.0
2757,4,2024-10-10,12,9.01
2758,4,2024-10-10,19,7.52
2759,4,2024-10-11,12,7.37
2760,4,2024-10-11,19,9.75
2761,4,2024-10-12,12,5.62
2762,4,2024-10-12,19,5.77
2763,4,2024-10-13,12,4.98
2764,4,2024-10-13,19,5.72
2765,4,2024-10-14,12,9.58
2766,4,2024-10-14,19,7.47
2767,4,2024-10-15,12,8.61
2768,4,2024-10-15,19,8.5
2769,4,2024-10-16,12,8.49
2770,4,2024-10-16,19,7.96
2771,4,2024-10-17,12,6.94
2772,4,2024-10-17,19,7.1
2773,4,2024-10-18,12,8.35
2774,4,2024-10-18,19,7.17
2775,4,2024-10-19,12,5.35
2776,4,2024-10-19,19,6.55
2777,4,2024-10-20,12,4.59
2778,4,2024-10-20,19,6.34
2779,4,2024-10-21,12,9.53
2780,4,2024-10-21,19,8.3
2781,4,2024-10-22,12,7.34
2782,4,2024-10-22,19,6.36
2783,4,2024-10-23,12,6.31
2784,4,2024-10-23,19,7.81
2785,4,2024-10-24,12,8.5
2786,4,2024-10-24,19,8.51
2787,4,2024-10-25,12,6.91
2788,4,2024-10-25,19,7.12
2789,4,2024-10-26,12,5.64
2790,4,2024-10-26,19,5.79
2791,4,2024-10-27,12,6.51
2792,4,2024-10-27,19,8.18
2793,4,2024-10-28,12,6.85
2794,4,2024-10-28,19,6.35
2795,4,2024-10-29,12,7.77
2796,4,2024-10-29,19,7.99
2797,4,2024-10-30,12,5.35
2798,4,2024-10-30,19,7.97
2799,4,2024-10-31,12,7.36
2800,4,2024-10-31,19,6.57
2801,4,2024-11-01,12,8.23
2802,4,2024-11-01,19,7.42
2803,4,2024-11-02,12,5.21
2804,4,2024-11-02,19,6.0
2805,4,2024-11-03,12,4.91
2806,4,2024-11-03,19,5.67
2807,4,2024-11-04,12,8.94
2808,4,2024-11-04,19,6.89
2809,4,2024-11-05,12,5.45
2810,4,2024-11-05,19,8.18
2811,4,2024-11-06,12,9.22
2812,4,2024-11-06,19,6.33
2813,4,2024-11-07,12,7.83
2814,4,2024-11-07,19,8.53
2815,4,2024-11-08,12,7.7
2816,4,2024-11-08,19,6.28
2817,4,2024-11-09,12,6.34
2818,4,2024-11-09,19,5.81
2819,4,2024-11-10,12,6.07
2820,4,2024-11-10,19,7.13
2821,4,2024-11-11,12,7.6
2822,4,2024-11-11,19,7.64
2823,4,2024-11-12,12,8.43
2824,4,2024-11-12,19,8.41
2825,4,2024-11-13,12,8.39
2826,4,2024-11-13,19,7.27
2827,4,2024-11-14,12,7.82
2828,4,2024-11-14,19,6.93
2829,4,2024-11-15,12,7.91
2830,4,2024-11-15,19,5.6
2831,4,2024-11-16,12,6.06
2832,4,2024-11-16,19,6.74
2833,4,2024-11-17,12,4.35
2834,4,2024-11-17,19,6.23
2835,4,2024-11-18,12,7.72
2836,4,2024-11-18,19,7.13
2837,4,2024-11-19,12,8.23
2838,4,2024-11-19,19,8.82
2839,4,2024-11-20,12,8.81
2840,4,2024-11-20,19,7.33
2841,4,2024-11-21,12,7.39
2842,4,2024-11-21,19,9.36
2843,4,2024-11-22,12,7.52
2844,4,2024-11-22,19,7.78
2845,4,2024-11-23,12,3.91
2846,4,2024-11-23,19,3.87
2847,4,2024-11-24,12,4.79
2848,4,2024-11-24,19,7.35
2849,4,2024-11-25,12,8.19
2850,4,2024-11-25,19,8.93
2851,4,2024-11-26,12,9.57
2852,4,2024-11-26,19,8.35
2853,4,2024-11-27,12,7.16
2854,4,2024-11-27,19,7.2
2855,4,2024-11-28,12,7.9
2856,4,2024-11-28,19,7.28
2857,4,2024-11-29,12,7.56
2858,4,2024-11-29,19,8.7
2859,4,2024-11-30,12,5.42
2860,4,2024-11-30,19,6.82
2861,4,2024-12-01,12,6.39
2862,4,2024-12-01,19,6.19
2863,4,2024-12-02,12,9.17
2864,4,2024-12-02,19,6.75
2865,4,2024-12-03,12,5.99
2866,4,2024-12-03,19,8.39
2867,4,2024-12-04,12,8.2
2868,4,2024-12-04,19,8.73
2869,4,2024-12-05,12,8.55
2870,4,2024-12-05,19,6.09
2871,4,2024-12-06,12,7.97
2872,4,2024-12-06,19,9.52
2873,4,2024-12-07,12,6.72
2874,4,2024-12-07,19,4.45
2875,4,2024-12-08,12,7.84
2876,4,2024-12-08,19,7.04
2877,4,2024-12-09,12,7.47
2878,4,2024-12-09,19,9.02
2879,4,2024-12-10,12,8.39
2880,4,2024-12-10,19,8.5
2881,4,2024-12-11,12,7.84
2882,4,2024-12-11,19,5.46
2883,4,2024-12-12,12,8.43
2884,4,2024-12-12,19,8.43
2885,4,2024-12-13,12,7.96
2886,4,2024-12-13,19,5.73
2887,4,2024-12-14,12,6.52
2888,4,2024-12-14,19,6.71
2889,4,2024-12-15,12,5.78
2890,4,2024-12-15,19,6.86
2891,4,2024-12-16,12,7.99
2892,4,2024-12-16,19,8.0
2893,4,2024-12-17,12,8.17
2894,4,2024-12-17,19,7.77
2895,4,2024-12-18,12,8.38
2896,4,2024-12-18,19,6.69
2897,4,2024-12-19,12,7.89
2898,4,2024-12-19,19,7.63
2899,4,2024-12-20,12,6.39
2900,4,2024-12-20,19,8.65
2901,4,2024-12-21,12,5.63
2902,4,2024-12-21,19,7.11
2903,4,2024-12-22,12,4.4
2904,4,2024-12-22,19,8.3
2905,4,2024-12-23,12,7.78
2906,4,2024-12-23,19,6.86
2907,4,2024-12-24,12,7.81
2908,4,2024-12-24,19,8.45
2909,4,2024-12-25,12,7.26
2910,4,2024-12-25,19,6.79
2911,4,2024-12-26,12,9.71
2912,4,2024-12-26,19,6.49
2913,4,2024-12-27,12,6.28
2914,4,2024-12-27,19,7.91
2915,4,2024-12-28,12,4.75
2916,4,2024-12-28,19,5.97
2917,4,2024-12-29,12,4.67
2918,4,2024-12-29,19,4.2
2919,4,2024-12-30,12,9.29
2920,4,2024-12-30,19,7.99
2921,5,2024-01-01,12,8.56
2922,5,2024-01-01,19,6.66
2923,5,2024-01-02,12,7.27
2924,5,2024-01-02,19,6.97
2925,5,2024-01-03,12,8.19
2926,5,2024-01-03,19,7.81
2927,5,2024-01-04,12,7.68
2928,5,2024-01-04,19,6.08
2929,5,2024-01-05,12,7.36
2930,5,2024-01-05,19,7.91
2931,5,2024-01-06,12,7.55
2932,5,2024-01-06,19,5.43
2933,5,2024-01-07,12,5.09
2934,5,2024-01-07,19,5.61
2935,5,2024-01-08,12,7.27
2936,5,2024-01-08,19,7.0
2937,5,2024-01-09,12,8.67
2938,5,2024-01-09,19,7.44
2939,5,2024-01-10,12,7.52
2940,5,2024-01-10,19,6.48
2941,5,2024-01-11,12,7.3
2942,5,2024-01-11,19,6.24
2943,5,2024-01-12,12,6.38
2944,5,2024-01-12,19,6.42
2945,5,2024-01-13,12,5.76
2946,5,2024-01-13,19,5.36
2947,5,2024-01-14,12,4.42
2948,5,2024-01-14,19,3.63
2949,5,2024-01-15,12,7.63
2950,5,2024-01-15,19,6.12
2951,5,2024-01-16,12,7.55
2952,5,2024-01-16,19,6.58
2953,5,2024-01-17,12,5.92
2954,5,2024-01-17,19,5.5
2955,5,2024-01-18,12,8.72
2956,5,2024-01-18,19,5.89
2957,5,2024-01-19,12,8.34
2958,5,2024-01-19,19,7.86
2959,5,2024-01-20,12,5.29
2960,5,2024-01-20,19,4.11
2961,5,2024-01-21,12,6.22
2962,5,2024-01-21,19,4.9
2963,5,2024-01-22,12,7.16
2964,5,2024-01-22,19,6.79
2965,5,2024-01-23,12,5.68
2966,5,2024-01-23,19,6.2
2967,5,2024-01-24,12,6.58
2968,5,2024-01-24,19,5.97
2969,5,2024-01-25,12,8.94
2970,5,2024-01-25,19,8.11
2971,5,2024-01-26,12,7.04
2972,5,2024-01-26,19,8.23
2973,5,2024-01-27,12,5.54
2974,5,2024-01-27,19,5.22
2975,5,2024-01-28,12,5.58
2976,5,2024-01-28,19,6.6
2977,5,2024-01-29,12,8.51
2978,5,2024-01-29,19,6.12
2979,5,2024-01-30,12,5.73
2980,5,2024-01-30,19,8.1
2981,5,2024-01-31,12,7.55
2982,5,2024-01-31,19,6.5
2983,5,2024-02-01,12,7.61
2984,5,2024-02-01,19,6.78
2985,5,2024-02-02,12,9.84
2986,5,2024-02-02,19,5.75
2987,5,2024-02-03,12,5.39
2988,5,2024-02-03,19,4.09
2989,5,2024-02-04,12,5.52
2990,5,2024-02-04,19,7.43
2991,5,2024-02-05,12,5.68
2992,5,2024-02-05,19,7.3
2993,5,2024-02-06,12,6.24
2994,5,2024-02-06,19,6.09
2995,5,2024-02-07,12,5.82
2996,5,2024-02-07,19,6.71
2997,5,2024-02-08,12,7.04
2998,5,2024-02-08,19,5.48
2999,5,2024-02-09,12,7.43
3000,5,2024-02-09,19,9.4
3001,5,2024-02-10,12,5.75
3002,5,2024-02-10,19,5.9
3003,5,2024-02-11,12,3.6
3004,5,2024-02-11,19,6.0
3005,5,2024-02-12,12,5.49
3006,5,2024-02-12,19,6.95
3007,5,2024-02-13,12,5.5
3008,5,2024-02-13,19,5.75
3009,5,2024-02-14,12,6.51
3010,5,2024-02-14,19,7.87
3011,5,2024-02-15,12,8.61
3012,5,2024-02-15,19,6.89
3013,5,2024-02-16,12,7.74
3014,5,2024-02-16,19,5.65
3015,5,2024-02-17,12,7.1
3016,5,2024-02-17,19,4.63
3017,5,2024-02-18,12,4.52
3018,5,2024-02-18,19,6.98
3019,5,2024-02-19,12,7.94
3020,5,2024-02-19,19,7.6
3021,5,2024-02-20,12,7.26
3022,5,2024-02-20,19,6.25
3023,5,2024-02-21,12,7.49
3024,5,2024-02-21,19,7.2
3025,5,2024-02-22,12,9.02
3026,5,2024-02-22,19,6.58
3027,5,2024-02-23,12,9.02
3028,5,2024-02-23,19,6.48
3029,5,2024-02-24,12,5.02
3030,5,2024-02-24,19,3.43
3031,5,2024-02-25,12,4.84
3032,5,2024-02-25,19,4.27
3033,5,2024-02-26,12,8.52
3034,5,2024-02-26,19,7.86
3035,5,2024-02-27,12,8.28
3036,5,2024-02-27,19,6.79
3037,5,2024-02-28,12,6.95
3038,5,2024-02-28,19,6.11
3039,5,2024-02-29,12,5.75
3040,5,2024-02-29,19,7.45
3041,5,2024-03-01,12,6.95
3042,5,2024-03-01,19,5.04
3043,5,2024-03-02,12,4.35
3044,5,2024-03-02,19,4.24
3045,5,2024-03-03,12,5.57
3046,5,2024-03-03,19,6.25
3047,5,2024-03-04,12,7.81
3048,5,2024-03-04,19,7.75
3049,5,2024-03-05,12,4.98
3050,5,2024-03-05,19,7.27
3051,5,2024-03-06,12,9.29
3052,5,2024-03-06,19,7.3
3053,5,2024-03-07,12,9.52
3054,5,2024-03-07,19,5.6
3055,5,2024-03-08,12,6.87
3056,5,2024-03-08,19,6.84
3057,5,2024-03-09,12,4.99
3058,5,2024-03-09,19,6.62
3059,5,2024-03-10,12,5.56
3060,5,2024-03-10,19,4.59
3061,5,2024-03-11,12,6.89
3062,5,2024-03-11,19,7.51
3063,5,2024-03-12,12,5.03
3064,5,2024-03-12,19,8.16
3065,5,2024-03-13,12,6.92
3066,5,2024-03-13,19,7.97
3067,5,2024-03-14,12,7.63
3068,5,2024-03-14,19,8.72
3069,5,2024-03-15,12,7.15
3070,5,2024-03-15,19,7.75
3071,5,2024-03-16,12,5.11
3072,5,2024-03-16,19,5.36
3073,5,2024-03-17,12,4.56
3074,5,2024-03-17,19,4.44
3075,5,2024-03-18,12,6.93
3076,5,2024-03-18,19,8.49
3077,5,2024-03-19,12,7.88
3078,5,2024-03-19,19,7.2
3079,5,2024-03-20,12,10.0
3080,5,2024-03-20,19,8.08
3081,5,2024-03-21,12,5.88
3082,5,2024-03-21,19,6.4
3083,5,2024-03-22,12,5.67
3084,5,2024-03-22,19,8.56
3085,5,2024-03-23,12,6.22
3086,5,2024-03-23,19,5.34
3087,5,2024-03-24,12,5.22
3088,5,2024-03-24,19,5.43
3089,5,2024-03-25,12,6.6
3090,5,2024-03-25,19,7.1
3091,5,2024-03-26,12,8.53
3092,5,2024-03-26,19,6.97
3093,5,2024-03-27,12,6.73
3094,5,2024-03-27,19,6.04
3095,5,2024-03-28,12,7.23
3096,5,2024-03-28,19,8.29
3097,5,2024-03-29,12,7.53
3098,5,2024-03-29,19,4.05
3099,5,2024-03-30,12,6.74
3100,5,2024-03-30,19,5.21
3101,5,2024-03-31,12,4.07
3102,5,2024-03-31,19,4.21
3103,5,2024-04-01,12,7.48
3104,5,2024-04-01,19,6.72
3105,5,2024-04-02,12,7.36
3106,5,2024-04-02,19,7.22
3107,5,2024-04-03,12,7.31
3108,5,2024-04-03,19,6.61
3109,5,2024-04-04,12,7.11
3110,5,2024-04-04,19,6.93
3111,5,2024-04-05,12,6.16
3112,5,2024-04-05,19,8.39
3113,5,2024-04-06,12,4.37
3114,5,2024-04-06,19,5.46
3115,5,2024-04-07,12,6.22
3116,5,2024-04-07,19,7.29
3117,5,2024-04-08,12,6.72
3118,5,2024-04-08,19,7.16
3119,5,2024-04-09,12,7.38
3120,5,2024-04-09,19,5.17
3121,5,2024-04-10,12,4.81
3122,5,2024-04-10,19,5.79
3123,5,2024-04-11,12,6.68
3124,5,2024-04-11,19,6.03
3125,5,2024-04-12,12,8.15
3126,5,2024-04-12,19,7.62
3127,5,2024-04-13,12,5.65
3128,5,2024-04-13,19,4.62
3129,5,2024-04-14,12,7.47
3130,5,2024-04-14,19,4.98
3131,5,2024-04-15,12,6.39
3132,5,2024-04-15,19,7.41
3133,5,2024-04-16,12,8.64
3134,5,2024-04-16,19,6.76
3135,5,2024-04-17,12,8.67
3136,5,2024-04-17,19,6.67
3137,5,2024-04-18,12,6.63
3138,5,2024-04-18,19,6.28
3139,5,2024-04-19,12,7.04
3140,5,2024-04-19,19,7.47
3141,5,2024-04-20,12,4.5
3142,5,2024-04-20,19,5.2
3143,5,2024-04-21,12,4.99
3144,5,2024-04-21,19,5.23
3145,5,2024-04-22,12,8.19
3146,5,2024-04-22,19,7.69
3147,5,2024-04-23,12,8.6
3148,5,2024-04-23,19,6.94
3149,5,2024-04-24,12,6.49
3150,5,2024-04-24,19,7.23
3151,5,2024-04-25,12,8.57
3152,5,2024-04-25,19,7.41
3153,5,2024-04-26,12,7.76
3154,5,2024-04-26,19,6.03
3155,5,2024-04-27,12,6.07
3156,5,2024-04-27,19,6.1
3157,5,2024-04-28,12,4.83
3158,5,2024-04-28,19,6.44
3159,5,2024-04-29,12,6.84
3160,5,2024-04-29,19,7.47
3161,5,2024-04-30,12,7.27
3162,5,2024-04-30,19,7.24
3163,5,2024-05-01,12,6.39
3164,5,2024-05-01,19,8.14
3165,5,2024-05-02,12,8.21
3166,5,2024-05-02,19,7.18
3167,5,2024-05-03,12,6.11
3168,5,2024-05-03,19,6.98
3169,5,2024-05-04,12,4.89
3170,5,2024-05-04,19,6.37
3171,5,2024-05-05,12,5.5
3172,5,2024-05-05,19,5.52
3173,5,2024-05-06,12,6.4
3174,5,2024-05-06,19,7.15
3175,5,2024-05-07,12,7.44
3176,5,2024-05-07,19,7.87
3177,5,2024-05-08,12,6.57
3178,5,2024-05-08,19,5.92
3179,5,2024-05-09,12,6.32
3180,5,2024-05-09,19,7.82
3181,5,2024-05-10,12,7.64
3182,5,2024-05-10,19,6.95
3183,5,2024-05-11,12,4.31
3184,5,2024-05-11,19,5.38
3185,5,2024-05-12,12,6.06
3186,5,2024-05-12,19,7.39
3187,5,2024-05-13,12,7.06
3188,5,2024-05-13,19,5.21
3189,5,2024-05-14,12,8.0
3190,5,2024-05-14,19,5.69
3191,5,2024-05-15,12,6.71
3192,5,2024-05-15,19,6.83
3193,5,2024-05-16,12,7.05
3194,5,2024-05-16,19,8.36
3195,5,2024-05-17,12,6.72
3196,5,2024-05-17,19,5.94
3197,5,2024-05-18,12,6.69
3198,5,2024-05-18,19,4.9
3199,5,2024-05-19,12,4.9
3200,5,2024-05-19,19,4.41
3201,5,2024-05-20,12,7.17
3202,5,2024-05-20,19,6.2
3203,5,2024-05-21,12,8.45
3204,5,2024-05-21,19,8.17
3205,5,2024-05-22,12,8.0
3206,5,2024-05-22,19,7.05
3207,5,2024-05-23,12,5.98
3208,5,2024-05-23,19,7.22
3209,5,2024-05-24,12,6.93
3210,5,2024-05-24,19,7.51
3211,5,2024-05-25,12,4.65
3212,5,2024-05-25,19,6.64
3213,5,2024-05-26,12,7.82
3214,5,2024-05-26,19,7.48
3215,5,2024-05-27,12,6.87
3216,5,2024-05-27,19,8.44
3217,5,2024-05-28,12,6.11
3218,5,2024-05-28,19,6.43
3219,5,2024-05-29,12,6.27
3220,5,2024-05-29,19,4.53
3221,5,2024-05-30,12,6.92
3222,5,2024-05-30,19,5.83
3223,5,2024-05-31,12,8.28
3224,5,2024-05-31,19,8.13
3225,5,2024-06-01,12,2.33
3226,5,2024-06-01,19,5.78
3227,5,2024-06-02,12,5.77
3228,5,2024-06-02,19,4.07
3229,5,2024-06-03,12,6.89
3230,5,2024-06-03,19,6.28
3231,5,2024-06-04,12,5.61
3232,5,2024-06-04,19,6.55
3233,5,2024-06-05,12,8.31
3234,5,2024-06-05,19,8.1
3235,5,2024-06-06,12,6.71
3236,5,2024-06-06,19,6.51
3237,5,2024-06-07,12,5.94
3238,5,2024-06-07,19,6.04
3239,5,2024-06-08,12,5.88
3240,5,2024-06-08,19,4.6
3241,5,2024-06-09,12,4.63
3242,5,2024-06-09,19,6.65
3243,5,2024-06-10,12,6.92
3244,5,2024-06-10,19,7.92
3245,5,2024-06-11,12,6.69
3246,5,2024-06-11,19,5.36
3247,5,2024-06-12,12,8.17
3248,5,2024-06-12,19,7.05
3249,5,2024-06-13,12,6.86
3250,5,2024-06-13,19,6.34
3251,5,2024-06-14,12,7.26
3252,5,2024-06-14,19,4.66
3253,5,2024-06-15,12,5.84
3254,5,2024-06-15,19,4.93
3255,5,2024-06-16,12,4.79
3256,5,2024-06-16,19,4.83
3257,5,2024-06-17,12,6.98
3258,5,2024-06-17,19,5.71
3259,5,2024-06-18,12,7.71
3260,5,2024-06-18,19,5.87
3261,5,2024-06-19,12,8.19
3262,5,2024-06-19,19,6.51
3263,5,2024-06-20,12,8.1
3264,5,2024-06-20,19,6.84
3265,5,2024-06-21,12,7.52
3266,5,2024-06-21,19,9.2
3267,5,2024-06-22,12,4.59
3268,5,2024-06-22,19,8.09
3269,5,2024-06-23,12,5.75
3270,5,2024-06-23,19,4.5
3271,5,2024-06-24,12,7.4
3272,5,2024-06-24,19,9.37
3273,5,2024-06-25,12,6.23
3274,5,2024-06-25,19,7.34
3275,5,2024-06-26,12,6.79
3276,5,2024-06-26,19,7.01
3277,5,2024-06-27,12,6.13
3278,5,2024-06-27,19,9.35
3279,5,2024-06-28,12,7.65
3280,5,2024-06-28,19,8.08
3281,5,2024-06-29,12,6.89
3282,5,2024-06-29,19,5.44
3283,5,2024-06-30,12,6.07
3284,5,2024-06-30,19,5.97
3285,5,2024-07-01,12,5.92
3286,5,2024-07-01,19,6.5
3287,5,2024-07-02,12,8.41
3288,5,2024-07-02,19,6.46
3289,5,2024-07-03,12,5.25
3290,5,2024-07-03,19,6.16
3291,5,2024-07-04,12,7.32
3292,5,2024-07-04,19,7.92
3293,5,2024-07-05,12,7.66
3294,5,2024-07-05,19,6.17
3295,5,2024-07-06,12,4.6
3296,5,2024-07-06,19,5.71
3297,5,2024-07-07,12,5.23
3298,5,2024-07-07,19,5.69
3299,5,2024-07-08,12,6.52
3300,5,2024-07-08,19,6.91
3301,5,2024-07-09,12,6.69
3302,5,2024-07-09,19,7.43
3303,5,2024-07-10,12,7.0
3304,5,2024-07-10,19,6.63
3305,5,2024-07-11,12,5.66
3306,5,2024-07-11,19,9.2
3307,5,2024-07-12,12,7.38
3308,5,2024-07-12,19,8.3
3309,5,2024-07-13,12,6.83
3310,5,2024-07-13,19,4.98
3311,5,2024-07-14,12,5.24
3312,5,2024-07-14,19,4.34
3313,5,2024-07-15,12,5.92
3314,5,2024-07-15,19,7.96
3315,5,2024-07-16,12,6.56
3316,5,2024-07-16,19,5.56
3317,5,2024-07-17,12,6.61
3318,5,2024-07-17,19,8.77
3319,5,2024-07-18,12,7.72
3320,5,2024-07-18,19,8.37
3321,5,2024-07-19,12,5.09
3322,5,2024-07-19,19,6.29
3323,5,2024-07-20,12,6.5
3324,5,2024-07-20,19,4.39
3325,5,2024-07-21,12,5.05
3326,5,2024-07-21,19,6.52
3327,5,2024-07-22,12,8.58
3328,5,2024-07-22,19,9.55
3329,5,2024-07-23,12,6.16
3330,5,2024-07-23,19,7.74
3331,5,2024-07-24,12,6.91
3332,5,2024-07-24,19,8.95
3333,5,2024-07-25,12,9.24
3334,5,2024-07-25,19,6.46
3335,5,2024-07-26,12,8.18
3336,5,2024-07-26,19,6.3
3337,5,2024-07-27,12,5.18
3338,5,2024-07-27,19,4.79
3339,5,2024-07-28,12,4.56
3340,5,2024-07-28,19,4.14
3341,5,2024-07-29,12,8.96
3342,5,2024-07-29,19,7.05
3343,5,2024-07-30,12,6.5
3344,5,2024-07-30,19,5.24
3345,5,2024-07-31,12,7.09
3346,5,2024-07-31,19,6.72
3347,5,2024-08-01,12,5.72
3348,5,2024-08-01,19,7.69
3349,5,2024-08-02,12,6.33
3350,5,2024-08-02,19,5.26
3351,5,2024-08-03,12,6.61
3352,5,2024-08-03,19,6.4
3353,5,2024-08-04,12,6.84
3354,5,2024-08-04,19,5.41
3355,5,2024-08-05,12,6.91
3356,5,2024-08-05,19,6.32
3357,5,2024-08-06,12,8.18
3358,5,2024-08-06,19,5.5
3359,5,2024-08-07,12,8.17
3360,5,2024-08-07,19,6.93
3361,5,2024-08-08,12,7.17
3362,5,2024-08-08,19,8.55
3363,5,2024-08-09,12,7.08
3364,5,2024-08-09,19,7.26
3365,5,2024-08-10,12,5.88
3366,5,2024-08-10,19,5.65
3367,5,2024-08-11,12,6.34
3368,5,2024-08-11,19,7.19
3369,5,2024-08-12,12,6.2
3370,5,2024-08-12,19,5.94
3371,5,2024-08-13,12,7.88
3372,5,2024-08-13,19,7.42
3373,5,2024-08-14,12,6.74
3374,5,2024-08-14,19,6.68
3375,5,2024-08-15,12,7.68
3376,5,2024-08-15,19,6.49
3377,5,2024-08-16,12,6.47
3378,5,2024-08-16,19,7.18
3379,5,2024-08-17,12,3.89
3380,5,2024-08-17,19,5.24
3381,5,2024-08-18,12,5.78
3382,5,2024-08-18,19,4.67
3383,5,2024-08-19,12,5.89
3384,5,2024-08-19,19,7.22
3385,5,2024-08-20,12,8.42
3386,5,2024-08-20,19,7.18
3387,5,2024-08-21,12,6.38
3388,5,2024-08-21,19,5.66
3389,5,2024-08-22,12,6.77
3390,5,2024-08-22,19,7.45
3391,5,2024-08-23,12,7.59
3392,5,2024-08-23,19,5.4
3393,5,2024-08-24,12,4.11
3394,5,2024-08-24,19,7.71
3395,5,2024-08-25,12,6.11
3396,5,2024-08-25,19,5.46
3397,5,2024-08-26,12,8.95
3398,5,2024-08-26,19,8.17
3399,5,2024-08-27,12,5.62
3400,5,2024-08-27,19,6.22
3401,5,2024-08-28,12,7.85
3402,5,2024-08-28,19,5.94
3403,5,2024-08-29,12,7.77
3404,5,2024-08-29,19,7.47
3405,5,2024-08-30,12,8.47
3406,5,2024-08-30,19,8.5
3407,5,2024-08-31,12,5.51
3408,5,2024-08-31,19,4.99
3409,5,2024-09-01,12,3.71
3410,5,2024-09-01,19,6.07
3411,5,2024-09-02,12,8.1
3412,5,2024-09-02,19,6.47
3413,5,2024-09-03,12,8.4
3414,5,2024-09-03,19,6.61
3415,5,2024-09-04,12,7.83
3416,5,2024-09-04,19,7.09
3417,5,2024-09-05,12,7.0
3418,5,2024-09-05,19,8.9
3419,5,2024-09-06,12,7.25
3420,5,2024-09-06,19,6.48
3421,5,2024-09-07,12,5.26
3422,5,2024-09-07,19,7.43
3423,5,2024-09-08,12,4.77
3424,5,2024-09-08,19,6.26
3425,5,2024-09-09,12,7.42
3426,5,2024-09-09,19,7.46
3427,5,2024-09-10,12,5.81
3428,5,2024-09-10,19,6.59
3429,5,2024-09-11,12,4.81
3430,5,2024-09-11,19,8.46
3431,5,2024-09-12,12,8.06
3432,5,2024-09-12,19,6.56
3433,5,2024-09-13,12,7.08
3434,5,2024-09-13,19,7.37
3435,5,2024-09-14,12,4.71
3436,5,2024-09-14,19,6.3
3437,5,2024-09-15,12,5.99
3438,5,2024-09-15,19,6.71
3439,5,2024-09-16,12,7.04
3440,5,2024-09-16,19,6.77
3441,5,2024-09-17,12,6.07
3442,5,2024-09-17,19,6.01
3443,5,2024-09-18,12,7.88
3444,5,2024-09-18,19,6.9
3445,5,2024-09-19,12,8.16
3446,5,2024-09-19,19,8.32
3447,5,2024-09-20,12,7.08
3448,5,2024-09-20,19,7.33
3449,5,2024-09-21,12,5.53
3450,5,2024-09-21,19,4.85
3451,5,2024-09-22,12,6.89
3452,5,2024-09-22,19,4.87
3453,5,2024-09-23,12,5.36
3454,5,2024-09-23,19,7.63
3455,5,2024-09-24,12,6.21
3456,5,2024-09-24,19,7.83
3457,5,2024-09-25,12,6.54
3458,5,2024-09-25,19,8.23
3459,5,2024-09-26,12,7.6
3460,5,2024-09-26,19,6.54
3461,5,2024-09-27,12,5.92
3462,5,2024-09-27,19,7.61
3463,5,2024-09-28,12,5.98
3464,5,2024-09-28,19,6.43
3465,5,2024-09-29,12,5.69
3466,5,2024-09-29,19,6.55
3467,5,2024-09-30,12,6.77
3468,5,2024-09-30,19,6.67
3469,5,2024-10-01,12,8.08
3470,5,2024-10-01,19,7.47
3471,5,2024-10-02,12,6.99
3472,5,2024-10-02,19,8.56
3473,5,2024-10-03,12,6.96
3474,5,2024-10-03,19,8.16
3475,5,2024-10-04,12,7.02
3476,5,2024-10-04,19,5.97
3477,5,2024-10-05,12,5.1
3478,5,2024-10-05,19,5.13
3479,5,2024-10-06,12,6.45
3480,5,2024-10-06,19,5.76
3481,5,2024-10-07,12,7.46
3482,5,2024-10-07,19,6.35
3483,5,2024-10-08,12,6.98
3484,5,2024-10-08,19,6.66
3485,5,2024-10-09,12,7.05
3486,5,2024-10-09,19,7.65
3487,5,2024-10-10,12,6.62
3488,5,2024-10-10,19,9.74
3489,5,2024-10-11,12,7.07
3490,5,2024-10-11,19,7.16
3491,5,2024-10-12,12,5.88
3492,5,2024-10-12,19,5.17
3493,5,2024-10-13,12,3.95
3494,5,2024-10-13,19,4.97
3495,5,2024-10-14,12,5.68
3496,5,2024-10-14,19,6.94
3497,5,2024-10-15,12,6.83
3498,5,2024-10-15,19,7.9
3499,5,2024-10-16,12,8.33
3500,5,2024-10-16,19,6.94
3501,5,2024-10-17,12,5.69
3502,5,2024-10-17,19,7.86
3503,5,2024-10-18,12,8.91
3504,5,2024-10-18,19,9.53
3505,5,2024-10-19,12,5.59
3506,5,2024-10-19,19,6.4
3507,5,2024-10-20,12,5.04
3508,5,2024-10-20,19,6.36
3509,5,2024-10-21,12,6.6
3510,5,2024-10-21,19,7.17
3511,5,2024-10-22,12,7.33
3512,5,2024-10-22,19,5.97
3513,5,2024-10-23,12,7.34
3514,5,2024-10-23,19,8.02
3515,5,2024-10-24,12,5.48
3516,5,2024-10-24,19,8.17
3517,5,2024-10-25,12,7.31
3518,5,2024-10-25,19,7.05
3519,5,2024-10-26,12,5.44
3520,5,2024-10-26,19,4.04
3521,5,2024-10-27,12,4.77
3522,5,2024-10-27,19,5.33
3523,5,2024-10-28,12,7.57
3524,5,2024-10-28,19,7.96
3525,5,2024-10-29,12,8.73
3526,5,2024-10-29,19,10.0
3527,5,2024-10-30,12,6.89
3528,5,2024-10-30,19,4.72
3529,5,2024-10-31,12,8.55
3530,5,2024-10-31,19,6.71
3531,5,2024-11-01,12,6.82
3532,5,2024-11-01,19,8.06
3533,5,2024-11-02,12,6.31
3534,5,2024-11-02,19,5.75
3535,5,2024-11-03,12,5.7
3536,5,2024-11-03,19,6.03
3537,5,2024-11-04,12,8.02
3538,5,2024-11-04,19,7.78
3539,5,2024-11-05,12,6.58
3540,5,2024-11-05,19,7.73
3541,5,2024-11-06,12,6.1
3542,5,2024-11-06,19,6.37
3543,5,2024-11-07,12,7.09
3544,5,2024-11-07,19,6.0
3545,5,2024-11-08,12,5.84
3546,5,2024-11-08,19,6.85
3547,5,2024-11-09,12,4.78
3548,5,2024-11-09,19,4.32
3549,5,2024-11-10,12,4.02
3550,5,2024-11-10,19,5.67
3551,5,2024-11-11,12,7.85
3552,5,2024-11-11,19,5.68
3553,5,2024-11-12,12,6.58
3554,5,2024-11-12,19,7.48
3555,5,2024-11-13,12,8.91
3556,5,2024-11-13,19,8.04
3557,5,2024-11-14,12,8.25
3558,5,2024-11-14,19,5.97
3559,5,2024-11-15,12,7.56
3560,5,2024-11-15,19,7.66
3561,5,2024-11-16,12,7.05
3562,5,2024-11-16,19,3.6
3563,5,2024-11-17,12,4.67
3564,5,2024-11-17,19,4.53
3565,5,2024-11-18,12,6.99
3566,5,2024-11-18,19,7.69
3567,5,2024-11-19,12,6.35
3568,5,2024-11-19,19,7.47
3569,5,2024-11-20,12,9.1
3570,5,2024-11-20,19,6.79
3571,5,2024-11-21,12,7.36
3572,5,2024-11-21,19,7.14
3573,5,2024-11-22,12,5.65
3574,5,2024-11-22,19,7.23
3575,5,2024-11-23,12,5.6
3576,5,2024-11-23,19,5.91
3577,5,2024-11-24,12,6.09
3578,5,2024-11-24,19,6.58
3579,5,2024-11-25,12,7.02
3580,5,2024-11-25,19,6.53
3581,5,2024-11-26,12,7.34
3582,5,2024-11-26,19,6.37
3583,5,2024-11-27,12,6.03
3584,5,2024-11-27,19,6.44
3585,5,2024-11-28,12,6.01
3586,5,2024-11-28,19,6.76
3587,5,2024-11-29,12,6.74
3588,5,2024-11-29,19,8.17
3589,5,2024-11-30,12,6.56
3590,5,2024-11-30,19,4.44
3591,5,2024-12-01,12,5.8
3592,5,2024-12-01,19,3.16
3593,5,2024-12-02,12,8.12
3594,5,2024-12-02,19,5.78
3595,5,2024-12-03,12,6.52
3596,5,2024-12-03,19,6.79
3597,5,2024-12-04,12,5.89
3598,5,2024-12-04,19,7.25
3599,5,2024-12-05,12,7.51
3600,5,2024-12-05,19,7.09
3601,5,2024-12-06,12,7.4
3602,5,2024-12-06,19,8.71
3603,5,2024-12-07,12,7.18
3604,5,2024-12-07,19,5.45
3605,5,2024-12-08,12,5.71
3606,5,2024-12-08,19,7.0
3607,5,2024-12-09,12,7.8
3608,5,2024-12-09,19,8.92
3609,5,2024-12-10,12,7.74
3610,5,2024-12-10,19,5.04
3611,5,2024-12-11,12,7.14
3612,5,2024-12-11,19,6.55
3613,5,2024-12-12,12,6.59
3614,5,2024-12-12,19,8.64
3615,5,2024-12-13,12,7.04
3616,5,2024-12-13,19,6.52
3617,5,2024-12-14,12,6.49
3618,5,2024-12-14,19,5.61
3619,5,2024-12-15,12,6.66
3620,5,2024-12-15,19,5.92
3621,5,2024-12-16,12,7.25
3622,5,2024-12-16,19,7.67
3623,5,2024-12-17,12,5.93
3624,5,2024-12-17,19,5.79
3625,5,2024-12-18,12,6.54
3626,5,2024-12-18,19,8.16
3627,5,2024-12-19,12,6.29
3628,5,2024-12-19,19,7.93
3629,5,2024-12-20,12,6.94
3630,5,2024-12-20,19,7.76
3631,5,2024-12-21,12,3.77
3632,5,2024-12-21,19,5.22
3633,5,2024-12-22,12,5.47
3634,5,2024-12-22,19,5.93
3635,5,2024-12-23,12,7.69
3636,5,2024-12-23,19,6.82
3637,5,2024-12-24,12,8.03
3638,5,2024-12-24,19,7.04
3639,5,2024-12-25,12,5.75
3640,5,2024-12-25,19,8.06
3641,5,2024-12-26,12,6.95
3642,5,2024-12-26,19,7.76
3643,5,2024-12-27,12,7.76
3644,5,2024-12-27,19,5.58
3645,5,2024-12-28,12,5.96
3646,5,2024-12-28,19,4.35
3647,5,2024-12-29,12,4.37
3648,5,2024-12-29,19,4.64
3649,5,2024-12-30,12,8.26
3650,5,2024-12-30,19,8.31
3651,6,2024-01-01,12,4.7
3652,6,2024-01-01,19,5.02
3653,6,2024-01-02,12,2.59
3654,6,2024-01-02,19,6.36
3655,6,2024-01-03,12,7.81
3656,6,2024-01-03,19,5.68
3657,6,2024-01-04,12,5.9
3658,6,2024-01-04,19,3.77
3659,6,2024-01-05,12,5.51
3660,6,2024-01-05,19,5.46
3661,6,2024-01-06,12,3.75
3662,6,2024-01-06,19,3.51
3663,6,2024-01-07,12,5.49
3664,6,2024-01-07,19,3.26
3665,6,2024-01-08,12,5.23
3666,6,2024-01-08,19,8.22
3667,6,2024-01-09,12,5.84
3668,6,2024-01-09,19,5.12
3669,6,2024-01-10,12,6.67
3670,6,2024-01-10,19,6.27
3671,6,2024-01-11,12,4.88
3672,6,2024-01-11,19,6.92
3673,6,2024-01-12,12,6.29
3674,6,2024-01-12,19,5.05
3675,6,2024-01-13,12,5.14
3676,6,2024-01-13,19,5.71
3677,6,2024-01-14,12,4.06
3678,6,2024-01-14,19,3.47
3679,6,2024-01-15,12,6.23
3680,6,2024-01-15,19,5.92
3681,6,2024-01-16,12,3.09
3682,6,2024-01-16,19,5.66
3683,6,2024-01-17,12,7.06
3684,6,2024-01-17,19,7.47
3685,6,2024-01-18,12,5.52
3686,6,2024-01-18,19,5.79
3687,6,2024-01-19,12,5.59
3688,6,2024-01-19,19,6.03
3689,6,2024-01-20,12,4.82
3690,6,2024-01-20,19,7.04
3691,6,2024-01-21,12,3.79
3692,6,2024-01-21,19,5.88
3693,6,2024-01-22,12,6.89
3694,6,2024-01-22,19,5.05
3695,6,2024-01-23,12,7.04
3696,6,2024-01-23,19,4.67
3697,6,2024-01-24,12,5.91
3698,6,2024-01-24,19,5.18
3699,6,2024-01-25,12,7.17
3700,6,2024-01-25,19,5.66
3701,6,2024-01-26,12,5.66
3702,6,2024-01-26,19,3.92
3703,6,2024-01-27,12,5.56
3704,6,2024-01-27,19,4.9
3705,6,2024-01-28,12,4.48
3706,6,2024-01-28,19,4.4
3707,6,2024-01-29,12,5.74
3708,6,2024-01-29,19,6.18
3709,6,2024-01-30,12,6.87
3710,6,2024-01-30,19,3.6
3711,6,2024-01-31,12,6.15
3712,6,2024-01-31,19,5.4
3713,6,2024-02-01,12,4.52
3714,6,2024-02-01,19,7.45
3715,6,2024-02-02,12,5.06
3716,6,2024-02-02,19,6.29
3717,6,2024-02-03,12,4.04
3718,6,2024-02-03,19,3.44
3719,6,2024-02-04,12,3.53
3720,6,2024-02-04,19,3.72
3721,6,2024-02-05,12,6.77
3722,6,2024-02-05,19,7.89
3723,6,2024-02-06,12,6.58
3724,6,2024-02-06,19,4.2
3725,6,2024-02-07,12,5.02
3726,6,2024-02-07,19,6.62
3727,6,2024-02-08,12,5.7
3728,6,2024-02-08,19,4.5
3729,6,2024-02-09,12,6.19
3730,6,2024-02-09,19,5.88
3731,6,2024-02-10,12,3.21
3732,6,2024-02-10,19,4.73
3733,6,2024-02-11,12,5.15
3734,6,2024-02-11,19,3.83
3735,6,2024-02-12,12,7.96
3736,6,2024-02-12,19,8.16
3737,6,2024-02-13,12,6.03
3738,6,2024-02-13,19,5.83
3739,6,2024-02-14,12,5.12
3740,6,2024-02-14,19,6.61
3741,6,2024-02-15,12,6.15
3742,6,2024-02-15,19,7.95
3743,6,2024-02-16,12,4.82
3744,6,2024-02-16,19,6.69
3745,6,2024-02-17,12,6.1
3746,6,2024-02-17,19,3.72
3747,6,2024-02-18,12,3.8
3748,6,2024-02-18,19,3.46
3749,6,2024-02-19,12,6.03
3750,6,2024-02-19,19,6.22
3751,6,2024-02-20,12,5.43
3752,6,2024-02-20,19,5.93
3753,6,2024-02-21,12,5.16
3754,6,2024-02-21,19,5.37
3755,6,2024-02-22,12,7.62
3756,6,2024-02-22,19,3.07
3757,6,2024-02-23,12,5.89
3758,6,2024-02-23,19,5.06
3759,6,2024-02-24,12,5.24
3760,6,2024-02-24,19,3.96
3761,6,2024-02-25,12,4.93
3762,6,2024-02-25,19,5.29
3763,6,2024-02-26,12,5.78
3764,6,2024-02-26,19,4.87
3765,6,2024-02-27,12,5.89
3766,6,2024-02-27,19,6.46
3767,6,2024-02-28,12,5.04
3768,6,2024-02-28,19,6.56
3769,6,2024-02-29,12,7.83
3770,6,2024-02-29,19,6.19
3771,6,2024-03-01,12,6.75
3772,6,2024-03-01,19,6.07
3773,6,2024-03-02,12,7.13
3774,6,2024-03-02,19,4.09
3775,6,2024-03-03,12,5.65
3776,6,2024-03-03,19,4.97
3777,6,2024-03-04,12,4.77
3778,6,2024-03-04,19,5.4
3779,6,2024-03-05,12,4.55
3780,6,2024-03-05,19,6.3
3781,6,2024-03-06,12,8.74
3782,6,2024-03-06,19,6.58
3783,6,2024-03-07,12,6.39
3784,6,2024-03-07,19,7.47
3785,6,2024-03-08,12,5.48
3786,6,2024-03-08,19,5.18
3787,6,2024-03-09,12,5.54
3788,6,2024-03-09,19,6.22
3789,6,2024-03-10,12,4.33
3790,6,2024-03-10,19,6.21
3791,6,2024-03-11,12,5.57
3792,6,2024-03-11,19,6.61
3793,6,2024-03-12,12,6.29
3794,6,2024-03-12,19,7.12
3795,6,2024-03-13,12,6.17
3796,6,2024-03-13,19,4.37
3797,6,2024-03-14,12,4.91
3798,6,2024-03-14,19,5.5
3799,6,2024-03-15,12,5.67
3800,6,2024-03-15,19,6.06
3801,6,2024-03-16,12,4.36
3802,6,2024-03-16,19,5.74
3803,6,2024-03-17,12,3.71
3804,6,2024-03-17,19,3.53
3805,6,2024-03-18,12,3.74
3806,6,2024-03-18,19,4.94
3807,6,2024-03-19,12,7.54
3808,6,2024-03-19,19,6.36
3809,6,2024-03-20,12,4.94
3810,6,2024-03-20,19,6.41
3811,6,2024-03-21,12,7.06
3812,6,2024-03-21,19,6.75
3813,6,2024-03-22,12,7.01
3814,6,2024-03-22,19,6.13
3815,6,2024-03-23,12,3.96
3816,6,2024-03-23,19,5.25
3817,6,2024-03-24,12,3.87
3818,6,2024-03-24,19,2.19
3819,6,2024-03-25,12,5.73
3820,6,2024-03-25,19,5.04
3821,6,2024-03-26,12,5.29
3822,6,2024-03-26,19,4.93
3823,6,2024-03-27,12,5.95
3824,6,2024-03-27,19,5.21
3825,6,2024-03-28,12,8.16
3826,6,2024-03-28,19,6.5
3827,6,2024-03-29,12,5.71
3828,6,2024-03-29,19,5.38
3829,6,2024-03-30,12,3.99
3830,6,2024-03-30,19,5.12
3831,6,2024-03-31,12,5.77
3832,6,2024-03-31,19,4.15
3833,6,2024-04-01,12,6.09
3834,6,2024-04-01,19,6.44
3835,6,2024-04-02,12,5.18
3836,6,2024-04-02,19,4.44
3837,6,2024-04-03,12,5.51
3838,6,2024-04-03,19,6.42
3839,6,2024-04-04,12,6.13
3840,6,2024-04-04,19,6.38
3841,6,2024-04-05,12,5.62
3842,6,2024-04-05,19,7.4
3843,6,2024-04-06,12,4.79
3844,6,2024-04-06,19,5.45
3845,6,2024-04-07,12,3.39
3846,6,2024-04-07,19,4.95
3847,6,2024-04-08,12,6.66
3848,6,2024-04-08,19,5.66
3849,6,2024-04-09,12,7.82
3850,6,2024-04-09,19,7.4
3851,6,2024-04-10,12,5.76
3852,6,2024-04-10,19,5.0
3853,6,2024-04-11,12,4.96
3854,6,2024-04-11,19,4.93
3855,6,2024-04-12,12,5.51
3856,6,2024-04-12,19,6.05
3857,6,2024-04-13,12,4.91
3858,6,2024-04-13,19,2.21
3859,6,2024-04-14,12,3.05
3860,6,2024-04-14,19,5.67
3861,6,2024-04-15,12,6.2
3862,6,2024-04-15,19,6.16
3863,6,2024-04-16,12,5.43
3864,6,2024-04-16,19,7.71
3865,6,2024-04-17,12,4.82
3866,6,2024-04-17,19,6.88
3867,6,2024-04-18,12,6.22
3868,6,2024-04-18,19,6.61
3869,6,2024-04-19,12,7.6
3870,6,2024-04-19,19,4.72
3871,6,2024-04-20,12,3.86
3872,6,2024-04-20,19,5.29
3873,6,2024-04-21,12,5.45
3874,6,2024-04-21,19,4.38
3875,6,2024-04-22,12,5.54
3876,6,2024-04-22,19,6.27
3877,6,2024-04-23,12,5.48
3878,6,2024-04-23,19,5.52
3879,6,2024-04-24,12,6.22
3880,6,2024-04-24,19,6.17
3881,6,2024-04-25,12,5.63
3882,6,2024-04-25,19,6.1
3883,6,2024-04-26,12,5.06
3884,6,2024-04-26,19,5.35
3885,6,2024-04-27,12,1.85
3886,6,2024-04-27,19,4.7
3887,6,2024-04-28,12,4.43
3888,6,2024-04-28,19,3.92
3889,6,2024-04-29,12,5.47
3890,6,2024-04-29,19,6.4
3891,6,2024-04-30,12,6.5
3892,6,2024-04-30,19,5.5
3893,6,2024-05-01,12,6.42
3894,6,2024-05-01,19,6.22
3895,6,2024-05-02,12,6.36
3896,6,2024-05-02,19,4.28
3897,6,2024-05-03,12,6.18
3898,6,2024-05-03,19,7.23
3899,6,2024-05-04,12,4.88
3900,6,2024-05-04,19,5.47
3901,6,2024-05-05,12,3.47
3902,6,2024-05-05,19,4.24
3903,6,2024-05-06,12,6.13
3904,6,2024-05-06,19,4.63
3905,6,2024-05-07,12,7.69
3906,6,2024-05-07,19,3.57
3907,6,2024-05-08,12,5.61
3908,6,2024-05-08,19,9.15
3909,6,2024-05-09,12,7.49
3910,6,2024-05-09,19,6.1
3911,6,2024-05-10,12,7.68
3912,6,2024-05-10,19,7.85
3913,6,2024-05-11,12,4.89
3914,6,2024-05-11,19,3.14
3915,6,2024-05-12,12,5.96
3916,6,2024-05-12,19,4.33
3917,6,2024-05-13,12,4.89
3918,6,2024-05-13,19,5.83
3919,6,2024-05-14,12,4.28
3920,6,2024-05-14,19,5.65
3921,6,2024-05-15,12,5.44
3922,6,2024-05-15,19,6.19
3923,6,2024-05-16,12,5.32
3924,6,2024-05-16,19,5.79
3925,6,2024-05-17,12,5.63
3926,6,2024-05-17,19,5.54
3927,6,2024-05-18,12,5.09
3928,6,2024-05-18,19,4.16
3929,6,2024-05-19,12,4.05
3930,6,2024-05-19,19,6.68
3931,6,2024-05-20,12,5.56
3932,6,2024-05-20,19,6.12
3933,6,2024-05-21,12,7.68
3934,6,2024-05-21,19,6.1
3935,6,2024-05-22,12,5.26
3936,6,2024-05-22,19,8.27
3937,6,2024-05-23,12,6.9
3938,6,2024-05-23,19,7.04
3939,6,2024-05-24,12,5.4
3940,6,2024-05-24,19,4.88
3941,6,2024-05-25,12,5.06
3942,6,2024-05-25,19,5.08
3943,6,2024-05-26,12,4.17
3944,6,2024-05-26,19,4.32
3945,6,2024-05-27,12,4.97
3946,6,2024-05-27,19,4.75
3947,6,2024-05-28,12,5.81
3948,6,2024-05-28,19,6.39
3949,6,2024-05-29,12,5.73
3950,6,2024-05-29,19,5.7
3951,6,2024-05-30,12,5.82
3952,6,2024-05-30,19,5.9
3953,6,2024-05-31,12,6.34
3954,6,2024-05-31,19,6.35
3955,6,2024-06-01,12,4.75
3956,6,2024-06-01,19,2.42
3957,6,2024-06-02,12,3.82
3958,6,2024-06-02,19,5.69
3959,6,2024-06-03,12,8.02
3960,6,2024-06-03,19,6.09
3961,6,2024-06-04,12,5.02
3962,6,2024-06-04,19,6.34
3963,6,2024-06-05,12,5.98
3964,6,2024-06-05,19,4.6
3965,6,2024-06-06,12,6.19
3966,6,2024-06-06,19,5.93
3967,6,2024-06-07,12,5.72
3968,6,2024-06-07,19,4.82
3969,6,2024-06-08,12,5.06
3970,6,2024-06-08,19,3.85
3971,6,2024-06-09,12,5.15
3972,6,2024-06-09,19,4.29
3973,6,2024-06-10,12,5.9
3974,6,2024-06-10,19,6.44
3975,6,2024-06-11,12,6.36
3976,6,2024-06-11,19,7.04
3977,6,2024-06-12,12,6.24
3978,6,2024-06-12,19,6.53
3979,6,2024-06-13,12,4.8
3980,6,2024-06-13,19,5.33
3981,6,2024-06-14,12,5.79
3982,6,2024-06-14,19,6.88
3983,6,2024-06-15,12,5.02
3984,6,2024-06-15,19,5.04
3985,6,2024-06-16,12,5.0
3986,6,2024-06-16,19,3.63
3987,6,2024-06-17,12,6.23
3988,6,2024-06-17,19,6.68
3989,6,2024-06-18,12,6.94
3990,6,2024-06-18,19,4.67
3991,6,2024-06-19,12,7.18
3992,6,2024-06-19,19,7.91
3993,6,2024-06-20,12,5.43
3994,6,2024-06-20,19,5.87
3995,6,2024-06-21,12,4.98
3996,6,2024-06-21,19,6.14
3997,6,2024-06-22,12,6.02
3998,6,2024-06-22,19,6.25
3999,6,2024-06-23,12,4.78
4000,6,2024-06-23,19,6.53
4001,6,2024-06-24,12,5.37
4002,6,2024-06-24,19,7.7
4003,6,2024-06-25,12,6.82
4004,6,2024-06-25,19,7.54
4005,6,2024-06-26,12,7.25
4006,6,2024-06-26,19,5.53
4007,6,2024-06-27,12,8.17
4008,6,2024-06-27,19,5.85
4009,6,2024-06-28,12,6.06
4010,6,2024-06-28,19,5.16
4011,6,2024-06-29,12,5.78
4012,6,2024-06-29,19,4.54
4013,6,2024-06-30,12,5.17
4014,6,2024-06-30,19,4.27
4015,6,2024-07-01,12,6.26
4016,6,2024-07-01,19,5.0
4017,6,2024-07-02,12,5.18
4018,6,2024-07-02,19,6.03
4019,6,2024-07-03,12,6.16
4020,6,2024-07-03,19,7.8
4021,6,2024-07-04,12,5.49
4022,6,2024-07-04,19,4.1
4023,6,2024-07-05,12,6.68
4024,6,2024-07-05,19,6.92
4025,6,2024-07-06,12,3.52
4026,6,2024-07-06,19,4.79
4027,6,2024-07-07,12,3.7
4028,6,2024-07-07,19,3.47
4029,6,2024-07-08,12,6.79
4030,6,2024-07-08,19,6.86
4031,6,2024-07-09,12,6.49
4032,6,2024-07-09,19,4.33
4033,6,2024-07-10,12,6.24
4034,6,2024-07-10,19,4.95
4035,6,2024-07-11,12,4.64
4036,6,2024-07-11,19,7.19
4037,6,2024-07-12,12,6.0
4038,6,2024-07-12,19,6.3
4039,6,2024-07-13,12,3.78
4040,6,2024-07-13,19,5.89
4041,6,2024-07-14,12,4.81
4042,6,2024-07-14,19,6.02
4043,6,2024-07-15,12,5.36
4044,6,2024-07-15,19,5.93
4045,6,2024-07-16,12,6.87
4046,6,2024-07-16,19,5.91
4047,6,2024-07-17,12,6.17
4048,6,2024-07-17,19,2.97
4049,6,2024-07-18,12,5.55
4050,6,2024-07-18,19,5.87
4051,6,2024-07-19,12,4.76
4052,6,2024-07-19,19,7.56
4053,6,2024-07-20,12,3.0
4054,6,2024-07-20,19,5.66
4055,6,2024-07-21,12,4.0
4056,6,2024-07-21,19,3.55
4057,6,2024-07-22,12,6.01
4058,6,2024-07-22,19,6.59
4059,6,2024-07-23,12,5.87
4060,6,2024-07-23,19,6.1
4061,6,2024-07-24,12,5.3
4062,6,2024-07-24,19,5.66
4063,6,2024-07-25,12,4.02
4064,6,2024-07-25,19,7.11
4065,6,2024-07-26,12,7.27
4066,6,2024-07-26,19,5.55
4067,6,2024-07-27,12,4.43
4068,6,2024-07-27,19,3.5
4069,6,2024-07-28,12,3.85
4070,6,2024-07-28,19,3.82
4071,6,2024-07-29,12,6.02
4072,6,2024-07-29,19,5.41
4073,6,2024-07-30,12,5.76
4074,6,2024-07-30,19,5.31
4075,6,2024-07-31,12,6.37
4076,6,2024-07-31,19,6.33
4077,6,2024-08-01,12,8.06
4078,6,2024-08-01,19,6.25
4079,6,2024-08-02,12,7.57
4080,6,2024-08-02,19,6.66
4081,6,2024-08-03,12,4.18
4082,6,2024-08-03,19,5.19
4083,6,2024-08-04,12,4.6
4084,6,2024-08-04,19,5.89
4085,6,2024-08-05,12,4.94
4086,6,2024-08-05,19,4.56
4087,6,2024-08-06,12,4.56
4088,6,2024-08-06,19,5.29
4089,6,2024-08-07,12,6.38
4090,6,2024-08-07,19,6.57
4091,6,2024-08-08,12,6.81
4092,6,2024-08-08,19,6.36
4093,6,2024-08-09,12,4.11
4094,6,2024-08-09,19,6.47
4095,6,2024-08-10,12,3.8
4096,6,2024-08-10,19,5.76
4097,6,2024-08-11,12,3.85
4098,6,2024-08-11,19,3.58
4099,6,2024-08-12,12,4.39
4100,6,2024-08-12,19,5.66
4101,6,2024-08-13,12,7.15
4102,6,2024-08-13,19,6.18
4103,6,2024-08-14,12,6.1
4104,6,2024-08-14,19,7.38
4105,6,2024-08-15,12,4.39
4106,6,2024-08-15,19,6.74
4107,6,2024-08-16,12,5.65
4108,6,2024-08-16,19,6.69
4109,6,2024-08-17,12,5.14
4110,6,2024-08-17,19,3.37
4111,6,2024-08-18,12,4.47
4112,6,2024-08-18,19,3.23
4113,6,2024-08-19,12,5.76
4114,6,2024-08-19,19,5.57
4115,6,2024-08-20,12,7.43
4116,6,2024-08-20,19,6.05
4117,6,2024-08-21,12,5.99
4118,6,2024-08-21,19,5.67
4119,6,2024-08-22,12,7.07
4120,6,2024-08-22,19,6.24
4121,6,2024-08-23,12,5.72
4122,6,2024-08-23,19,4.98
4123,6,2024-08-24,12,2.35
4124,6,2024-08-24,19,2.97
4125,6,2024-08-25,12,4.2
4126,6,2024-08-25,19,5.22
4127,6,2024-08-26,12,6.5
4128,6,2024-08-26,19,7.18
4129,6,2024-08-27,12,6.63
4130,6,2024-08-27,19,4.99
4131,6,2024-08-28,12,3.26
4132,6,2024-08-28,19,4.97
4133,6,2024-08-29,12,6.54
4134,6,2024-08-29,19,6.04
4135,6,2024-08-30,12,4.97
4136,6,2024-08-30,19,5.86
4137,6,2024-08-31,12,4.13
4138,6,2024-08-31,19,6.15
4139,6,2024-09-01,12,5.26
4140,6,2024-09-01,19,4.07
4141,6,2024-09-02,12,5.68
4142,6,2024-09-02,19,6.57
4143,6,2024-09-03,12,5.65
4144,6,2024-09-03,19,6.61
4145,6,2024-09-04,12,6.4
4146,6,2024-09-04,19,8.17
4147,6,2024-09-05,12,6.74
4148,6,2024-09-05,19,8.22
4149,6,2024-09-06,12,6.0
4150,6,2024-09-06,19,7.36
4151,6,2024-09-07,12,6.23
4152,6,2024-09-07,19,3.16
4153,6,2024-09-08,12,4.81
4154,6,2024-09-08,19,3.79
4155,6,2024-09-09,12,6.85
4156,6,2024-09-09,19,5.26
4157,6,2024-09-10,12,6.36
4158,6,2024-09-10,19,6.9
4159,6,2024-09-11,12,6.58
4160,6,2024-09-11,19,6.77
4161,6,2024-09-12,12,5.02
4162,6,2024-09-12,19,6.46
4163,6,2024-09-13,12,6.8
4164,6,2024-09-13,19,5.72
4165,6,2024-09-14,12,5.08
4166,6,2024-09-14,19,4.56
4167,6,2024-09-15,12,5.25
4168,6,2024-09-15,19,3.86
4169,6,2024-09-16,12,5.24
4170,6,2024-09-16,19,6.41
4171,6,2024-09-17,12,6.87
4172,6,2024-09-17,19,5.56
4173,6,2024-09-18,12,6.41
4174,6,2024-09-18,19,5.75
4175,6,2024-09-19,12,6.35
4176,6,2024-09-19,19,5.28
4177,6,2024-09-20,12,6.42
4178,6,2024-09-20,19,6.66
4179,6,2024-09-21,12,3.42
4180,6,2024-09-21,19,4.32
4181,6,2024-09-22,12,4.9
4182,6,2024-09-22,19,4.37
4183,6,2024-09-23,12,6.45
4184,6,2024-09-23,19,5.9
4185,6,2024-09-24,12,5.2
4186,6,2024-09-24,19,5.35
4187,6,2024-09-25,12,8.2
4188,6,2024-09-25,19,7.14
4189,6,2024-09-26,12,5.87
4190,6,2024-09-26,19,4.77
4191,6,2024-09-27,12,5.64
4192,6,2024-09-27,19,4.39
4193,6,2024-09-28,12,4.08
4194,6,2024-09-28,19,3.15
4195,6,2024-09-29,12,5.89
4196,6,2024-09-29,19,4.27
4197,6,2024-09-30,12,5.8
4198,6,2024-09-30,19,7.43
4199,6,2024-10-01,12,4.34
4200,6,2024-10-01,19,4.7
4201,6,2024-10-02,12,6.94
4202,6,2024-10-02,19,6.42
4203,6,2024-10-03,12,4.83
4204,6,2024-10-03,19,6.37
4205,6,2024-10-04,12,4.22
4206,6,2024-10-04,19,6.9
4207,6,2024-10-05,12,3.61
4208,6,2024-10-05,19,4.06
4209,6,2024-10-06,12,6.16
4210,6,2024-10-06,19,6.1
4211,6,2024-10-07,12,5.37
4212,6,2024-10-07,19,5.27
4213,6,2024-10-08,12,5.4
4214,6,2024-10-08,19,5.49
4215,6,2024-10-09,12,6.38
4216,6,2024-10-09,19,5.87
4217,6,2024-10-10,12,5.96
4218,6,2024-10-10,19,4.72
4219,6,2024-10-11,12,7.41
4220,6,2024-10-11,19,7.39
4221,6,2024-10-12,12,4.42
4222,6,2024-10-12,19,4.35
4223,6,2024-10-13,12,5.55
4224,6,2024-10-13,19,2.71
4225,6,2024-10-14,12,7.01
4226,6,2024-10-14,19,5.24
4227,6,2024-10-15,12,5.81
4228,6,2024-10-15,19,5.79
4229,6,2024-10-16,12,6.02
4230,6,2024-10-16,19,5.33
4231,6,2024-10-17,12,6.65
4232,6,2024-10-17,19,5.73
4233,6,2024-10-18,12,6.16
4234,6,2024-10-18,19,5.91
4235,6,2024-10-19,12,4.78
4236,6,2024-10-19,19,3.87
4237,6,2024-10-20,12,4.38
4238,6,2024-10-20,19,5.68
4239,6,2024-10-21,12,6.43
4240,6,2024-10-21,19,6.98
4241,6,2024-10-22,12,6.55
4242,6,2024-10-22,19,5.58
4243,6,2024-10-23,12,6.27
4244,6,2024-10-23,19,4.67
4245,6,2024-10-24,12,6.4
4246,6,2024-10-24,19,5.36
4247,6,2024-10-25,12,6.76
4248,6,2024-10-25,19,6.31
4249,6,2024-10-26,12,6.4
4250,6,2024-10-26,19,5.32
4251,6,2024-10-27,12,2.65
4252,6,2024-10-27,19,4.07
4253,6,2024-10-28,12,7.79
4254,6,2024-10-28,19,5.44
4255,6,2024-10-29,12,5.18
4256,6,2024-10-29,19,7.08
4257,6,2024-10-30,12,6.28
4258,6,2024-10-30,19,6.98
4259,6,2024-10-31,12,6.44
4260,6,2024-10-31,19,6.05
4261,6,2024-11-01,12,7.51
4262,6,2024-11-01,19,6.51
4263,6,2024-11-02,12,4.06
4264,6,2024-11-02,19,5.56
4265,6,2024-11-03,12,4.53
4266,6,2024-11-03,19,4.9
4267,6,2024-11-04,12,6.51
4268,6,2024-11-04,19,4.95
4269,6,2024-11-05,12,7.15
4270,6,2024-11-05,19,5.87
4271,6,2024-11-06,12,5.71
4272,6,2024-11-06,19,3.8
4273,6,2024-11-07,12,7.23
4274,6,2024-11-07,19,7.0
4275,6,2024-11-08,12,3.98
4276,6,2024-11-08,19,5.76
4277,6,2024-11-09,12,3.57
4278,6,2024-11-09,19,5.02
4279,6,2024-11-10,12,4.42
4280,6,2024-11-10,19,3.74
4281,6,2024-11-11,12,6.47
4282,6,2024-11-11,19,7.23
4283,6,2024-11-12,12,6.11
4284,6,2024-11-12,19,6.27
4285,6,2024-11-13,12,6.67
4286,6,2024-11-13,19,6.22
4287,6,2024-11-14,12,6.43
4288,6,2024-11-14,19,7.19
4289,6,2024-11-15,12,7.45
4290,6,2024-11-15,19,5.78
4291,6,2024-11-16,12,4.97
4292,6,2024-11-16,19,4.67
4293,6,2024-11-17,12,4.6
4294,6,2024-11-17,19,3.74
4295,6,2024-11-18,12,5.9
4296,6,2024-11-18,19,5.27
4297,6,2024-11-19,12,7.29
4298,6,2024-11-19,19,6.95
4299,6,2024-11-20,12,5.22
4300,6,2024-11-20,19,5.43
4301,6,2024-11-21,12,6.76
4302,6,2024-11-21,19,7.02
4303,6,2024-11-22,12,7.62
4304,6,2024-11-22,19,6.41
4305,6,2024-11-23,12,4.65
4306,6,2024-11-23,19,3.47
4307,6,2024-11-24,12,4.9
4308,6,2024-11-24,19,5.2
4309,6,2024-11-25,12,4.44
4310,6,2024-11-25,19,5.13
4311,6,2024-11-26,12,7.79
4312,6,2024-11-26,19,5.4
4313,6,2024-11-27,12,5.77
4314,6,2024-11-27,19,6.38
4315,6,2024-11-28,12,4.67
4316,6,2024-11-28,19,4.79
4317,6,2024-11-29,12,4.33
4318,6,2024-11-29,19,6.98
4319,6,2024-11-30,12,1.34
4320,6,2024-11-30,19,4.66
4321,6,2024-12-01,12,3.16
4322,6,2024-12-01,19,6.7
4323,6,2024-12-02,12,7.05
4324,6,2024-12-02,19,6.83
4325,6,2024-12-03,12,5.21
4326,6,2024-12-03,19,6.81
4327,6,2024-12-04,12,4.41
4328,6,2024-12-04,19,6.5
4329,6,2024-12-05,12,5.89
4330,6,2024-12-05,19,5.9
4331,6,2024-12-06,12,4.61
4332,6,2024-12-06,19,6.39
4333,6,2024-12-07,12,3.59
4334,6,2024-12-07,19,4.15
4335,6,2024-12-08,12,5.5
4336,6,2024-12-08,19,5.27
4337,6,2024-12-09,12,3.59
4338,6,2024-12-09,19,5.55
4339,6,2024-12-10,12,6.15
4340,6,2024-12-10,19,6.15
4341,6,2024-12-11,12,6.57
4342,6,2024-12-11,19,5.89
4343,6,2024-12-12,12,9.73
4344,6,2024-12-12,19,8.16
4345,6,2024-12-13,12,6.17
4346,6,2024-12-13,19,5.83
4347,6,2024-12-14,12,4.38
4348,6,2024-12-14,19,4.33
4349,6,2024-12-15,12,3.12
4350,6,2024-12-15,19,4.72
4351,6,2024-12-16,12,5.06
4352,6,2024-12-16,19,5.34
4353,6,2024-12-17,12,4.95
4354,6,2024-12-17,19,4.41
4355,6,2024-12-18,12,6.96
4356,6,2024-12-18,19,6.63
4357,6,2024-12-19,12,4.94
4358,6,2024-12-19,19,5.66
4359,6,2024-12-20,12,4.53
4360,6,2024-12-20,19,5.91
4361,6,2024-12-21,12,4.38
4362,6,2024-12-21,19,4.83
4363,6,2024-12-22,12,3.88
4364,6,2024-12-22,19,4.89
4365,6,2024-12-23,12,6.33
4366,6,2024-12-23,19,6.84
4367,6,2024-12-24,12,5.65
4368,6,2024-12-24,19,4.73
4369,6,2024-12-25,12,5.28
4370,6,2024-12-25,19,6.33
4371,6,2024-12-26,12,9.06
4372,6,2024-12-26,19,6.28
4373,6,2024-12-27,12,3.3
4374,6,2024-12-27,19,7.37
4375,6,2024-12-28,12,5.07
4376,6,2024-12-28,19,4.97
4377,6,2024-12-29,12,4.42
4378,6,2024-12-29,19,6.83
4379,6,2024-12-30,12,6.29
4380,6,2024-12-30,19,4.96
4381,7,2024-01-01,12,5.5
4382,7,2024-01-01,19,5.15
4383,7,2024-01-02,12,6.14
4384,7,2024-01-02,19,5.95
4385,7,2024-01-03,12,5.86
4386,7,2024-01-03,19,5.36
4387,7,2024-01-04,12,4.64
4388,7,2024-01-04,19,5.16
4389,7,2024-01-05,12,5.61
4390,7,2024-01-05,19,3.58
4391,7,2024-01-06,12,3.91
4392,7,2024-01-06,19,4.29
4393,7,2024-01-07,12,2.4
4394,7,2024-01-07,19,1.01
4395,7,2024-01-08,12,4.27
4396,7,2024-01-08,19,5.74
4397,7,2024-01-09,12,3.82
4398,7,2024-01-09,19,6.44
4399,7,2024-01-10,12,4.28
4400,7,2024-01-10,19,4.53
4401,7,2024-01-11,12,4.61
4402,7,2024-01-11,19,5.08
4403,7,2024-01-12,12,6.57
4404,7,2024-01-12,19,6.25
4405,7,2024-01-13,12,5.07
4406,7,2024-01-13,19,4.06
4407,7,2024-01-14,12,2.58
4408,7,2024-01-14,19,3.08
4409,7,2024-01-15,12,5.46
4410,7,2024-01-15,19,5.62
4411,7,2024-01-16,12,6.14
4412,7,2024-01-16,19,7.16
4413,7,2024-01-17,12,3.58
4414,7,2024-01-17,19,5.85
4415,7,2024-01-18,12,5.4
4416,7,2024-01-18,19,6.19
4417,7,2024-01-19,12,4.85
4418,7,2024-01-19,19,5.32
4419,7,2024-01-20,12,4.85
4420,7,2024-01-20,19,4.11
4421,7,2024-01-21,12,4.46
4422,7,2024-01-21,19,4.01
4423,7,2024-01-22,12,3.43
4424,7,2024-01-22,19,5.91
4425,7,2024-01-23,12,5.9
4426,7,2024-01-23,19,5.12
4427,7,2024-01-24,12,7.0
4428,7,2024-01-24,19,5.03
4429,7,2024-01-25,12,5.66
4430,7,2024-01-25,19,5.11
4431,7,2024-01-26,12,4.72
4432,7,2024-01-26,19,5.81
4433,7,2024-01-27,12,4.18
4434,7,2024-01-27,19,4.55
4435,7,2024-01-28,12,2.92
4436,7,2024-01-28,19,4.58
4437,7,2024-01-29,12,5.29
4438,7,2024-01-29,19,4.96
4439,7,2024-01-30,12,5.21
4440,7,2024-01-30,19,4.46
4441,7,2024-01-31,12,6.48
4442,7,2024-01-31,19,5.14
4443,7,2024-02-01,12,6.88
4444,7,2024-02-01,19,4.93
4445,7,2024-02-02,12,5.14
4446,7,2024-02-02,19,3.81
4447,7,2024-02-03,12,4.46
4448,7,2024-02-03,19,3.28
4449,7,2024-02-04,12,5.73
4450,7,2024-02-04,19,3.49
4451,7,2024-02-05,12,5.07
4452,7,2024-02-05,19,5.96
4453,7,2024-02-06,12,5.64
4454,7,2024-02-06,19,5.81
4455,7,2024-02-07,12,4.61
4456,7,2024-02-07,19,5.74
4457,7,2024-02-08,12,4.23
4458,7,2024-02-08,19,6.13
4459,7,2024-02-09,12,5.28
4460,7,2024-02-09,19,3.43
4461,7,2024-02-10,12,4.0
4462,7,2024-02-10,19,5.07
4463,7,2024-02-11,12,1.5
4464,7,2024-02-11,19,4.42
4465,7,2024-02-12,12,6.72
4466,7,2024-02-12,19,7.0
4467,7,2024-02-13,12,2.84
4468,7,2024-02-13,19,3.77
4469,7,2024-02-14,12,6.14
4470,7,2024-02-14,19,6.52
4471,7,2024-02-15,12,5.52
4472,7,2024-02-15,19,5.83
4473,7,2024-02-16,12,3.1
4474,7,2024-02-16,19,5.97
4475,7,2024-02-17,12,4.1
4476,7,2024-02-17,19,3.48
4477,7,2024-02-18,12,4.5
4478,7,2024-02-18,19,5.94
4479,7,2024-02-19,12,5.37
4480,7,2024-02-19,19,4.65
4481,7,2024-02-20,12,5.71
4482,7,2024-02-20,19,4.89
4483,7,2024-02-21,12,5.22
4484,7,2024-02-21,19,3.72
4485,7,2024-02-22,12,5.88
4486,7,2024-02-22,19,5.11
4487,7,2024-02-23,12,5.02
4488,7,2024-02-23,19,5.35
4489,7,2024-02-24,12,4.89
4490,7,2024-02-24,19,4.75
4491,7,2024-02-25,12,4.26
4492,7,2024-02-25,19,5.07
4493,7,2024-02-26,12,5.19
4494,7,2024-02-26,19,7.53
4495,7,2024-02-27,12,4.87
4496,7,2024-02-27,19,5.42
4497,7,2024-02-28,12,5.76
4498,7,2024-02-28,19,5.56
4499,7,2024-02-29,12,4.61
4500,7,2024-02-29,19,3.46
4501,7,2024-03-01,12,4.34
4502,7,2024-03-01,19,3.19
4503,7,2024-03-02,12,4.94
4504,7,2024-03-02,19,5.08
4505,7,2024-03-03,12,4.52
4506,7,2024-03-03,19,5.25
4507,7,2024-03-04,12,5.73
4508,7,2024-03-04,19,7.15
4509,7,2024-03-05,12,3.98
4510,7,2024-03-05,19,4.35
4511,7,2024-03-06,12,3.67
4512,7,2024-03-06,19,6.92
4513,7,2024-03-07,12,5.04
4514,7,2024-03-07,19,5.02
4515,7,2024-03-08,12,6.84
4516,7,2024-03-08,19,5.92
4517,7,2024-03-09,12,4.61
4518,7,2024-03-09,19,4.12
4519,7,2024-03-10,12,6.42
4520,7,2024-03-10,19,4.08
4521,7,2024-03-11,12,6.13
4522,7,2024-03-11,19,4.3
4523,7,2024-03-12,12,4.09
4524,7,2024-03-12,19,2.8
4525,7,2024-03-13,12,5.13
4526,7,2024-03-13,19,5.71
4527,7,2024-03-14,12,5.66
4528,7,2024-03-14,19,3.99
4529,7,2024-03-15,12,5.61
4530,7,2024-03-15,19,6.16
4531,7,2024-03-16,12,2.76
4532,7,2024-03-16,19,4.73
4533,7,2024-03-17,12,4.36
4534,7,2024-03-17,19,2.79
4535,7,2024-03-18,12,5.42
4536,7,2024-03-18,19,4.52
4537,7,2024-03-19,12,4.9
4538,7,2024-03-19,19,5.24
4539,7,2024-03-20,12,5.75
4540,7,2024-03-20,19,4.7
4541,7,2024-03-21,12,5.45
4542,7,2024-03-21,19,4.81
4543,7,2024-03-22,12,6.17
4544,7,2024-03-22,19,5.79
4545,7,2024-03-23,12,4.34
4546,7,2024-03-23,19,3.05
4547,7,2024-03-24,12,1.32
4548,7,2024-03-24,19,4.18
4549,7,2024-03-25,12,4.35
4550,7,2024-03-25,19,4.29
4551,7,2024-03-26,12,6.58
4552,7,2024-03-26,19,3.6
4553,7,2024-03-27,12,7.56
4554,7,2024-03-27,19,3.25
4555,7,2024-03-28,12,5.8
4556,7,2024-03-28,19,5.18
4557,7,2024-03-29,12,6.52
4558,7,2024-03-29,19,5.95
4559,7,2024-03-30,12,3.6
4560,7,2024-03-30,19,5.0
4561,7,2024-03-31,12,3.92
4562,7,2024-03-31,19,3.74
4563,7,2024-04-01,12,4.65
4564,7,2024-04-01,19,5.8
4565,7,2024-04-02,12,4.07
4566,7,2024-04-02,19,6.36
4567,7,2024-04-03,12,5.08
4568,7,2024-04-03,19,4.55
4569,7,2024-04-04,12,5.12
4570,7,2024-04-04,19,5.15
4571,7,2024-04-05,12,5.23
4572,7,2024-04-05,19,7.21
4573,7,2024-04-06,12,4.75
4574,7,2024-04-06,19,4.92
4575,7,2024-04-07,12,3.45
4576,7,2024-04-07,19,5.05
4577,7,2024-04-08,12,5.98
4578,7,2024-04-08,19,4.86
4579,7,2024-04-09,12,5.48
4580,7,2024-04-09,19,3.61
4581,7,2024-04-10,12,6.12
4582,7,2024-04-10,19,5.05
4583,7,2024-04-11,12,6.2
4584,7,2024-04-11,19,5.13
4585,7,2024-04-12,12,4.82
4586,7,2024-04-12,19,6.13
4587,7,2024-04-13,12,5.71
4588,7,2024-04-13,19,4.74
4589,7,2024-04-14,12,4.3
4590,7,2024-04-14,19,3.18
4591,7,2024-04-15,12,5.71
4592,7,2024-04-15,19,5.73
4593,7,2024-04-16,12,5.21
4594,7,2024-04-16,19,5.09
4595,7,2024-04-17,12,6.02
4596,7,2024-04-17,19,4.48
4597,7,2024-04-18,12,5.06
4598,7,2024-04-18,19,5.87
4599,7,2024-04-19,12,4.49
4600,7,2024-04-19,19,3.85
4601,7,2024-04-20,12,3.97
4602,7,2024-04-20,19,5.0
4603,7,2024-04-21,12,4.81
4604,7,2024-04-21,19,4.59
4605,7,2024-04-22,12,5.5
4606,7,2024-04-22,19,5.25
4607,7,2024-04-23,12,5.12
4608,7,2024-04-23,19,5.88
4609,7,2024-04-24,12,4.02
4610,7,2024-04-24,19,3.55
4611,7,2024-04-25,12,5.1
4612,7,2024-04-25,19,6.58
4613,7,2024-04-26,12,6.81
4614,7,2024-04-26,19,5.06
4615,7,2024-04-27,12,3.88
4616,7,2024-04-27,19,4.42
4617,7,2024-04-28,12,5.13
4618,7,2024-04-28,19,3.07
4619,7,2024-04-29,12,6.9
4620,7,2024-04-29,19,5.95
4621,7,2024-04-30,12,4.85
4622,7,2024-04-30,19,4.95
4623,7,2024-05-01,12,6.6
4624,7,2024-05-01,19,4.5
4625,7,2024-05-02,12,4.65
4626,7,2024-05-02,19,5.74
4627,7,2024-05-03,12,4.97
4628,7,2024-05-03,19,5.3
4629,7,2024-05-04,12,4.29
4630,7,2024-05-04,19,4.13
4631,7,2024-05-05,12,4.91
4632,7,2024-05-05,19,4.01
4633,7,2024-05-06,12,4.64
4634,7,2024-05-06,19,6.58
4635,7,2024-05-07,12,6.05
4636,7,2024-05-07,19,6.41
4637,7,2024-05-08,12,6.09
4638,7,2024-05-08,19,6.5
4639,7,2024-05-09,12,4.35
4640,7,2024-05-09,19,5.4
4641,7,2024-05-10,12,2.66
4642,7,2024-05-10,19,6.6
4643,7,2024-05-11,12,4.35
4644,7,2024-05-11,19,4.85
4645,7,2024-05-12,12,3.39
4646,7,2024-05-12,19,5.73
4647,7,2024-05-13,12,5.94
4648,7,2024-05-13,19,4.33
4649,7,2024-05-14,12,6.41
4650,7,2024-05-14,19,7.38
4651,7,2024-05-15,12,2.37
4652,7,2024-05-15,19,5.54
4653,7,2024-05-16,12,6.27
4654,7,2024-05-16,19,6.83
4655,7,2024-05-17,12,4.3
4656,7,2024-05-17,19,4.46
4657,7,2024-05-18,12,3.44
4658,7,2024-05-18,19,1.77
4659,7,2024-05-19,12,2.3
4660,7,2024-05-19,19,2.95
4661,7,2024-05-20,12,6.32
4662,7,2024-05-20,19,6.56
4663,7,2024-05-21,12,6.13
4664,7,2024-05-21,19,6.32
4665,7,2024-05-22,12,4.97
4666,7,2024-05-22,19,4.39
4667,7,2024-05-23,12,5.55
4668,7,2024-05-23,19,4.96
4669,7,2024-05-24,12,5.4
4670,7,2024-05-24,19,5.06
4671,7,2024-05-25,12,3.06
4672,7,2024-05-25,19,3.67
4673,7,2024-05-26,12,2.3
4674,7,2024-05-26,19,5.95
4675,7,2024-05-27,12,7.15
4676,7,2024-05-27,19,5.09
4677,7,2024-05-28,12,5.93
4678,7,2024-05-28,19,5.94
4679,7,2024-05-29,12,5.2
4680,7,2024-05-29,19,6.08
4681,7,2024-05-30,12,6.48
4682,7,2024-05-30,19,3.88
4683,7,2024-05-31,12,5.33
4684,7,2024-05-31,19,4.12
4685,7,2024-06-01,12,4.37
4686,7,2024-06-01,19,3.54
4687,7,2024-06-02,12,3.95
4688,7,2024-06-02,19,4.05
4689,7,2024-06-03,12,6.6
4690,7,2024-06-03,19,5.81
4691,7,2024-06-04,12,5.12
4692,7,2024-06-04,19,5.28
4693,7,2024-06-05,12,6.53
4694,7,2024-06-05,19,5.01
4695,7,2024-06-06,12,6.46
4696,7,2024-06-06,19,5.71
4697,7,2024-06-07,12,6.41
4698,7,2024-06-07,19,5.37
4699,7,2024-06-08,12,4.03
4700,7,2024-06-08,19,5.15
4701,7,2024-06-09,12,6.16
4702,7,2024-06-09,19,5.07
4703,7,2024-06-10,12,4.79
4704,7,2024-06-10,19,4.8
4705,7,2024-06-11,12,3.51
4706,7,2024-06-11,19,6.24
4707,7,2024-06-12,12,4.75
4708,7,2024-06-12,19,6.56
4709,7,2024-06-13,12,5.83
4710,7,2024-06-13,19,7.06
4711,7,2024-06-14,12,5.51
4712,7,2024-06-14,19,4.85
4713,7,2024-06-15,12,4.03
4714,7,2024-06-15,19,2.64
4715,7,2024-06-16,12,4.58
4716,7,2024-06-16,19,3.85
4717,7,2024-06-17,12,5.15
4718,7,2024-06-17,19,5.36
4719,7,2024-06-18,12,6.44
4720,7,2024-06-18,19,5.4
4721,7,2024-06-19,12,5.85
4722,7,2024-06-19,19,3.86
4723,7,2024-06-20,12,6.5
4724,7,2024-06-20,19,4.79
4725,7,2024-06-21,12,6.84
4726,7,2024-06-21,19,5.46
4727,7,2024-06-22,12,4.54
4728,7,2024-06-22,19,4.03
4729,7,2024-06-23,12,4.36
4730,7,2024-06-23,19,4.21
4731,7,2024-06-24,12,5.51
4732,7,2024-06-24,19,3.82
4733,7,2024-06-25,12,6.96
4734,7,2024-06-25,19,5.66
4735,7,2024-06-26,12,4.21
4736,7,2024-06-26,19,3.83
4737,7,2024-06-27,12,5.86
4738,7,2024-06-27,19,5.25
4739,7,2024-06-28,12,5.94
4740,7,2024-06-28,19,4.15
4741,7,2024-06-29,12,3.06
4742,7,2024-06-29,19,4.33
4743,7,2024-06-30,12,4.26
4744,7,2024-06-30,19,3.07
4745,7,2024-07-01,12,5.44
4746,7,2024-07-01,19,6.45
4747,7,2024-07-02,12,5.1
4748,7,2024-07-02,19,6.22
4749,7,2024-07-03,12,5.12
4750,7,2024-07-03,19,3.44
4751,7,2024-07-04,12,4.59
4752,7,2024-07-04,19,4.55
4753,7,2024-07-05,12,4.73
4754,7,2024-07-05,19,4.87
4755,7,2024-07-06,12,3.61
4756,7,2024-07-06,19,2.59
4757,7,2024-07-07,12,3.6
4758,7,2024-07-07,19,3.01
4759,7,2024-07-08,12,7.6
4760,7,2024-07-08,19,6.38
4761,7,2024-07-09,12,6.3
4762,7,2024-07-09,19,6.14
4763,7,2024-07-10,12,5.64
4764,7,2024-07-10,19,6.62
4765,7,2024-07-11,12,3.59
4766,7,2024-07-11,19,5.81
4767,7,2024-07-12,12,4.36
4768,7,2024-07-12,19,6.41
4769,7,2024-07-13,12,5.73
4770,7,2024-07-13,19,4.14
4771,7,2024-07-14,12,4.6
4772,7,2024-07-14,19,4.54
4773,7,2024-07-15,12,6.92
4774,7,2024-07-15,19,5.39
4775,7,2024-07-16,12,6.26
4776,7,2024-07-16,19,6.41
4777,7,2024-07-17,12,4.7
4778,7,2024-07-17,19,5.31
4779,7,2024-07-18,12,4.11
4780,7,2024-07-18,19,5.5
4781,7,2024-07-19,12,6.01
4782,7,2024-07-19,19,5.57
4783,7,2024-07-20,12,3.92
4784,7,2024-07-20,19,3.57
4785,7,2024-07-21,12,3.43
4786,7,2024-07-21,19,5.11
4787,7,2024-07-22,12,5.7
4788,7,2024-07-22,19,5.27
4789,7,2024-07-23,12,6.2
4790,7,2024-07-23,19,3.71
4791,7,2024-07-24,12,5.49
4792,7,2024-07-24,19,6.69
4793,7,2024-07-25,12,5.86
4794,7,2024-07-25,19,6.0
4795,7,2024-07-26,12,6.1
4796,7,2024-07-26,19,5.73
4797,7,2024-07-27,12,3.39
4798,7,2024-07-27,19,4.55
4799,7,2024-07-28,12,4.73
4800,7,2024-07-28,19,4.8
4801,7,2024-07-29,12,5.72
4802,7,2024-07-29,19,5.61
4803,7,2024-07-30,12,5.16
4804,7,2024-07-30,19,6.05
4805,7,2024-07-31,12,5.81
4806,7,2024-07-31,19,7.02
4807,7,2024-08-01,12,5.65
4808,7,2024-08-01,19,5.35
4809,7,2024-08-02,12,4.33
4810,7,2024-08-02,19,5.81
4811,7,2024-08-03,12,3.84
4812,7,2024-08-03,19,3.15
4813,7,2024-08-04,12,4.43
4814,7,2024-08-04,19,2.65
4815,7,2024-08-05,12,5.15
4816,7,2024-08-05,19,3.85
4817,7,2024-08-06,12,5.95
4818,7,2024-08-06,19,6.38
4819,7,2024-08-07,12,3.36
4820,7,2024-08-07,19,6.18
4821,7,2024-08-08,12,5.09
4822,7,2024-08-08,19,5.16
4823,7,2024-08-09,12,6.5
4824,7,2024-08-09,19,4.23
4825,7,2024-08-10,12,5.97
4826,7,2024-08-10,19,5.19
4827,7,2024-08-11,12,4.54
4828,7,2024-08-11,19,4.02
4829,7,2024-08-12,12,6.12
4830,7,2024-08-12,19,4.56
4831,7,2024-08-13,12,6.42
4832,7,2024-08-13,19,5.82
4833,7,2024-08-14,12,5.6
4834,7,2024-08-14,19,4.95
4835,7,2024-08-15,12,3.33
4836,7,2024-08-15,19,5.39
4837,7,2024-08-16,12,5.29
4838,7,2024-08-16,19,7.36
4839,7,2024-08-17,12,3.63
4840,7,2024-08-17,19,3.87
4841,7,2024-08-18,12,2.58
4842,7,2024-08-18,19,4.78
4843,7,2024-08-19,12,5.83
4844,7,2024-08-19,19,5.87
4845,7,2024-08-20,12,5.91
4846,7,2024-08-20,19,5.1
4847,7,2024-08-21,12,5.57
4848,7,2024-08-21,19,4.63
4849,7,2024-08-22,12,4.69
4850,7,2024-08-22,19,3.43
4851,7,2024-08-23,12,7.04
4852,7,2024-08-23,19,5.02
4853,7,2024-08-24,12,4.01
4854,7,2024-08-24,19,4.8
4855,7,2024-08-25,12,3.82
4856,7,2024-08-25,19,3.74
4857,7,2024-08-26,12,5.12
4858,7,2024-08-26,19,3.88
4859,7,2024-08-27,12,6.15
4860,7,2024-08-27,19,4.89
4861,7,2024-08-28,12,7.01
4862,7,2024-08-28,19,4.65
4863,7,2024-08-29,12,4.37
4864,7,2024-08-29,19,5.06
4865,7,2024-08-30,12,4.56
4866,7,2024-08-30,19,4.47
4867,7,2024-08-31,12,4.47
4868,7,2024-08-31,19,4.52
4869,7,2024-09-01,12,2.74
4870,7,2024-09-01,19,4.16
4871,7,2024-09-02,12,8.07
4872,7,2024-09-02,19,4.07
4873,7,2024-09-03,12,6.16
4874,7,2024-09-03,19,5.44
4875,7,2024-09-04,12,5.73
4876,7,2024-09-04,19,5.94
4877,7,2024-09-05,12,7.01
4878,7,2024-09-05,19,4.72
4879,7,2024-09-06,12,5.05
4880,7,2024-09-06,19,5.4
4881,7,2024-09-07,12,2.46
4882,7,2024-09-07,19,4.32
4883,7,2024-09-08,12,4.1
4884,7,2024-09-08,19,5.3
4885,7,2024-09-09,12,4.96
4886,7,2024-09-09,19,4.48
4887,7,2024-09-10,12,5.62
4888,7,2024-09-10,19,6.06
4889,7,2024-09-11,12,5.45
4890,7,2024-09-11,19,4.45
4891,7,2024-09-12,12,3.38
4892,7,2024-09-12,19,5.95
4893,7,2024-09-13,12,6.38
4894,7,2024-09-13,19,6.7
4895,7,2024-09-14,12,3.83
4896,7,2024-09-14,19,5.27
4897,7,2024-09-15,12,5.32
4898,7,2024-09-15,19,4.7
4899,7,2024-09-16,12,4.81
4900,7,2024-09-16,19,5.06
4901,7,2024-09-17,12,4.27
4902,7,2024-09-17,19,5.3
4903,7,2024-09-18,12,5.16
4904,7,2024-09-18,19,4.71
4905,7,2024-09-19,12,5.39
4906,7,2024-09-19,19,4.86
4907,7,2024-09-20,12,3.91
4908,7,2024-09-20,19,3.39
4909,7,2024-09-21,12,2.72
4910,7,2024-09-21,19,4.62
4911,7,2024-09-22,12,3.88
4912,7,2024-09-22,19,5.84
4913,7,2024-09-23,12,5.52
4914,7,2024-09-23,19,6.94
4915,7,2024-09-24,12,5.5
4916,7,2024-09-24,19,5.23
4917,7,2024-09-25,12,4.66
4918,7,2024-09-25,19,4.12
4919,7,2024-09-26,12,5.53
4920,7,2024-09-26,19,6.32
4921,7,2024-09-27,12,3.89
4922,7,2024-09-27,19,7.14
4923,7,2024-09-28,12,5.13
4924,7,2024-09-28,19,5.72
4925,7,2024-09-29,12,4.77
4926,7,2024-09-29,19,4.94
4927,7,2024-09-30,12,4.87
4928,7,2024-09-30,19,4.85
4929,7,2024-10-01,12,3.63
4930,7,2024-10-01,19,5.91
4931,7,2024-10-02,12,4.7
4932,7,2024-10-02,19,7.42
4933,7,2024-10-03,12,3.86
4934,7,2024-10-03,19,6.17
4935,7,2024-10-04,12,5.59
4936,7,2024-10-04,19,4.48
4937,7,2024-10-05,12,4.93
4938,7,2024-10-05,19,4.33
4939,7,2024-10-06,12,3.65
4940,7,2024-10-06,19,3.27
4941,7,2024-10-07,12,6.97
4942,7,2024-10-07,19,6.16
4943,7,2024-10-08,12,5.51
4944,7,2024-10-08,19,6.67
4945,7,2024-10-09,12,4.33
4946,7,2024-10-09,19,6.93
4947,7,2024-10-10,12,5.4
4948,7,2024-10-10,19,5.9
4949,7,2024-10-11,12,6.75
4950,7,2024-10-11,19,5.37
4951,7,2024-10-12,12,4.14
4952,7,2024-10-12,19,3.41
4953,7,2024-10-13,12,4.11
4954,7,2024-10-13,19,4.19
4955,7,2024-10-14,12,4.99
4956,7,2024-10-14,19,7.23
4957,7,2024-10-15,12,6.48
4958,7,2024-10-15,19,5.4
4959,7,2024-10-16,12,4.42
4960,7,2024-10-16,19,5.01
4961,7,2024-10-17,12,5.97
4962,7,2024-10-17,19,5.91
4963,7,2024-10-18,12,5.82
4964,7,2024-10-18,19,5.3
4965,7,2024-10-19,12,3.36
4966,7,2024-10-19,19,3.77
4967,7,2024-10-20,12,4.74
4968,7,2024-10-20,19,4.05
4969,7,2024-10-21,12,3.97
4970,7,2024-10-21,19,4.9
4971,7,2024-10-22,12,5.02
4972,7,2024-10-22,19,4.18
4973,7,2024-10-23,12,4.86
4974,7,2024-10-23,19,5.14
4975,7,2024-10-24,12,5.18
4976,7,2024-10-24,19,3.74
4977,7,2024-10-25,12,5.42
4978,7,2024-10-25,19,5.76
4979,7,2024-10-26,12,5.06
4980,7,2024-10-26,19,3.32
4981,7,2024-10-27,12,3.51
4982,7,2024-10-27,19,3.77
4983,7,2024-10-28,12,6.49
4984,7,2024-10-28,19,4.62
4985,7,2024-10-29,12,4.81
4986,7,2024-10-29,19,4.09
4987,7,2024-10-30,12,5.55
4988,7,2024-10-30,19,4.8
4989,7,2024-10-31,12,5.05
4990,7,2024-10-31,19,7.99
4991,7,2024-11-01,12,6.5
4992,7,2024-11-01,19,6.29
4993,7,2024-11-02,12,4.59
4994,7,2024-11-02,19,4.46
4995,7,2024-11-03,12,5.33
4996,7,2024-11-03,19,3.57
4997,7,2024-11-04,12,6.03
4998,7,2024-11-04,19,4.57
4999,7,2024-11-05,12,6.98
5000,7,2024-11-05,19,3.72
5001,7,2024-11-06,12,2.97
5002,7,2024-11-06,19,5.42
5003,7,2024-11-07,12,3.78
5004,7,2024-11-07,19,5.14
5005,7,2024-11-08,12,5.59
5006,7,2024-11-08,19,4.73
5007,7,2024-11-09,12,4.62
5008,7,2024-11-09,19,5.8
5009,7,2024-11-10,12,4.03
5010,7,2024-11-10,19,5.27
5011,7,2024-11-11,12,4.98
5012,7,2024-11-11,19,6.62
5013,7,2024-11-12,12,4.3
5014,7,2024-11-12,19,3.42
5015,7,2024-11-13,12,7.1
5016,7,2024-11-13,19,5.59
5017,7,2024-11-14,12,4.31
5018,7,2024-11-14,19,5.7
5019,7,2024-11-15,12,3.94
5020,7,2024-11-15,19,6.02
5021,7,2024-11-16,12,5.46
5022,7,2024-11-16,19,3.58
5023,7,2024-11-17,12,5.22
5024,7,2024-11-17,19,5.35
5025,7,2024-11-18,12,7.38
5026,7,2024-11-18,19,5.4
5027,7,2024-11-19,12,3.19
5028,7,2024-11-19,19,5.04
5029,7,2024-11-20,12,5.13
5030,7,2024-11-20,19,6.37
5031,7,2024-11-21,12,5.36
5032,7,2024-11-21,19,5.36
5033,7,2024-11-22,12,5.37
5034,7,2024-11-22,19,6.07
5035,7,2024-11-23,12,2.66
5036,7,2024-11-23,19,4.9
5037,7,2024-11-24,12,5.21
5038,7,2024-11-24,19,4.58
5039,7,2024-11-25,12,6.35
5040,7,2024-11-25,19,5.95
5041,7,2024-11-26,12,6.49
5042,7,2024-11-26,19,4.45
5043,7,2024-11-27,12,6.1
5044,7,2024-11-27,19,5.09
5045,7,2024-11-28,12,4.24
5046,7,2024-11-28,19,5.65
5047,7,2024-11-29,12,5.68
5048,7,2024-11-29,19,5.41
5049,7,2024-11-30,12,2.55
5050,7,2024-11-30,19,1.9
5051,7,2024-12-01,12,4.27
5052,7,2024-12-01,19,2.67
5053,7,2024-12-02,12,7.9
5054,7,2024-12-02,19,6.01
5055,7,2024-12-03,12,4.4
5056,7,2024-12-03,19,6.55
5057,7,2024-12-04,12,5.07
5058,7,2024-12-04,19,5.84
5059,7,2024-12-05,12,4.81
5060,7,2024-12-05,19,5.22
5061,7,2024-12-06,12,5.11
5062,7,2024-12-06,19,4.1
5063,7,2024-12-07,12,3.61
5064,7,2024-12-07,19,3.67
5065,7,2024-12-08,12,4.2
5066,7,2024-12-08,19,5.36
5067,7,2024-12-09,12,5.23
5068,7,2024-12-09,19,5.31
5069,7,2024-12-10,12,5.7
5070,7,2024-12-10,19,5.61
5071,7,2024-12-11,12,4.73
5072,7,2024-12-11,19,6.26
5073,7,2024-12-12,12,3.83
5074,7,2024-12-12,19,4.67
5075,7,2024-12-13,12,4.6
5076,7,2024-12-13,19,3.27
5077,7,2024-12-14,12,4.14
5078,7,2024-12-14,19,3.89
5079,7,2024-12-15,12,4.11
5080,7,2024-12-15,19,5.45
5081,7,2024-12-16,12,5.05
5082,7,2024-12-16,19,6.33
5083,7,2024-12-17,12,6.67
5084,7,2024-12-17,19,5.74
5085,7,2024-12-18,12,4.87
5086,7,2024-12-18,19,4.13
5087,7,2024-12-19,12,4.01
5088,7,2024-12-19,19,4.46
5089,7,2024-12-20,12,6.38
5090,7,2024-12-20,19,6.52
5091,7,2024-12-21,12,5.18
5092,7,2024-12-21,19,1.61
5093,7,2024-12-22,12,3.76
5094,7,2024-12-22,19,4.52
5095,7,2024-12-23,12,5.62
5096,7,2024-12-23,19,4.71
5097,7,2024-12-24,12,3.81
5098,7,2024-12-24,19,4.91
5099,7,2024-12-25,12,4.64
5100,7,2024-12-25,19,5.55
5101,7,2024-12-26,12,5.93
5102,7,2024-12-26,19,6.72
5103,7,2024-12-27,12,6.89
5104,7,2024-12-27,19,5.08
5105,7,2024-12-28,12,3.67
5106,7,2024-12-28,19,5.68
5107,7,2024-12-29,12,3.88
5108,7,2024-12-29,19,5.39
5109,7,2024-12-30,12,5.56
5110,7,2024-12-30,19,7.1
5111,8,2024-01-01,12,6.7
5112,8,2024-01-01,19,5.01
5113,8,2024-01-02,12,5.11
5114,8,2024-01-02,19,6.58
5115,8,2024-01-03,12,6.06
5116,8,2024-01-03,19,6.66
5117,8,2024-01-04,12,6.77
5118,8,2024-01-04,19,4.43
5119,8,2024-01-05,12,4.75
5120,8,2024-01-05,19,6.74
5121,8,2024-01-06,12,5.12
5122,8,2024-01-06,19,4.47
5123,8,2024-01-07,12,4.3
5124,8,2024-01-07,19,3.69
5125,8,2024-01-08,12,5.86
5126,8,2024-01-08,19,5.1
5127,8,2024-01-09,12,4.79
5128,8,2024-01-09,19,6.09
5129,8,2024-01-10,12,3.47
5130,8,2024-01-10,19,8.49
5131,8,2024-01-11,12,5.13
5132,8,2024-01-11,19,6.28
5133,8,2024-01-12,12,5.54
5134,8,2024-01-12,19,6.18
5135,8,2024-01-13,12,4.66
5136,8,2024-01-13,19,4.36
5137,8,2024-01-14,12,4.23
5138,8,2024-01-14,19,5.6
5139,8,2024-01-15,12,5.81
5140,8,2024-01-15,19,3.36
5141,8,2024-01-16,12,6.31
5142,8,2024-01-16,19,5.5
5143,8,2024-01-17,12,6.46
5144,8,2024-01-17,19,7.52
5145,8,2024-01-18,12,5.23
5146,8,2024-01-18,19,6.48
5147,8,2024-01-19,12,5.57
5148,8,2024-01-19,19,5.69
5149,8,2024-01-20,12,3.54
5150,8,2024-01-20,19,3.53
5151,8,2024-01-21,12,4.97
5152,8,2024-01-21,19,4.37
5153,8,2024-01-22,12,5.05
5154,8,2024-01-22,19,7.57
5155,8,2024-01-23,12,6.52
5156,8,2024-01-23,19,6.98
5157,8,2024-01-24,12,3.67
5158,8,2024-01-24,19,3.92
5159,8,2024-01-25,12,5.09
5160,8,2024-01-25,19,5.9
5161,8,2024-01-26,12,6.69
5162,8,2024-01-26,19,6.5
5163,8,2024-01-27,12,3.29
5164,8,2024-01-27,19,4.33
5165,8,2024-01-28,12,2.72
5166,8,2024-01-28,19,4.99
5167,8,2024-01-29,12,5.59
5168,8,2024-01-29,19,5.33
5169,8,2024-01-30,12,3.34
5170,8,2024-01-30,19,7.15
5171,8,2024-01-31,12,4.57
5172,8,2024-01-31,19,4.35
5173,8,2024-02-01,12,4.37
5174,8,2024-02-01,19,5.71
5175,8,2024-02-02,12,5.03
5176,8,2024-02-02,19,4.09
5177,8,2024-02-03,12,4.02
5178,8,2024-02-03,19,3.5
5179,8,2024-02-04,12,4.4
5180,8,2024-02-04,19,2.75
5181,8,2024-02-05,12,7.22
5182,8,2024-02-05,19,5.06
5183,8,2024-02-06,12,5.51
5184,8,2024-02-06,19,4.43
5185,8,2024-02-07,12,6.27
5186,8,2024-02-07,19,5.91
5187,8,2024-02-08,12,6.4
5188,8,2024-02-08,19,5.83
5189,8,2024-02-09,12,7.73
5190,8,2024-02-09,19,3.56
5191,8,2024-02-10,12,4.55
5192,8,2024-02-10,19,4.08
5193,8,2024-02-11,12,3.85
5194,8,2024-02-11,19,3.12
5195,8,2024-02-12,12,5.47
5196,8,2024-02-12,19,6.31
5197,8,2024-02-13,12,4.48
5198,8,2024-02-13,19,6.36
5199,8,2024-02-14,12,5.91
5200,8,2024-02-14,19,7.03
5201,8,2024-02-15,12,5.66
5202,8,2024-02-15,19,5.4
5203,8,2024-02-16,12,6.11
5204,8,2024-02-16,19,7.01
5205,8,2024-02-17,12,2.52
5206,8,2024-02-17,19,5.48
5207,8,2024-02-18,12,3.92
5208,8,2024-02-18,19,3.74
5209,8,2024-02-19,12,6.39
5210,8,2024-02-19,19,4.0
5211,8,2024-02-20,12,7.4
5212,8,2024-02-20,19,4.6
5213,8,2024-02-21,12,6.43
5214,8,2024-02-21,19,4.87
5215,8,2024-02-22,12,6.06
5216,8,2024-02-22,19,4.4
5217,8,2024-02-23,12,5.59
5218,8,2024-02-23,19,4.98
5219,8,2024-02-24,12,4.74
5220,8,2024-02-24,19,5.29
5221,8,2024-02-25,12,3.12
5222,8,2024-02-25,19,4.87
5223,8,2024-02-26,12,6.09
5224,8,2024-02-26,19,6.97
5225,8,2024-02-27,12,4.49
5226,8,2024-02-27,19,5.12
5227,8,2024-02-28,12,6.89
5228,8,2024-02-28,19,6.22
5229,8,2024-02-29,12,8.49
5230,8,2024-02-29,19,5.49
5231,8,2024-03-01,12,5.41
5232,8,2024-03-01,19,7.39
5233,8,2024-03-02,12,4.45
5234,8,2024-03-02,19,3.73
5235,8,2024-03-03,12,2.98
5236,8,2024-03-03,19,3.87
5237,8,2024-03-04,12,5.91
5238,8,2024-03-04,19,4.87
5239,8,2024-03-05,12,4.23
5240,8,2024-03-05,19,6.03
5241,8,2024-03-06,12,5.71
5242,8,2024-03-06,19,6.65
5243,8,2024-03-07,12,5.17
5244,8,2024-03-07,19,4.58
5245,8,2024-03-08,12,5.66
5246,8,2024-03-08,19,6.69
5247,8,2024-03-09,12,2.68
5248,8,2024-03-09,19,5.08
5249,8,2024-03-10,12,5.47
5250,8,2024-03-10,19,3.92
5251,8,2024-03-11,12,6.44
5252,8,2024-03-11,19,4.21
5253,8,2024-03-12,12,5.29
5254,8,2024-03-12,19,6.0
5255,8,2024-03-13,12,7.25
5256,8,2024-03-13,19,5.34
5257,8,2024-03-14,12,4.54
5258,8,2024-03-14,19,4.54
5259,8,2024-03-15,12,4.88
5260,8,2024-03-15,19,5.76
5261,8,2024-03-16,12,4.3
5262,8,2024-03-16,19,2.87
5263,8,2024-03-17,12,4.38
5264,8,2024-03-17,19,3.47
5265,8,2024-03-18,12,5.28
5266,8,2024-03-18,19,3.5
5267,8,2024-03-19,12,5.94
5268,8,2024-03-19,19,5.28
5269,8,2024-03-20,12,5.94
5270,8,2024-03-20,19,5.28
5271,8,2024-03-21,12,6.78
5272,8,2024-03-21,19,6.12
5273,8,2024-03-22,12,5.86
5274,8,2024-03-22,19,5.49
5275,8,2024-03-23,12,2.8
5276,8,2024-03-23,19,4.87
5277,8,2024-03-24,12,3.35
5278,8,2024-03-24,19,4.62
5279,8,2024-03-25,12,5.16
5280,8,2024-03-25,19,6.74
5281,8,2024-03-26,12,4.27
5282,8,2024-03-26,19,5.31
5283,8,2024-03-27,12,5.35
5284,8,2024-03-27,19,4.83
5285,8,2024-03-28,12,5.16
5286,8,2024-03-28,19,8.25
5287,8,2024-03-29,12,5.24
5288,8,2024-03-29,19,6.25
5289,8,2024-03-30,12,3.61
5290,8,2024-03-30,19,4.65
5291,8,2024-03-31,12,6.06
5292,8,2024-03-31,19,4.36
5293,8,2024-04-01,12,5.66
5294,8,2024-04-01,19,5.06
5295,8,2024-04-02,12,5.76
5296,8,2024-04-02,19,5.48
5297,8,2024-04-03,12,5.74
5298,8,2024-04-03,19,5.63
5299,8,2024-04-04,12,7.67
5300,8,2024-04-04,19,5.8
5301,8,2024-04-05,12,4.02
5302,8,2024-04-05,19,6.93
5303,8,2024-04-06,12,4.45
5304,8,2024-04-06,19,5.08
5305,8,2024-04-07,12,2.76
5306,8,2024-04-07,19,4.73
5307,8,2024-04-08,12,6.25
5308,8,2024-04-08,19,5.02
5309,8,2024-04-09,12,3.3
5310,8,2024-04-09,19,3.79
5311,8,2024-04-10,12,6.14
5312,8,2024-04-10,19,5.06
5313,8,2024-04-11,12,5.75
5314,8,2024-04-11,19,6.03
5315,8,2024-04-12,12,5.56
5316,8,2024-04-12,19,5.29
5317,8,2024-04-13,12,5.74
5318,8,2024-04-13,19,3.79
5319,8,2024-04-14,12,5.17
5320,8,2024-04-14,19,5.0
5321,8,2024-04-15,12,2.4
5322,8,2024-04-15,19,6.26
5323,8,2024-04-16,12,5.37
5324,8,2024-04-16,19,6.5
5325,8,2024-04-17,12,5.84
5326,8,2024-04-17,19,7.29
5327,8,2024-04-18,12,5.87
5328,8,2024-04-18,19,8.71
5329,8,2024-04-19,12,4.95
5330,8,2024-04-19,19,7.43
5331,8,2024-04-20,12,4.37
5332,8,2024-04-20,19,3.63
5333,8,2024-04-21,12,2.71
5334,8,2024-04-21,19,5.3
5335,8,2024-04-22,12,5.35
5336,8,2024-04-22,19,5.27
5337,8,2024-04-23,12,6.51
5338,8,2024-04-23,19,4.79
5339,8,2024-04-24,12,4.64
5340,8,2024-04-24,19,6.35
5341,8,2024-04-25,12,5.89
5342,8,2024-04-25,19,5.28
5343,8,2024-04-26,12,6.25
5344,8,2024-04-26,19,4.72
5345,8,2024-04-27,12,4.78
5346,8,2024-04-27,19,3.96
5347,8,2024-04-28,12,3.67
5348,8,2024-04-28,19,4.46
5349,8,2024-04-29,12,6.65
5350,8,2024-04-29,19,6.61
5351,8,2024-04-30,12,5.78
5352,8,2024-04-30,19,4.47
5353,8,2024-05-01,12,6.49
5354,8,2024-05-01,19,4.72
5355,8,2024-05-02,12,4.92
5356,8,2024-05-02,19,4.28
5357,8,2024-05-03,12,7.71
5358,8,2024-05-03,19,6.51
5359,8,2024-05-04,12,3.75
5360,8,2024-05-04,19,4.8
5361,8,2024-05-05,12,3.32
5362,8,2024-05-05,19,4.21
5363,8,2024-05-06,12,4.62
5364,8,2024-05-06,19,4.97
5365,8,2024-05-07,12,5.72
5366,8,2024-05-07,19,4.84
5367,8,2024-05-08,12,6.37
5368,8,2024-05-08,19,4.79
5369,8,2024-05-09,12,4.49
5370,8,2024-05-09,19,5.05
5371,8,2024-05-10,12,7.94
5372,8,2024-05-10,19,5.45
5373,8,2024-05-11,12,3.76
5374,8,2024-05-11,19,5.42
5375,8,2024-05-12,12,4.44
5376,8,2024-05-12,19,6.46
5377,8,2024-05-13,12,6.7
5378,8,2024-05-13,19,7.0
5379,8,2024-05-14,12,5.74
5380,8,2024-05-14,19,5.92
5381,8,2024-05-15,12,5.83
5382,8,2024-05-15,19,5.98
5383,8,2024-05-16,12,7.27
5384,8,2024-05-16,19,5.31
5385,8,2024-05-17,12,5.51
5386,8,2024-05-17,19,5.37
5387,8,2024-05-18,12,3.81
5388,8,2024-05-18,19,3.77
5389,8,2024-05-19,12,4.81
5390,8,2024-05-19,19,4.07
5391,8,2024-05-20,12,4.46
5392,8,2024-05-20,19,5.89
5393,8,2024-05-21,12,6.31
5394,8,2024-05-21,19,4.28
5395,8,2024-05-22,12,5.35
5396,8,2024-05-22,19,6.08
5397,8,2024-05-23,12,6.86
5398,8,2024-05-23,19,6.81
5399,8,2024-05-24,12,6.15
5400,8,2024-05-24,19,6.86
5401,8,2024-05-25,12,2.94
5402,8,2024-05-25,19,3.61
5403,8,2024-05-26,12,3.37
5404,8,2024-05-26,19,6.89
5405,8,2024-05-27,12,5.01
5406,8,2024-05-27,19,4.98
5407,8,2024-05-28,12,4.69
5408,8,2024-05-28,19,4.9
5409,8,2024-05-29,12,5.69
5410,8,2024-05-29,19,7.33
5411,8,2024-05-30,12,7.62
5412,8,2024-05-30,19,6.32
5413,8,2024-05-31,12,6.51
5414,8,2024-05-31,19,3.73
5415,8,2024-06-01,12,3.81
5416,8,2024-06-01,19,5.68
5417,8,2024-06-02,12,2.77
5418,8,2024-06-02,19,4.31
5419,8,2024-06-03,12,4.94
5420,8,2024-06-03,19,3.97
5421,8,2024-06-04,12,4.25
5422,8,2024-06-04,19,5.75
5423,8,2024-06-05,12,5.44
5424,8,2024-06-05,19,4.08
5425,8,2024-06-06,12,4.14
5426,8,2024-06-06,19,5.68
5427,8,2024-06-07,12,6.27
5428,8,2024-06-07,19,5.45
5429,8,2024-06-08,12,2.49
5430,8,2024-06-08,19,3.78
5431,8,2024-06-09,12,2.82
5432,8,2024-06-09,19,2.69
5433,8,2024-06-10,12,5.71
5434,8,2024-06-10,19,6.09
5435,8,2024-06-11,12,4.8
5436,8,2024-06-11,19,4.81
5437,8,2024-06-12,12,5.78
5438,8,2024-06-12,19,6.12
5439,8,2024-06-13,12,6.36
5440,8,2024-06-13,19,7.43
5441,8,2024-06-14,12,5.89
5442,8,2024-06-14,19,3.74
5443,8,2024-06-15,12,5.27
5444,8,2024-06-15,19,4.49
5445,8,2024-06-16,12,3.59
5446,8,2024-06-16,19,3.84
5447,8,2024-06-17,12,4.79
5448,8,2024-06-17,19,5.56
5449,8,2024-06-18,12,6.32
5450,8,2024-06-18,19,6.17
5451,8,2024-06-19,12,5.93
5452,8,2024-06-19,19,7.46
5453,8,2024-06-20,12,5.94
5454,8,2024-06-20,19,7.32
5455,8,2024-06-21,12,4.4
5456,8,2024-06-21,19,4.78
5457,8,2024-06-22,12,3.98
5458,8,2024-06-22,19,3.4
5459,8,2024-06-23,12,5.06
5460,8,2024-06-23,19,5.51
5461,8,2024-06-24,12,8.01
5462,8,2024-06-24,19,5.98
5463,8,2024-06-25,12,4.6
5464,8,2024-06-25,19,6.08
5465,8,2024-06-26,12,6.47
5466,8,2024-06-26,19,7.98
5467,8,2024-06-27,12,6.59
5468,8,2024-06-27,19,5.52
5469,8,2024-06-28,12,4.68
5470,8,2024-06-28,19,2.45
5471,8,2024-06-29,12,3.78
5472,8,2024-06-29,19,5.01
5473,8,2024-06-30,12,6.06
5474,8,2024-06-30,19,6.68
5475,8,2024-07-01,12,3.6
5476,8,2024-07-01,19,6.53
5477,8,2024-07-02,12,7.63
5478,8,2024-07-02,19,5.69
5479,8,2024-07-03,12,5.97
5480,8,2024-07-03,19,5.35
5481,8,2024-07-04,12,2.59
5482,8,2024-07-04,19,3.2
5483,8,2024-07-05,12,4.44
5484,8,2024-07-05,19,6.82
5485,8,2024-07-06,12,3.49
5486,8,2024-07-06,19,5.84
5487,8,2024-07-07,12,2.67
5488,8,2024-07-07,19,3.45
5489,8,2024-07-08,12,4.44
5490,8,2024-07-08,19,5.9
5491,8,2024-07-09,12,6.09
5492,8,2024-07-09,19,6.76
5493,8,2024-07-10,12,5.2
5494,8,2024-07-10,19,6.97
5495,8,2024-07-11,12,6.78
5496,8,2024-07-11,19,6.31
5497,8,2024-07-12,12,5.73
5498,8,2024-07-12,19,6.66
5499,8,2024-07-13,12,3.12
5500,8,2024-07-13,19,4.14
5501,8,2024-07-14,12,4.66
5502,8,2024-07-14,19,3.83
5503,8,2024-07-15,12,6.5
5504,8,2024-07-15,19,6.58
5505,8,2024-07-16,12,4.64
5506,8,2024-07-16,19,5.13
5507,8,2024-07-17,12,4.16
5508,8,2024-07-17,19,6.85
5509,8,2024-07-18,12,6.72
5510,8,2024-07-18,19,6.09
5511,8,2024-07-19,12,6.48
5512,8,2024-07-19,19,5.31
5513,8,2024-07-20,12,4.88
5514,8,2024-07-20,19,3.33
5515,8,2024-07-21,12,4.77
5516,8,2024-07-21,19,3.58
5517,8,2024-07-22,12,4.51
5518,8,2024-07-22,19,6.06
5519,8,2024-07-23,12,6.67
5520,8,2024-07-23,19,4.83
5521,8,2024-07-24,12,5.27
5522,8,2024-07-24,19,4.8
5523,8,2024-07-25,12,5.9
5524,8,2024-07-25,19,6.77
5525,8,2024-07-26,12,5.88
5526,8,2024-07-26,19,5.76
5527,8,2024-07-27,12,4.0
5528,8,2024-07-27,19,3.51
5529,8,2024-07-28,12,5.05
5530,8,2024-07-28,19,5.48
5531,8,2024-07-29,12,5.68
5532,8,2024-07-29,19,5.27
5533,8,2024-07-30,12,5.38
5534,8,2024-07-30,19,5.13
5535,8,2024-07-31,12,4.55
5536,8,2024-07-31,19,4.17
5537,8,2024-08-01,12,5.17
5538,8,2024-08-01,19,6.44
5539,8,2024-08-02,12,5.62
5540,8,2024-08-02,19,6.66
5541,8,2024-08-03,12,4.66
5542,8,2024-08-03,19,3.95
5543,8,2024-08-04,12,5.21
5544,8,2024-08-04,19,3.71
5545,8,2024-08-05,12,5.04
5546,8,2024-08-05,19,5.93
5547,8,2024-08-06,12,5.1
5548,8,2024-08-06,19,5.84
5549,8,2024-08-07,12,5.59
5550,8,2024-08-07,19,5.6
5551,8,2024-08-08,12,7.83
5552,8,2024-08-08,19,5.56
5553,8,2024-08-09,12,7.18
5554,8,2024-08-09,19,6.15
5555,8,2024-08-10,12,3.99
5556,8,2024-08-10,19,6.18
5557,8,2024-08-11,12,3.78
5558,8,2024-08-11,19,4.68
5559,8,2024-08-12,12,6.96
5560,8,2024-08-12,19,4.42
5561,8,2024-08-13,12,6.37
5562,8,2024-08-13,19,6.12
5563,8,2024-08-14,12,7.34
5564,8,2024-08-14,19,3.41
5565,8,2024-08-15,12,6.91
5566,8,2024-08-15,19,4.17
5567,8,2024-08-16,12,7.03
5568,8,2024-08-16,19,7.81
5569,8,2024-08-17,12,3.0
5570,8,2024-08-17,19,4.2
5571,8,2024-08-18,12,4.68
5572,8,2024-08-18,19,3.55
5573,8,2024-08-19,12,7.1
5574,8,2024-08-19,19,6.4
5575,8,2024-08-20,12,5.1
5576,8,2024-08-20,19,6.88
5577,8,2024-08-21,12,5.64
5578,8,2024-08-21,19,4.99
5579,8,2024-08-22,12,6.07
5580,8,2024-08-22,19,6.8
5581,8,2024-08-23,12,4.21
5582,8,2024-08-23,19,5.75
5583,8,2024-08-24,12,4.18
5584,8,2024-08-24,19,5.03
5585,8,2024-08-25,12,3.96
5586,8,2024-08-25,19,4.52
5587,8,2024-08-26,12,6.6
5588,8,2024-08-26,19,7.03
5589,8,2024-08-27,12,5.81
5590,8,2024-08-27,19,5.71
5591,8,2024-08-28,12,4.93
5592,8,2024-08-28,19,5.41
5593,8,2024-08-29,12,5.81
5594,8,2024-08-29,19,3.98
5595,8,2024-08-30,12,5.62
5596,8,2024-08-30,19,7.46
5597,8,2024-08-31,12,4.61
5598,8,2024-08-31,19,4.95
5599,8,2024-09-01,12,1.04
5600,8,2024-09-01,19,2.96
5601,8,2024-09-02,12,4.19
5602,8,2024-09-02,19,4.79
5603,8,2024-09-03,12,5.85
5604,8,2024-09-03,19,6.5
5605,8,2024-09-04,12,7.12
5606,8,2024-09-04,19,6.61
5607,8,2024-09-05,12,4.59
5608,8,2024-09-05,19,5.69
5609,8,2024-09-06,12,3.98
5610,8,2024-09-06,19,4.89
5611,8,2024-09-07,12,4.26
5612,8,2024-09-07,19,6.49
5613,8,2024-09-08,12,3.88
5614,8,2024-09-08,19,4.69
5615,8,2024-09-09,12,5.46
5616,8,2024-09-09,19,4.87
5617,8,2024-09-10,12,6.62
5618,8,2024-09-10,19,5.07
5619,8,2024-09-11,12,5.66
5620,8,2024-09-11,19,4.99
5621,8,2024-09-12,12,6.87
5622,8,2024-09-12,19,6.99
5623,8,2024-09-13,12,6.52
5624,8,2024-09-13,19,5.91
5625,8,2024-09-14,12,3.35
5626,8,2024-09-14,19,4.62
5627,8,2024-09-15,12,6.1
5628,8,2024-09-15,19,4.37
5629,8,2024-09-16,12,6.62
5630,8,2024-09-16,19,5.1
5631,8,2024-09-17,12,6.26
5632,8,2024-09-17,19,6.27
5633,8,2024-09-18,12,4.18
5634,8,2024-09-18,19,7.62
5635,8,2024-09-19,12,5.52
5636,8,2024-09-19,19,4.5
5637,8,2024-09-20,12,5.05
5638,8,2024-09-20,19,5.14
5639,8,2024-09-21,12,4.58
5640,8,2024-09-21,19,4.45
5641,8,2024-09-22,12,3.86
5642,8,2024-09-22,19,5.3
5643,8,2024-09-23,12,5.57
5644,8,2024-09-23,19,6.01
5645,8,2024-09-24,12,5.91
5646,8,2024-09-24,19,6.53
5647,8,2024-09-25,12,6.19
5648,8,2024-09-25,19,6.15
5649,8,2024-09-26,12,4.55
5650,8,2024-09-26,19,5.9
5651,8,2024-09-27,12,5.4
5652,8,2024-09-27,19,4.98
5653,8,2024-09-28,12,3.87
5654,8,2024-09-28,19,4.92
5655,8,2024-09-29,12,4.15
5656,8,2024-09-29,19,3.41
5657,8,2024-09-30,12,5.63
5658,8,2024-09-30,19,5.31
5659,8,2024-10-01,12,6.52
5660,8,2024-10-01,19,6.41
5661,8,2024-10-02,12,6.22
5662,8,2024-10-02,19,3.92
5663,8,2024-10-03,12,7.74
5664,8,2024-10-03,19,6.54
5665,8,2024-10-04,12,4.9
5666,8,2024-10-04,19,6.32
5667,8,2024-10-05,12,3.13
5668,8,2024-10-05,19,5.06
5669,8,2024-10-06,12,6.04
5670,8,2024-10-06,19,4.93
5671,8,2024-10-07,12,6.23
5672,8,2024-10-07,19,6.65
5673,8,2024-10-08,12,6.13
5674,8,2024-10-08,19,5.96
5675,8,2024-10-09,12,6.54
5676,8,2024-10-09,19,6.62
5677,8,2024-10-10,12,4.64
5678,8,2024-10-10,19,4.78
5679,8,2024-10-11,12,6.82
5680,8,2024-10-11,19,5.33
5681,8,2024-10-12,12,3.29
5682,8,2024-10-12,19,6.2
5683,8,2024-10-13,12,4.57
5684,8,2024-10-13,19,3.46
5685,8,2024-10-14,12,4.33
5686,8,2024-10-14,19,5.95
5687,8,2024-10-15,12,5.05
5688,8,2024-10-15,19,7.33
5689,8,2024-10-16,12,6.61
5690,8,2024-10-16,19,6.14
5691,8,2024-10-17,12,6.18
5692,8,2024-10-17,19,5.63
5693,8,2024-10-18,12,6.19
5694,8,2024-10-18,19,5.15
5695,8,2024-10-19,12,4.38
5696,8,2024-10-19,19,4.7
5697,8,2024-10-20,12,2.98
5698,8,2024-10-20,19,4.87
5699,8,2024-10-21,12,6.64
5700,8,2024-10-21,19,4.87
5701,8,2024-10-22,12,6.67
5702,8,2024-10-22,19,6.09
5703,8,2024-10-23,12,5.66
5704,8,2024-10-23,19,6.26
5705,8,2024-10-24,12,4.36
5706,8,2024-10-24,19,7.12
5707,8,2024-10-25,12,6.83
5708,8,2024-10-25,19,7.65
5709,8,2024-10-26,12,4.76
5710,8,2024-10-26,19,3.23
5711,8,2024-10-27,12,3.97
5712,8,2024-10-27,19,5.85
5713,8,2024-10-28,12,5.55
5714,8,2024-10-28,19,6.57
5715,8,2024-10-29,12,6.47
5716,8,2024-10-29,19,7.22
5717,8,2024-10-30,12,5.06
5718,8,2024-10-30,19,5.29
5719,8,2024-10-31,12,6.01
5720,8,2024-10-31,19,4.31
5721,8,2024-11-01,12,7.63
5722,8,2024-11-01,19,6.75
5723,8,2024-11-02,12,4.88
5724,8,2024-11-02,19,4.82
5725,8,2024-11-03,12,4.28
5726,8,2024-11-03,19,4.46
5727,8,2024-11-04,12,6.92
5728,8,2024-11-04,19,5.75
5729,8,2024-11-05,12,6.22
5730,8,2024-11-05,19,6.67
5731,8,2024-11-06,12,6.5
5732,8,2024-11-06,19,4.92
5733,8,2024-11-07,12,5.01
5734,8,2024-11-07,19,6.57
5735,8,2024-11-08,12,4.69
5736,8,2024-11-08,19,5.41
5737,8,2024-11-09,12,2.77
5738,8,2024-11-09,19,3.99
5739,8,2024-11-10,12,2.37
5740,8,2024-11-10,19,3.95
5741,8,2024-11-11,12,5.77
5742,8,2024-11-11,19,7.63
5743,8,2024-11-12,12,5.74
5744,8,2024-11-12,19,6.6
5745,8,2024-11-13,12,7.34
5746,8,2024-11-13,19,7.26
5747,8,2024-11-14,12,4.79
5748,8,2024-11-14,19,6.01
5749,8,2024-11-15,12,5.48
5750,8,2024-11-15,19,4.71
5751,8,2024-11-16,12,3.82
5752,8,2024-11-16,19,3.92
5753,8,2024-11-17,12,4.74
5754,8,2024-11-17,19,2.52
5755,8,2024-11-18,12,6.59
5756,8,2024-11-18,19,5.11
5757,8,2024-11-19,12,4.96
5758,8,2024-11-19,19,5.83
5759,8,2024-11-20,12,5.03
5760,8,2024-11-20,19,5.67
5761,8,2024-11-21,12,7.17
5762,8,2024-11-21,19,4.84
5763,8,2024-11-22,12,5.07
5764,8,2024-11-22,19,6.45
5765,8,2024-11-23,12,4.34
5766,8,2024-11-23,19,5.2
5767,8,2024-11-24,12,4.95
5768,8,2024-11-24,19,5.55
5769,8,2024-11-25,12,6.15
5770,8,2024-11-25,19,7.21
5771,8,2024-11-26,12,5.31
5772,8,2024-11-26,19,6.16
5773,8,2024-11-27,12,5.42
5774,8,2024-11-27,19,4.35
5775,8,2024-11-28,12,5.12
5776,8,2024-11-28,19,5.74
5777,8,2024-11-29,12,7.11
5778,8,2024-11-29,19,6.29
5779,8,2024-11-30,12,3.8
5780,8,2024-11-30,19,4.94
5781,8,2024-12-01,12,4.08
5782,8,2024-12-01,19,5.85
5783,8,2024-12-02,12,5.96
5784,8,2024-12-02,19,7.61
5785,8,2024-12-03,12,4.15
5786,8,2024-12-03,19,7.73
5787,8,2024-12-04,12,6.06
5788,8,2024-12-04,19,5.71
5789,8,2024-12-05,12,6.7
5790,8,2024-12-05,19,6.28
5791,8,2024-12-06,12,6.05
5792,8,2024-12-06,19,6.44
5793,8,2024-12-07,12,3.43
5794,8,2024-12-07,19,4.72
5795,8,2024-12-08,12,2.71
5796,8,2024-12-08,19,5.14
5797,8,2024-12-09,12,4.25
5798,8,2024-12-09,19,6.12
5799,8,2024-12-10,12,6.51
5800,8,2024-12-10,19,6.27
5801,8,2024-12-11,12,6.22
5802,8,2024-12-11,19,5.13
5803,8,2024-12-12,12,4.47
5804,8,2024-12-12,19,5.13
5805,8,2024-12-13,12,4.79
5806,8,2024-12-13,19,5.75
5807,8,2024-12-14,12,4.3
5808,8,2024-12-14,19,2.56
5809,8,2024-12-15,12,4.59
5810,8,2024-12-15,19,2.73
5811,8,2024-12-16,12,7.86
5812,8,2024-12-16,19,5.22
5813,8,2024-12-17,12,3.93
5814,8,2024-12-17,19,5.25
5815,8,2024-12-18,12,6.49
5816,8,2024-12-18,19,5.71
5817,8,2024-12-19,12,5.89
5818,8,2024-12-19,19,5.71
5819,8,2024-12-20,12,6.21
5820,8,2024-12-20,19,5.24
5821,8,2024-12-21,12,4.63
5822,8,2024-12-21,19,4.18
5823,8,2024-12-22,12,5.3
5824,8,2024-12-22,19,5.62
5825,8,2024-12-23,12,6.87
5826,8,2024-12-23,19,6.41
5827,8,2024-12-24,12,5.71
5828,8,2024-12-24,19,4.86
5829,8,2024-12-25,12,6.09
5830,8,2024-12-25,19,7.44
5831,8,2024-12-26,12,4.57
5832,8,2024-12-26,19,5.15
5833,8,2024-12-27,12,4.68
5834,8,2024-12-27,19,6.17
5835,8,2024-12-28,12,5.35
5836,8,2024-12-28,19,6.1
5837,8,2024-12-29,12,3.6
5838,8,2024-12-29,19,4.39
5839,8,2024-12-30,12,5.18
5840,8,2024-12-30,19,4.55
5841,9,2024-01-01,12,4.81
5842,9,2024-01-01,19,4.27
5843,9,2024-01-02,12,3.86
5844,9,2024-01-02,19,2.69
5845,9,2024-01-03,12,4.57
5846,9,2024-01-03,19,3.97
5847,9,2024-01-04,12,3.03
5848,9,2024-01-04,19,2.98
5849,9,2024-01-05,12,5.12
5850,9,2024-01-05,19,3.7
5851,9,2024-01-06,12,2.43
5852,9,2024-01-06,19,4.21
5853,9,2024-01-07,12,1.48
5854,9,2024-01-07,19,2.14
5855,9,2024-01-08,12,3.04
5856,9,2024-01-08,19,3.65
5857,9,2024-01-09,12,4.11
5858,9,2024-01-09,19,4.11
5859,9,2024-01-10,12,3.36
5860,9,2024-01-10,19,4.27
5861,9,2024-01-11,12,4.49
5862,9,2024-01-11,19,3.89
5863,9,2024-01-12,12,4.32
5864,9,2024-01-12,19,4.72
5865,9,2024-01-13,12,2.03
5866,9,2024-01-13,19,3.4
5867,9,2024-01-14,12,3.65
5868,9,2024-01-14,19,4.66
5869,9,2024-01-15,12,3.13
5870,9,2024-01-15,19,3.76
5871,9,2024-01-16,12,2.13
5872,9,2024-01-16,19,4.45
5873,9,2024-01-17,12,5.68
5874,9,2024-01-17,19,4.36
5875,9,2024-01-18,12,5.12
5876,9,2024-01-18,19,5.75
5877,9,2024-01-19,12,4.06
5878,9,2024-01-19,19,3.94
5879,9,2024-01-20,12,2.3
5880,9,2024-01-20,19,3.65
5881,9,2024-01-21,12,2.15
5882,9,2024-01-21,19,0.7
5883,9,2024-01-22,12,5.93
5884,9,2024-01-22,19,4.51
5885,9,2024-01-23,12,4.94
5886,9,2024-01-23,19,3.54
5887,9,2024-01-24,12,5.21
5888,9,2024-01-24,19,4.48
5889,9,2024-01-25,12,3.07
5890,9,2024-01-25,19,4.27
5891,9,2024-01-26,12,5.77
5892,9,2024-01-26,19,2.28
5893,9,2024-01-27,12,1.76
5894,9,2024-01-27,19,3.4
5895,9,2024-01-28,12,4.09
5896,9,2024-01-28,19,3.34
5897,9,2024-01-29,12,3.91
5898,9,2024-01-29,19,4.56
5899,9,2024-01-30,12,3.22
5900,9,2024-01-30,19,4.31
5901,9,2024-01-31,12,4.88
5902,9,2024-01-31,19,3.59
5903,9,2024-02-01,12,3.28
5904,9,2024-02-01,19,3.1
5905,9,2024-02-02,12,5.3
5906,9,2024-02-02,19,0.78
5907,9,2024-02-03,12,3.61
5908,9,2024-02-03,19,3.74
5909,9,2024-02-04,12,4.08
5910,9,2024-02-04,19,2.97
5911,9,2024-02-05,12,4.64
5912,9,2024-02-05,19,4.42
5913,9,2024-02-06,12,3.27
5914,9,2024-02-06,19,4.88
5915,9,2024-02-07,12,6.11
5916,9,2024-02-07,19,5.59
5917,9,2024-02-08,12,5.15
5918,9,2024-02-08,19,3.75
5919,9,2024-02-09,12,3.48
5920,9,2024-02-09,19,3.56
5921,9,2024-02-10,12,2.37
5922,9,2024-02-10,19,4.4
5923,9,2024-02-11,12,1.88
5924,9,2024-02-11,19,3.32
5925,9,2024-02-12,12,5.16
5926,9,2024-02-12,19,2.92
5927,9,2024-02-13,12,2.91
5928,9,2024-02-13,19,3.61
5929,9,2024-02-14,12,4.29
5930,9,2024-02-14,19,5.0
5931,9,2024-02-15,12,3.83
5932,9,2024-02-15,19,5.78
5933,9,2024-02-16,12,4.54
5934,9,2024-02-16,19,4.57
5935,9,2024-02-17,12,1.45
5936,9,2024-02-17,19,3.32
5937,9,2024-02-18,12,3.6
5938,9,2024-02-18,19,1.61
5939,9,2024-02-19,12,3.63
5940,9,2024-02-19,19,3.68
5941,9,2024-02-20,12,3.78
5942,9,2024-02-20,19,1.85
5943,9,2024-02-21,12,2.31
5944,9,2024-02-21,19,4.09
5945,9,2024-02-22,12,4.4
5946,9,2024-02-22,19,4.71
5947,9,2024-02-23,12,4.99
5948,9,2024-02-23,19,1.57
5949,9,2024-02-24,12,4.95
5950,9,2024-02-24,19,3.1
5951,9,2024-02-25,12,4.09
5952,9,2024-02-25,19,4.79
5953,9,2024-02-26,12,6.73
5954,9,2024-02-26,19,4.46
5955,9,2024-02-27,12,5.48
5956,9,2024-02-27,19,3.31
5957,9,2024-02-28,12,3.14
5958,9,2024-02-28,19,2.98
5959,9,2024-02-29,12,3.98
5960,9,2024-02-29,19,5.18
5961,9,2024-03-01,12,5.57
5962,9,2024-03-01,19,4.15
5963,9,2024-03-02,12,1.66
5964,9,2024-03-02,19,3.06
5965,9,2024-03-03,12,3.86
5966,9,2024-03-03,19,1.4
5967,9,2024-03-04,12,4.98
5968,9,2024-03-04,19,4.13
5969,9,2024-03-05,12,3.6
5970,9,2024-03-05,19,4.23
5971,9,2024-03-06,12,4.43
5972,9,2024-03-06,19,4.88
5973,9,2024-03-07,12,4.46
5974,9,2024-03-07,19,3.36
5975,9,2024-03-08,12,3.83
5976,9,2024-03-08,19,4.24
5977,9,2024-03-09,12,3.9
5978,9,2024-03-09,19,3.28
5979,9,2024-03-10,12,4.52
5980,9,2024-03-10,19,2.39
5981,9,2024-03-11,12,4.59
5982,9,2024-03-11,19,3.14
5983,9,2024-03-12,12,4.86
5984,9,2024-03-12,19,5.19
5985,9,2024-03-13,12,3.47
5986,9,2024-03-13,19,4.41
5987,9,2024-03-14,12,4.62
5988,9,2024-03-14,19,2.65
5989,9,2024-03-15,12,2.27
5990,9,2024-03-15,19,4.12
5991,9,2024-03-16,12,3.76
5992,9,2024-03-16,19,3.35
5993,9,2024-03-17,12,1.19
5994,9,2024-03-17,19,4.32
5995,9,2024-03-18,12,4.8
5996,9,2024-03-18,19,2.42
5997,9,2024-03-19,12,2.79
5998,9,2024-03-19,19,2.91
5999,9,2024-03-20,12,4.14
6000,9,2024-03-20,19,4.12
6001,9,2024-03-21,12,2.73
6002,9,2024-03-21,19,4.0
6003,9,2024-03-22,12,4.65
6004,9,2024-03-22,19,5.94
6005,9,2024-03-23,12,3.62
6006,9,2024-03-23,19,2.81
6007,9,2024-03-24,12,2.41
6008,9,2024-03-24,19,3.54
6009,9,2024-03-25,12,3.98
6010,9,2024-03-25,19,2.96
6011,9,2024-03-26,12,2.89
6012,9,2024-03-26,19,2.78
6013,9,2024-03-27,12,3.42
6014,9,2024-03-27,19,4.86
6015,9,2024-03-28,12,4.39
6016,9,2024-03-28,19,4.25
6017,9,2024-03-29,12,3.18
6018,9,2024-03-29,19,5.43
6019,9,2024-03-30,12,5.12
6020,9,2024-03-30,19,2.81
6021,9,2024-03-31,12,3.2
6022,9,2024-03-31,19,4.73
6023,9,2024-04-01,12,1.55
6024,9,2024-04-01,19,4.14
6025,9,2024-04-02,12,5.47
6026,9,2024-04-02,19,4.6
6027,9,2024-04-03,12,3.77
6028,9,2024-04-03,19,2.89
6029,9,2024-04-04,12,3.95
6030,9,2024-04-04,19,5.6
6031,9,2024-04-05,12,4.03
6032,9,2024-04-05,19,3.81
6033,9,2024-04-06,12,3.68
6034,9,2024-04-06,19,2.61
6035,9,2024-04-07,12,3.43
6036,9,2024-04-07,19,3.91
6037,9,2024-04-08,12,3.98
6038,9,2024-04-08,19,4.79
6039,9,2024-04-09,12,4.63
6040,9,2024-04-09,19,4.91
6041,9,2024-04-10,12,4.2
6042,9,2024-04-10,19,3.29
6043,9,2024-04-11,12,3.97
6044,9,2024-04-11,19,3.17
6045,9,2024-04-12,12,4.34
6046,9,2024-04-12,19,4.17
6047,9,2024-04-13,12,4.03
6048,9,2024-04-13,19,2.66
6049,9,2024-04-14,12,2.55
6050,9,2024-04-14,19,3.33
6051,9,2024-04-15,12,3.28
6052,9,2024-04-15,19,5.92
6053,9,2024-04-16,12,4.11
6054,9,2024-04-16,19,4.78
6055,9,2024-04-17,12,2.59
6056,9,2024-04-17,19,3.69
6057,9,2024-04-18,12,4.11
6058,9,2024-04-18,19,3.19
6059,9,2024-04-19,12,4.48
6060,9,2024-04-19,19,4.13
6061,9,2024-04-20,12,3.32
6062,9,2024-04-20,19,3.7
6063,9,2024-04-21,12,3.34
6064,9,2024-04-21,19,2.65
6065,9,2024-04-22,12,5.13
6066,9,2024-04-22,19,2.44
6067,9,2024-04-23,12,3.53
6068,9,2024-04-23,19,3.09
6069,9,2024-04-24,12,5.42
6070,9,2024-04-24,19,3.39
6071,9,2024-04-25,12,4.54
6072,9,2024-04-25,19,4.67
6073,9,2024-04-26,12,4.4
6074,9,2024-04-26,19,2.84
6075,9,2024-04-27,12,4.29
6076,9,2024-04-27,19,2.85
6077,9,2024-04-28,12,2.8
6078,9,2024-04-28,19,2.68
6079,9,2024-04-29,12,1.93
6080,9,2024-04-29,19,3.93
6081,9,2024-04-30,12,3.18
6082,9,2024-04-30,19,3.88
6083,9,2024-05-01,12,3.48
6084,9,2024-05-01,19,3.72
6085,9,2024-05-02,12,5.98
6086,9,2024-05-02,19,5.22
6087,9,2024-05-03,12,6.02
6088,9,2024-05-03,19,4.96
6089,9,2024-05-04,12,2.56
6090,9,2024-05-04,19,2.17
6091,9,2024-05-05,12,1.46
6092,9,2024-05-05,19,2.77
6093,9,2024-05-06,12,3.33
6094,9,2024-05-06,19,4.18
6095,9,2024-05-07,12,5.6
6096,9,2024-05-07,19,4.06
6097,9,2024-05-08,12,2.83
6098,9,2024-05-08,19,3.79
6099,9,2024-05-09,12,4.91
6100,9,2024-05-09,19,3.35
6101,9,2024-05-10,12,5.73
6102,9,2024-05-10,19,4.19
6103,9,2024-05-11,12,0.9
6104,9,2024-05-11,19,2.32
6105,9,2024-05-12,12,1.29
6106,9,2024-05-12,19,1.8
6107,9,2024-05-13,12,4.91
6108,9,2024-05-13,19,4.55
6109,9,2024-05-14,12,5.52
6110,9,2024-05-14,19,3.98
6111,9,2024-05-15,12,4.7
6112,9,2024-05-15,19,5.56
6113,9,2024-05-16,12,3.52
6114,9,2024-05-16,19,4.56
6115,9,2024-05-17,12,3.53
6116,9,2024-05-17,19,4.42
6117,9,2024-05-18,12,0.8
6118,9,2024-05-18,19,2.38
6119,9,2024-05-19,12,1.46
6120,9,2024-05-19,19,3.08
6121,9,2024-05-20,12,4.97
6122,9,2024-05-20,19,5.34
6123,9,2024-05-21,12,3.78
6124,9,2024-05-21,19,4.03
6125,9,2024-05-22,12,3.39
6126,9,2024-05-22,19,3.42
6127,9,2024-05-23,12,3.32
6128,9,2024-05-23,19,3.06
6129,9,2024-05-24,12,4.25
6130,9,2024-05-24,19,3.36
6131,9,2024-05-25,12,4.98
6132,9,2024-05-25,19,1.91
6133,9,2024-05-26,12,4.68
6134,9,2024-05-26,19,2.72
6135,9,2024-05-27,12,2.59
6136,9,2024-05-27,19,2.9
6137,9,2024-05-28,12,4.65
6138,9,2024-05-28,19,4.66
6139,9,2024-05-29,12,2.51
6140,9,2024-05-29,19,4.27
6141,9,2024-05-30,12,3.15
6142,9,2024-05-30,19,5.47
6143,9,2024-05-31,12,4.6
6144,9,2024-05-31,19,4.8
6145,9,2024-06-01,12,4.3
6146,9,2024-06-01,19,2.65
6147,9,2024-06-02,12,2.91
6148,9,2024-06-02,19,2.16
6149,9,2024-06-03,12,3.44
6150,9,2024-06-03,19,5.56
6151,9,2024-06-04,12,4.12
6152,9,2024-06-04,19,3.8
6153,9,2024-06-05,12,2.91
6154,9,2024-06-05,19,3.95
6155,9,2024-06-06,12,4.22
6156,9,2024-06-06,19,4.24
6157,9,2024-06-07,12,4.91
6158,9,2024-06-07,19,4.57
6159,9,2024-06-08,12,3.27
6160,9,2024-06-08,19,2.04
6161,9,2024-06-09,12,2.05
6162,9,2024-06-09,19,2.67
6163,9,2024-06-10,12,4.25
6164,9,2024-06-10,19,3.67
6165,9,2024-06-11,12,2.71
6166,9,2024-06-11,19,5.8
6167,9,2024-06-12,12,6.14
6168,9,2024-06-12,19,2.75
6169,9,2024-06-13,12,4.06
6170,9,2024-06-13,19,2.17
6171,9,2024-06-14,12,2.93
6172,9,2024-06-14,19,4.85
6173,9,2024-06-15,12,2.65
6174,9,2024-06-15,19,4.03
6175,9,2024-06-16,12,3.93
6176,9,2024-06-16,19,3.23
6177,9,2024-06-17,12,3.27
6178,9,2024-06-17,19,5.94
6179,9,2024-06-18,12,4.44
6180,9,2024-06-18,19,3.18
6181,9,2024-06-19,12,4.62
6182,9,2024-06-19,19,3.82
6183,9,2024-06-20,12,5.49
6184,9,2024-06-20,19,3.73
6185,9,2024-06-21,12,4.25
6186,9,2024-06-21,19,4.78
6187,9,2024-06-22,12,2.56
6188,9,2024-06-22,19,3.24
6189,9,2024-06-23,12,3.3
6190,9,2024-06-23,19,4.41
6191,9,2024-06-24,12,5.78
6192,9,2024-06-24,19,4.27
6193,9,2024-06-25,12,4.05
6194,9,2024-06-25,19,5.13
6195,9,2024-06-26,12,5.6
6196,9,2024-06-26,19,2.89
6197,9,2024-06-27,12,3.7
6198,9,2024-06-27,19,6.19
6199,9,2024-06-28,12,4.13
6200,9,2024-06-28,19,2.58
6201,9,2024-06-29,12,4.07
6202,9,2024-06-29,19,3.18
6203,9,2024-06-30,12,3.12
6204,9,2024-06-30,19,2.02
6205,9,2024-07-01,12,4.61
6206,9,2024-07-01,19,3.94
6207,9,2024-07-02,12,4.35
6208,9,2024-07-02,19,5.35
6209,9,2024-07-03,12,3.84
6210,9,2024-07-03,19,3.2
6211,9,2024-07-04,12,3.52
6212,9,2024-07-04,19,5.14
6213,9,2024-07-05,12,4.35
6214,9,2024-07-05,19,3.77
6215,9,2024-07-06,12,2.8
6216,9,2024-07-06,19,3.41
6217,9,2024-07-07,12,4.11
6218,9,2024-07-07,19,2.69
6219,9,2024-07-08,12,4.33
6220,9,2024-07-08,19,4.12
6221,9,2024-07-09,12,4.57
6222,9,2024-07-09,19,3.97
6223,9,2024-07-10,12,3.87
6224,9,2024-07-10,19,2.97
6225,9,2024-07-11,12,5.05
6226,9,2024-07-11,19,5.18
6227,9,2024-07-12,12,4.2
6228,9,2024-07-12,19,3.71
6229,9,2024-07-13,12,4.03
6230,9,2024-07-13,19,3.15
6231,9,2024-07-14,12,3.98
6232,9,2024-07-14,19,2.5
6233,9,2024-07-15,12,2.81
6234,9,2024-07-15,19,3.68
6235,9,2024-07-16,12,3.05
6236,9,2024-07-16,19,2.8
6237,9,2024-07-17,12,4.58
6238,9,2024-07-17,19,3.79
6239,9,2024-07-18,12,3.93
6240,9,2024-07-18,19,3.85
6241,9,2024-07-19,12,4.22
6242,9,2024-07-19,19,4.01
6243,9,2024-07-20,12,3.78
6244,9,2024-07-20,19,4.23
6245,9,2024-07-21,12,2.36
6246,9,2024-07-21,19,3.38
6247,9,2024-07-22,12,5.28
6248,9,2024-07-22,19,4.36
6249,9,2024-07-23,12,4.16
6250,9,2024-07-23,19,4.71
6251,9,2024-07-24,12,2.99
6252,9,2024-07-24,19,5.03
6253,9,2024-07-25,12,4.0
6254,9,2024-07-25,19,5.48
6255,9,2024-07-26,12,4.01
6256,9,2024-07-26,19,5.8
6257,9,2024-07-27,12,3.84
6258,9,2024-07-27,19,2.96
6259,9,2024-07-28,12,4.0
6260,9,2024-07-28,19,2.23
6261,9,2024-07-29,12,4.7
6262,9,2024-07-29,19,4.36
6263,9,2024-07-30,12,4.79
6264,9,2024-07-30,19,5.31
6265,9,2024-07-31,12,4.57
6266,9,2024-07-31,19,5.6
6267,9,2024-08-01,12,5.05
6268,9,2024-08-01,19,4.19
6269,9,2024-08-02,12,4.81
6270,9,2024-08-02,19,4.06
6271,9,2024-08-03,12,4.27
6272,9,2024-08-03,19,2.82
6273,9,2024-08-04,12,3.79
6274,9,2024-08-04,19,4.24
6275,9,2024-08-05,12,4.61
6276,9,2024-08-05,19,5.89
6277,9,2024-08-06,12,3.24
6278,9,2024-08-06,19,3.75
6279,9,2024-08-07,12,5.26
6280,9,2024-08-07,19,5.29
6281,9,2024-08-08,12,3.37
6282,9,2024-08-08,19,2.87
6283,9,2024-08-09,12,2.97
6284,9,2024-08-09,19,2.31
6285,9,2024-08-10,12,1.42
6286,9,2024-08-10,19,3.33
6287,9,2024-08-11,12,3.14
6288,9,2024-08-11,19,4.81
6289,9,2024-08-12,12,4.12
6290,9,2024-08-12,19,4.47
6291,9,2024-08-13,12,5.12
6292,9,2024-08-13,19,4.35
6293,9,2024-08-14,12,3.2
6294,9,2024-08-14,19,4.08
6295,9,2024-08-15,12,4.73
6296,9,2024-08-15,19,4.15
6297,9,2024-08-16,12,6.23
6298,9,2024-08-16,19,3.54
6299,9,2024-08-17,12,2.45
6300,9,2024-08-17,19,2.33
6301,9,2024-08-18,12,3.57
6302,9,2024-08-18,19,3.28
6303,9,2024-08-19,12,3.42
6304,9,2024-08-19,19,5.26
6305,9,2024-08-20,12,5.15
6306,9,2024-08-20,19,3.15
6307,9,2024-08-21,12,6.43
6308,9,2024-08-21,19,3.74
6309,9,2024-08-22,12,4.43
6310,9,2024-08-22,19,4.51
6311,9,2024-08-23,12,5.97
6312,9,2024-08-23,19,3.05
6313,9,2024-08-24,12,2.62
6314,9,2024-08-24,19,3.62
6315,9,2024-08-25,12,4.52
6316,9,2024-08-25,19,4.17
6317,9,2024-08-26,12,3.37
6318,9,2024-08-26,19,6.75
6319,9,2024-08-27,12,4.04
6320,9,2024-08-27,19,5.33
6321,9,2024-08-28,12,3.64
6322,9,2024-08-28,19,5.12
6323,9,2024-08-29,12,4.83
6324,9,2024-08-29,19,5.27
6325,9,2024-08-30,12,3.56
6326,9,2024-08-30,19,4.42
6327,9,2024-08-31,12,3.95
6328,9,2024-08-31,19,2.21
6329,9,2024-09-01,12,3.18
6330,9,2024-09-01,19,2.3
6331,9,2024-09-02,12,4.33
6332,9,2024-09-02,19,3.64
6333,9,2024-09-03,12,4.18
6334,9,2024-09-03,19,3.41
6335,9,2024-09-04,12,4.4
6336,9,2024-09-04,19,4.23
6337,9,2024-09-05,12,4.32
6338,9,2024-09-05,19,5.18
6339,9,2024-09-06,12,4.94
6340,9,2024-09-06,19,5.1
6341,9,2024-09-07,12,3.77
6342,9,2024-09-07,19,3.53
6343,9,2024-09-08,12,4.05
6344,9,2024-09-08,19,2.5
6345,9,2024-09-09,12,4.88
6346,9,2024-09-09,19,5.38
6347,9,2024-09-10,12,5.15
6348,9,2024-09-10,19,3.23
6349,9,2024-09-11,12,3.63
6350,9,2024-09-11,19,3.18
6351,9,2024-09-12,12,3.14
6352,9,2024-09-12,19,2.98
6353,9,2024-09-13,12,6.16
6354,9,2024-09-13,19,6.68
6355,9,2024-09-14,12,2.92
6356,9,2024-09-14,19,4.54
6357,9,2024-09-15,12,1.85
6358,9,2024-09-15,19,4.18
6359,9,2024-09-16,12,5.74
6360,9,2024-09-16,19,4.96
6361,9,2024-09-17,12,5.17
6362,9,2024-09-17,19,4.88
6363,9,2024-09-18,12,3.45
6364,9,2024-09-18,19,4.03
6365,9,2024-09-19,12,3.39
6366,9,2024-09-19,19,4.19
6367,9,2024-09-20,12,6.01
6368,9,2024-09-20,19,4.66
6369,9,2024-09-21,12,2.74
6370,9,2024-09-21,19,2.0
6371,9,2024-09-22,12,2.8
6372,9,2024-09-22,19,3.7
6373,9,2024-09-23,12,5.23
6374,9,2024-09-23,19,5.24
6375,9,2024-09-24,12,5.96
6376,9,2024-09-24,19,5.5
6377,9,2024-09-25,12,3.98
6378,9,2024-09-25,19,3.56
6379,9,2024-09-26,12,4.7
6380,9,2024-09-26,19,5.14
6381,9,2024-09-27,12,5.72
6382,9,2024-09-27,19,4.57
6383,9,2024-09-28,12,1.55
6384,9,2024-09-28,19,2.75
6385,9,2024-09-29,12,3.65
6386,9,2024-09-29,19,3.95
6387,9,2024-09-30,12,5.08
6388,9,2024-09-30,19,2.44
6389,9,2024-10-01,12,4.14
6390,9,2024-10-01,19,4.14
6391,9,2024-10-02,12,4.31
6392,9,2024-10-02,19,4.76
6393,9,2024-10-03,12,4.89
6394,9,2024-10-03,19,4.48
6395,9,2024-10-04,12,4.98
6396,9,2024-10-04,19,3.66
6397,9,2024-10-05,12,3.41
6398,9,2024-10-05,19,3.81
6399,9,2024-10-06,12,3.57
6400,9,2024-10-06,19,0.76
6401,9,2024-10-07,12,4.55
6402,9,2024-10-07,19,3.0
6403,9,2024-10-08,12,4.32
6404,9,2024-10-08,19,3.44
6405,9,2024-10-09,12,2.46
6406,9,2024-10-09,19,4.03
6407,9,2024-10-10,12,6.02
6408,9,2024-10-10,19,3.39
6409,9,2024-10-11,12,2.77
6410,9,2024-10-11,19,4.77
6411,9,2024-10-12,12,4.81
6412,9,2024-10-12,19,3.61
6413,9,2024-10-13,12,4.94
6414,9,2024-10-13,19,2.43
6415,9,2024-10-14,12,5.81
6416,9,2024-10-14,19,3.67
6417,9,2024-10-15,12,5.28
6418,9,2024-10-15,19,6.31
6419,9,2024-10-16,12,4.17
6420,9,2024-10-16,19,5.46
6421,9,2024-10-17,12,3.49
6422,9,2024-10-17,19,3.71
6423,9,2024-10-18,12,3.16
6424,9,2024-10-18,19,3.68
6425,9,2024-10-19,12,2.77
6426,9,2024-10-19,19,5.28
6427,9,2024-10-20,12,3.3
6428,9,2024-10-20,19,1.23
6429,9,2024-10-21,12,6.1
6430,9,2024-10-21,19,4.68
6431,9,2024-10-22,12,3.24
6432,9,2024-10-22,19,5.04
6433,9,2024-10-23,12,5.41
6434,9,2024-10-23,19,2.89
6435,9,2024-10-24,12,4.72
6436,9,2024-10-24,19,4.46
6437,9,2024-10-25,12,3.76
6438,9,2024-10-25,19,3.69
6439,9,2024-10-26,12,3.4
6440,9,2024-10-26,19,3.99
6441,9,2024-10-27,12,3.43
6442,9,2024-10-27,19,3.74
6443,9,2024-10-28,12,2.64
6444,9,2024-10-28,19,4.45
6445,9,2024-10-29,12,5.01
6446,9,2024-10-29,19,6.0
6447,9,2024-10-30,12,1.66
6448,9,2024-10-30,19,5.45
6449,9,2024-10-31,12,2.62
6450,9,2024-10-31,19,4.51
6451,9,2024-11-01,12,6.57
6452,9,2024-11-01,19,4.78
6453,9,2024-11-02,12,2.83
6454,9,2024-11-02,19,1.92
6455,9,2024-11-03,12,3.4
6456,9,2024-11-03,19,3.17
6457,9,2024-11-04,12,4.18
6458,9,2024-11-04,19,3.42
6459,9,2024-11-05,12,4.04
6460,9,2024-11-05,19,4.47
6461,9,2024-11-06,12,4.28
6462,9,2024-11-06,19,3.42
6463,9,2024-11-07,12,3.8
6464,9,2024-11-07,19,4.65
6465,9,2024-11-08,12,5.83
6466,9,2024-11-08,19,2.39
6467,9,2024-11-09,12,3.44
6468,9,2024-11-09,19,4.43
6469,9,2024-11-10,12,3.91
6470,9,2024-11-10,19,2.33
6471,9,2024-11-11,12,7.24
6472,9,2024-11-11,19,3.85
6473,9,2024-11-12,12,4.84
6474,9,2024-11-12,19,6.2
6475,9,2024-11-13,12,3.84
6476,9,2024-11-13,19,4.84
6477,9,2024-11-14,12,4.56
6478,9,2024-11-14,19,6.87
6479,9,2024-11-15,12,3.36
6480,9,2024-11-15,19,4.37
6481,9,2024-11-16,12,0.4
6482,9,2024-11-16,19,1.74
6483,9,2024-11-17,12,3.1
6484,9,2024-11-17,19,3.99
6485,9,2024-11-18,12,5.06
6486,9,2024-11-18,19,5.91
6487,9,2024-11-19,12,3.98
6488,9,2024-11-19,19,1.96
6489,9,2024-11-20,12,6.45
6490,9,2024-11-20,19,3.71
6491,9,2024-11-21,12,5.58
6492,9,2024-11-21,19,5.24
6493,9,2024-11-22,12,4.16
6494,9,2024-11-22,19,3.53
6495,9,2024-11-23,12,3.98
6496,9,2024-11-23,19,3.27
6497,9,2024-11-24,12,2.95
6498,9,2024-11-24,19,0.57
6499,9,2024-11-25,12,3.59
6500,9,2024-11-25,19,3.68
6501,9,2024-11-26,12,4.02
6502,9,2024-11-26,19,3.82
6503,9,2024-11-27,12,6.38
6504,9,2024-11-27,19,3.38
6505,9,2024-11-28,12,5.42
6506,9,2024-11-28,19,2.33
6507,9,2024-11-29,12,3.34
6508,9,2024-11-29,19,4.03
6509,9,2024-11-30,12,1.2
6510,9,2024-11-30,19,5.02
6511,9,2024-12-01,12,2.7
6512,9,2024-12-01,19,3.21
6513,9,2024-12-02,12,4.41
6514,9,2024-12-02,19,3.92
6515,9,2024-12-03,12,6.75
6516,9,2024-12-03,19,5.42
6517,9,2024-12-04,12,3.34
6518,9,2024-12-04,19,5.18
6519,9,2024-12-05,12,3.72
6520,9,2024-12-05,19,3.56
6521,9,2024-12-06,12,4.2
6522,9,2024-12-06,19,4.88
6523,9,2024-12-07,12,2.66
6524,9,2024-12-07,19,3.69
6525,9,2024-12-08,12,2.83
6526,9,2024-12-08,19,5.9
6527,9,2024-12-09,12,4.57
6528,9,2024-12-09,19,4.54
6529,9,2024-12-10,12,2.6
6530,9,2024-12-10,19,2.19
6531,9,2024-12-11,12,5.06
6532,9,2024-12-11,19,3.1
6533,9,2024-12-12,12,4.72
6534,9,2024-12-12,19,4.13
6535,9,2024-12-13,12,6.02
6536,9,2024-12-13,19,4.22
6537,9,2024-12-14,12,2.96
6538,9,2024-12-14,19,3.39
6539,9,2024-12-15,12,2.11
6540,9,2024-12-15,19,2.92
6541,9,2024-12-16,12,5.76
6542,9,2024-12-16,19,4.48
6543,9,2024-12-17,12,1.88
6544,9,2024-12-17,19,1.77
6545,9,2024-12-18,12,3.75
6546,9,2024-12-18,19,4.18
6547,9,2024-12-19,12,3.82
6548,9,2024-12-19,19,5.17
6549,9,2024-12-20,12,4.05
6550,9,2024-12-20,19,5.93
6551,9,2024-12-21,12,3.21
6552,9,2024-12-21,19,2.64
6553,9,2024-12-22,12,3.41
6554,9,2024-12-22,19,1.99
6555,9,2024-12-23,12,4.36
6556,9,2024-12-23,19,3.95
6557,9,2024-12-24,12,6.21
6558,9,2024-12-24,19,4.7
6559,9,2024-12-25,12,5.32
6560,9,2024-12-25,19,3.15
6561,9,2024-12-26,12,5.08
6562,9,2024-12-26,19,4.37
6563,9,2024-12-27,12,4.24
6564,9,2024-12-27,19,4.77
6565,9,2024-12-28,12,2.13
6566,9,2024-12-28,19,1.52
6567,9,2024-12-29,12,1.2
6568,9,2024-12-29,19,3.24
6569,9,2024-12-30,12,4.63
6570,9,2024-12-30,19,1.59
6571,10,2024-01-01,12,4.04
6572,10,2024-01-01,19,4.06
6573,10,2024-01-02,12,2.65
6574,10,2024-01-02,19,5.52
6575,10,2024-01-03,12,3.21
6576,10,2024-01-03,19,3.52
6577,10,2024-01-04,12,3.45
6578,10,2024-01-04,19,3.06
6579,10,2024-01-05,12,4.53
6580,10,2024-01-05,19,2.96
6581,10,2024-01-06,12,2.87
6582,10,2024-01-06,19,2.9
6583,10,2024-01-07,12,2.96
6584,10,2024-01-07,19,1.77
6585,10,2024-01-08,12,2.91
6586,10,2024-01-08,19,3.19
6587,10,2024-01-09,12,2.04
6588,10,2024-01-09,19,4.74
6589,10,2024-01-10,12,3.02
6590,10,2024-01-10,19,4.71
6591,10,2024-01-11,12,3.9
6592,10,2024-01-11,19,2.99
6593,10,2024-01-12,12,4.17
6594,10,2024-01-12,19,6.17
6595,10,2024-01-13,12,4.65
6596,10,2024-01-13,19,3.94
6597,10,2024-01-14,12,3.45
6598,10,2024-01-14,19,3.55
6599,10,2024-01-15,12,3.05
6600,10,2024-01-15,19,3.26
6601,10,2024-01-16,12,3.25
6602,10,2024-01-16,19,3.46
6603,10,2024-01-17,12,3.07
6604,10,2024-01-17,19,5.01
6605,10,2024-01-18,12,5.02
6606,10,2024-01-18,19,3.43
6607,10,2024-01-19,12,4.37
6608,10,2024-01-19,19,5.54
6609,10,2024-01-20,12,2.01
6610,10,2024-01-20,19,3.96
6611,10,2024-01-21,12,2.3
6612,10,2024-01-21,19,2.49
6613,10,2024-01-22,12,4.1
6614,10,2024-01-22,19,1.76
6615,10,2024-01-23,12,4.81
6616,10,2024-01-23,19,4.73
6617,10,2024-01-24,12,2.49
6618,10,2024-01-24,19,4.73
6619,10,2024-01-25,12,4.62
6620,10,2024-01-25,19,3.07
6621,10,2024-01-26,12,4.26
6622,10,2024-01-26,19,3.14
6623,10,2024-01-27,12,2.98
6624,10,2024-01-27,19,2.3
6625,10,2024-01-28,12,3.76
6626,10,2024-01-28,19,0.97
6627,10,2024-01-29,12,2.62
6628,10,2024-01-29,19,4.05
6629,10,2024-01-30,12,4.56
6630,10,2024-01-30,19,2.81
6631,10,2024-01-31,12,5.76
6632,10,2024-01-31,19,5.41
6633,10,2024-02-01,12,5.21
6634,10,2024-02-01,19,3.26
6635,10,2024-02-02,12,3.29
6636,10,2024-02-02,19,2.9
6637,10,2024-02-03,12,2.05
6638,10,2024-02-03,19,3.04
6639,10,2024-02-04,12,4.34
6640,10,2024-02-04,19,3.36
6641,10,2024-02-05,12,4.7
6642,10,2024-02-05,19,2.49
6643,10,2024-02-06,12,4.75
6644,10,2024-02-06,19,4.48
6645,10,2024-02-07,12,3.86
6646,10,2024-02-07,19,5.02
6647,10,2024-02-08,12,3.79
6648,10,2024-02-08,19,4.3
6649,10,2024-02-09,12,4.97
6650,10,2024-02-09,19,5.33
6651,10,2024-02-10,12,2.96
6652,10,2024-02-10,19,1.98
6653,10,2024-02-11,12,3.4
6654,10,2024-02-11,19,3.44
6655,10,2024-02-12,12,3.78
6656,10,2024-02-12,19,4.4
6657,10,2024-02-13,12,3.58
6658,10,2024-02-13,19,4.34
6659,10,2024-02-14,12,4.89
6660,10,2024-02-14,19,1.82
6661,10,2024-02-15,12,2.3
6662,10,2024-02-15,19,4.22
6663,10,2024-02-16,12,3.69
6664,10,2024-02-16,19,5.13
6665,10,2024-02-17,12,4.88
6666,10,2024-02-17,19,1.72
6667,10,2024-02-18,12,2.31
6668,10,2024-02-18,19,3.01
6669,10,2024-02-19,12,3.7
6670,10,2024-02-19,19,3.6
6671,10,2024-02-20,12,3.41
6672,10,2024-02-20,19,3.33
6673,10,2024-02-21,12,3.04
6674,10,2024-02-21,19,2.22
6675,10,2024-02-22,12,5.0
6676,10,2024-02-22,19,3.59
6677,10,2024-02-23,12,4.05
6678,10,2024-02-23,19,3.15
6679,10,2024-02-24,12,3.31
6680,10,2024-02-24,19,3.03
6681,10,2024-02-25,12,2.65
6682,10,2024-02-25,19,3.05
6683,10,2024-02-26,12,2.88
6684,10,2024-02-26,19,3.58
6685,10,2024-02-27,12,3.81
6686,10,2024-02-27,19,5.03
6687,10,2024-02-28,12,4.23
6688,10,2024-02-28,19,3.5
6689,10,2024-02-29,12,3.66
6690,10,2024-02-29,19,3.95
6691,10,2024-03-01,12,3.93
6692,10,2024-03-01,19,3.5
6693,10,2024-03-02,12,3.02
6694,10,2024-03-02,19,0.12
6695,10,2024-03-03,12,4.38
6696,10,2024-03-03,19,3.4
6697,10,2024-03-04,12,3.82
6698,10,2024-03-04,19,4.88
6699,10,2024-03-05,12,2.27
6700,10,2024-03-05,19,3.79
6701,10,2024-03-06,12,3.97
6702,10,2024-03-06,19,4.0
6703,10,2024-03-07,12,3.88
6704,10,2024-03-07,19,3.66
6705,10,2024-03-08,12,3.8
6706,10,2024-03-08,19,5.9
6707,10,2024-03-09,12,2.47
6708,10,2024-03-09,19,3.32
6709,10,2024-03-10,12,1.88
6710,10,2024-03-10,19,2.57
6711,10,2024-03-11,12,3.77
6712,10,2024-03-11,19,2.88
6713,10,2024-03-12,12,3.29
6714,10,2024-03-12,19,5.56
6715,10,2024-03-13,12,2.17
6716,10,2024-03-13,19,4.28
6717,10,2024-03-14,12,3.47
6718,10,2024-03-14,19,1.77
6719,10,2024-03-15,12,2.78
6720,10,2024-03-15,19,5.14
6721,10,2024-03-16,12,3.78
6722,10,2024-03-16,19,1.46
6723,10,2024-03-17,12,0.95
6724,10,2024-03-17,19,3.36
6725,10,2024-03-18,12,4.32
6726,10,2024-03-18,19,4.24
6727,10,2024-03-19,12,3.6
6728,10,2024-03-19,19,2.1
6729,10,2024-03-20,12,5.03
6730,10,2024-03-20,19,3.57
6731,10,2024-03-21,12,4.16
6732,10,2024-03-21,19,2.87
6733,10,2024-03-22,12,5.16
6734,10,2024-03-22,19,4.91
6735,10,2024-03-23,12,4.13
6736,10,2024-03-23,19,0.47
6737,10,2024-03-24,12,3.05
6738,10,2024-03-24,19,2.05
6739,10,2024-03-25,12,3.38
6740,10,2024-03-25,19,4.5
6741,10,2024-03-26,12,3.19
6742,10,2024-03-26,19,1.12
6743,10,2024-03-27,12,3.13
6744,10,2024-03-27,19,3.27
6745,10,2024-03-28,12,5.3
6746,10,2024-03-28,19,3.0
6747,10,2024-03-29,12,3.03
6748,10,2024-03-29,19,4.71
6749,10,2024-03-30,12,3.34
6750,10,2024-03-30,19,1.35
6751,10,2024-03-31,12,2.59
6752,10,2024-03-31,19,2.15
6753,10,2024-04-01,12,5.75
6754,10,2024-04-01,19,3.03
6755,10,2024-04-02,12,3.28
6756,10,2024-04-02,19,3.73
6757,10,2024-04-03,12,4.32
6758,10,2024-04-03,19,4.74
6759,10,2024-04-04,12,2.92
6760,10,2024-04-04,19,5.58
6761,10,2024-04-05,12,4.77
6762,10,2024-04-05,19,3.03
6763,10,2024-04-06,12,1.13
6764,10,2024-04-06,19,4.68
6765,10,2024-04-07,12,3.93
6766,10,2024-04-07,19,1.2
6767,10,2024-04-08,12,6.37
6768,10,2024-04-08,19,5.12
6769,10,2024-04-09,12,3.61
6770,10,2024-04-09,19,2.7
6771,10,2024-04-10,12,3.78
6772,10,2024-04-10,19,3.28
6773,10,2024-04-11,12,4.13
6774,10,2024-04-11,19,4.46
6775,10,2024-04-12,12,2.0
6776,10,2024-04-12,19,3.61
6777,10,2024-04-13,12,2.13
6778,10,2024-04-13,19,2.05
6779,10,2024-04-14,12,3.52
6780,10,2024-04-14,19,2.96
6781,10,2024-04-15,12,3.03
6782,10,2024-04-15,19,3.43
6783,10,2024-04-16,12,3.38
6784,10,2024-04-16,19,3.39
6785,10,2024-04-17,12,2.44
6786,10,2024-04-17,19,2.75
6787,10,2024-04-18,12,4.09
6788,10,2024-04-18,19,4.01
6789,10,2024-04-19,12,3.16
6790,10,2024-04-19,19,4.51
6791,10,2024-04-20,12,3.84
6792,10,2024-04-20,19,3.02
6793,10,2024-04-21,12,2.93
6794,10,2024-04-21,19,4.67
6795,10,2024-04-22,12,4.17
6796,10,2024-04-22,19,4.21
6797,10,2024-04-23,12,2.31
6798,10,2024-04-23,19,3.24
6799,10,2024-04-24,12,3.81
6800,10,2024-04-24,19,3.35
6801,10,2024-04-25,12,2.67
6802,10,2024-04-25,19,3.95
6803,10,2024-04-26,12,1.69
6804,10,2024-04-26,19,3.56
6805,10,2024-04-27,12,2.45
6806,10,2024-04-27,19,2.38
6807,10,2024-04-28,12,2.62
6808,10,2024-04-28,19,1.93
6809,10,2024-04-29,12,4.53
6810,10,2024-04-29,19,4.64
6811,10,2024-04-30,12,5.42
6812,10,2024-04-30,19,4.56
6813,10,2024-05-01,12,3.55
6814,10,2024-05-01,19,4.73
6815,10,2024-05-02,12,4.44
6816,10,2024-05-02,19,3.84
6817,10,2024-05-03,12,3.29
6818,10,2024-05-03,19,4.51
6819,10,2024-05-04,12,3.0
6820,10,2024-05-04,19,0.88
6821,10,2024-05-05,12,2.2
6822,10,2024-05-05,19,3.25
6823,10,2024-05-06,12,3.89
6824,10,2024-05-06,19,4.87
6825,10,2024-05-07,12,3.93
6826,10,2024-05-07,19,1.91
6827,10,2024-05-08,12,4.68
6828,10,2024-05-08,19,4.58
6829,10,2024-05-09,12,2.87
6830,10,2024-05-09,19,4.67
6831,10,2024-05-10,12,3.88
6832,10,2024-05-10,19,2.93
6833,10,2024-05-11,12,1.96
6834,10,2024-05-11,19,1.05
6835,10,2024-05-12,12,3.04
6836,10,2024-05-12,19,3.77
6837,10,2024-05-13,12,3.54
6838,10,2024-05-13,19,3.53
6839,10,2024-05-14,12,4.17
6840,10,2024-05-14,19,3.93
6841,10,2024-05-15,12,2.82
6842,10,2024-05-15,19,3.65
6843,10,2024-05-16,12,3.2
6844,10,2024-05-16,19,3.98
6845,10,2024-05-17,12,3.82
6846,10,2024-05-17,19,4.63
6847,10,2024-05-18,12,3.11
6848,10,2024-05-18,19,2.97
6849,10,2024-05-19,12,3.24
6850,10,2024-05-19,19,2.16
6851,10,2024-05-20,12,2.47
6852,10,2024-05-20,19,3.06
6853,10,2024-05-21,12,4.0
6854,10,2024-05-21,19,3.27
6855,10,2024-05-22,12,4.94
6856,10,2024-05-22,19,4.59
6857,10,2024-05-23,12,3.44
6858,10,2024-05-23,19,3.44
6859,10,2024-05-24,12,3.78
6860,10,2024-05-24,19,3.42
6861,10,2024-05-25,12,1.57
6862,10,2024-05-25,19,3.17
6863,10,2024-05-26,12,1.7
6864,10,2024-05-26,19,4.81
6865,10,2024-05-27,12,2.77
6866,10,2024-05-27,19,4.15
6867,10,2024-05-28,12,3.16
6868,10,2024-05-28,19,2.85
6869,10,2024-05-29,12,2.67
6870,10,2024-05-29,19,3.66
6871,10,2024-05-30,12,5.13
6872,10,2024-05-30,19,4.15
6873,10,2024-05-31,12,2.5
6874,10,2024-05-31,19,4.11
6875,10,2024-06-01,12,2.99
6876,10,2024-06-01,19,1.75
6877,10,2024-06-02,12,1.97
6878,10,2024-06-02,19,1.65
6879,10,2024-06-03,12,3.12
6880,10,2024-06-03,19,4.04
6881,10,2024-06-04,12,4.23
6882,10,2024-06-04,19,4.25
6883,10,2024-06-05,12,1.29
6884,10,2024-06-05,19,2.71
6885,10,2024-06-06,12,4.3
6886,10,2024-06-06,19,4.66
6887,10,2024-06-07,12,3.77
6888,10,2024-06-07,19,4.62
6889,10,2024-06-08,12,4.01
6890,10,2024-06-08,19,2.98
6891,10,2024-06-09,12,1.33
6892,10,2024-06-09,19,3.17
6893,10,2024-06-10,12,1.72
6894,10,2024-06-10,19,2.13
6895,10,2024-06-11,12,4.53
6896,10,2024-06-11,19,4.6
6897,10,2024-06-12,12,3.99
6898,10,2024-06-12,19,2.98
6899,10,2024-06-13,12,4.27
6900,10,2024-06-13,19,5.1
6901,10,2024-06-14,12,4.89
6902,10,2024-06-14,19,4.68
6903,10,2024-06-15,12,2.71
6904,10,2024-06-15,19,3.45
6905,10,2024-06-16,12,2.3
6906,10,2024-06-16,19,3.04
6907,10,2024-06-17,12,3.06
6908,10,2024-06-17,19,2.46
6909,10,2024-06-18,12,5.49
6910,10,2024-06-18,19,2.71
6911,10,2024-06-19,12,3.92
6912,10,2024-06-19,19,3.25
6913,10,2024-06-20,12,3.97
6914,10,2024-06-20,19,3.63
6915,10,2024-06-21,12,2.93
6916,10,2024-06-21,19,1.91
6917,10,2024-06-22,12,1.89
6918,10,2024-06-22,19,2.77
6919,10,2024-06-23,12,3.0
6920,10,2024-06-23,19,3.24
6921,10,2024-06-24,12,3.38
6922,10,2024-06-24,19,4.93
6923,10,2024-06-25,12,3.9
6924,10,2024-06-25,19,3.53
6925,10,2024-06-26,12,3.57
6926,10,2024-06-26,19,4.88
6927,10,2024-06-27,12,6.51
6928,10,2024-06-27,19,4.65
6929,10,2024-06-28,12,2.8
6930,10,2024-06-28,19,4.51
6931,10,2024-06-29,12,3.32
6932,10,2024-06-29,19,3.33
6933,10,2024-06-30,12,2.26
6934,10,2024-06-30,19,1.73
6935,10,2024-07-01,12,4.57
6936,10,2024-07-01,19,4.06
6937,10,2024-07-02,12,4.39
6938,10,2024-07-02,19,2.59
6939,10,2024-07-03,12,4.77
6940,10,2024-07-03,19,4.88
6941,10,2024-07-04,12,4.69
6942,10,2024-07-04,19,3.66
6943,10,2024-07-05,12,4.74
6944,10,2024-07-05,19,3.4
6945,10,2024-07-06,12,2.31
6946,10,2024-07-06,19,3.29
6947,10,2024-07-07,12,1.73
6948,10,2024-07-07,19,1.61
6949,10,2024-07-08,12,4.11
6950,10,2024-07-08,19,2.42
6951,10,2024-07-09,12,4.88
6952,10,2024-07-09,19,3.68
6953,10,2024-07-10,12,3.76
6954,10,2024-07-10,19,4.91
6955,10,2024-07-11,12,2.87
6956,10,2024-07-11,19,4.05
6957,10,2024-07-12,12,4.99
6958,10,2024-07-12,19,1.55
6959,10,2024-07-13,12,4.46
6960,10,2024-07-13,19,1.97
6961,10,2024-07-14,12,4.51
6962,10,2024-07-14,19,3.96
6963,10,2024-07-15,12,4.28
6964,10,2024-07-15,19,4.92
6965,10,2024-07-16,12,4.62
6966,10,2024-07-16,19,5.92
6967,10,2024-07-17,12,4.19
6968,10,2024-07-17,19,0.88
6969,10,2024-07-18,12,4.74
6970,10,2024-07-18,19,3.63
6971,10,2024-07-19,12,4.79
6972,10,2024-07-19,19,2.6
6973,10,2024-07-20,12,1.86
6974,10,2024-07-20,19,1.6
6975,10,2024-07-21,12,2.76
6976,10,2024-07-21,19,3.99
6977,10,2024-07-22,12,6.17
6978,10,2024-07-22,19,5.19
6979,10,2024-07-23,12,2.89
6980,10,2024-07-23,19,3.3
6981,10,2024-07-24,12,3.2
6982,10,2024-07-24,19,3.8
6983,10,2024-07-25,12,4.04
6984,10,2024-07-25,19,3.74
6985,10,2024-07-26,12,4.29
6986,10,2024-07-26,19,2.8
6987,10,2024-07-27,12,2.94
6988,10,2024-07-27,19,3.47
6989,10,2024-07-28,12,2.01
6990,10,2024-07-28,19,2.21
6991,10,2024-07-29,12,4.11
6992,10,2024-07-29,19,4.86
6993,10,2024-07-30,12,4.21
6994,10,2024-07-30,19,4.15
6995,10,2024-07-31,12,2.06
6996,10,2024-07-31,19,3.96
6997,10,2024-08-01,12,3.27
6998,10,2024-08-01,19,3.37
6999,10,2024-08-02,12,4.09
7000,10,2024-08-02,19,4.05
7001,10,2024-08-03,12,2.28
7002,10,2024-08-03,19,4.42
7003,10,2024-08-04,12,3.17
7004,10,2024-08-04,19,2.9
7005,10,2024-08-05,12,4.85
7006,10,2024-08-05,19,4.85
7007,10,2024-08-06,12,3.45
7008,10,2024-08-06,19,4.06
7009,10,2024-08-07,12,3.59
7010,10,2024-08-07,19,3.88
7011,10,2024-08-08,12,5.12
7012,10,2024-08-08,19,4.03
7013,10,2024-08-09,12,2.6
7014,10,2024-08-09,19,5.26
7015,10,2024-08-10,12,3.68
7016,10,2024-08-10,19,3.03
7017,10,2024-08-11,12,1.51
7018,10,2024-08-11,19,0.99
7019,10,2024-08-12,12,1.89
7020,10,2024-08-12,19,2.95
7021,10,2024-08-13,12,4.45
7022,10,2024-08-13,19,2.93
7023,10,2024-08-14,12,0.91
7024,10,2024-08-14,19,4.01
7025,10,2024-08-15,12,4.18
7026,10,2024-08-15,19,4.35
7027,10,2024-08-16,12,2.55
7028,10,2024-08-16,19,3.14
7029,10,2024-08-17,12,2.8
7030,10,2024-08-17,19,2.73
7031,10,2024-08-18,12,3.92
7032,10,2024-08-18,19,1.03
7033,10,2024-08-19,12,2.72
7034,10,2024-08-19,19,6.73
7035,10,2024-08-20,12,3.18
7036,10,2024-08-20,19,2.17
7037,10,2024-08-21,12,4.6
7038,10,2024-08-21,19,4.95
7039,10,2024-08-22,12,4.23
7040,10,2024-08-22,19,3.74
7041,10,2024-08-23,12,3.48
7042,10,2024-08-23,19,4.66
7043,10,2024-08-24,12,1.41
7044,10,2024-08-24,19,4.67
7045,10,2024-08-25,12,2.36
7046,10,2024-08-25,19,4.5
7047,10,2024-08-26,12,3.94
7048,10,2024-08-26,19,5.05
7049,10,2024-08-27,12,3.8
7050,10,2024-08-27,19,3.48
7051,10,2024-08-28,12,5.23
7052,10,2024-08-28,19,4.21
7053,10,2024-08-29,12,3.93
7054,10,2024-08-29,19,2.72
7055,10,2024-08-30,12,2.23
7056,10,2024-08-30,19,3.51
7057,10,2024-08-31,12,2.24
7058,10,2024-08-31,19,2.24
7059,10,2024-09-01,12,1.39
7060,10,2024-09-01,19,2.21
7061,10,2024-09-02,12,3.15
7062,10,2024-09-02,19,3.92
7063,10,2024-09-03,12,3.15
7064,10,2024-09-03,19,3.46
7065,10,2024-09-04,12,1.91
7066,10,2024-09-04,19,4.91
7067,10,2024-09-05,12,3.18
7068,10,2024-09-05,19,4.22
7069,10,2024-09-06,12,3.39
7070,10,2024-09-06,19,5.74
7071,10,2024-09-07,12,2.52
7072,10,2024-09-07,19,2.06
7073,10,2024-09-08,12,2.43
7074,10,2024-09-08,19,2.98
7075,10,2024-09-09,12,2.95
7076,10,2024-09-09,19,1.6
7077,10,2024-09-10,12,3.05
7078,10,2024-09-10,19,3.02
7079,10,2024-09-11,12,3.46
7080,10,2024-09-11,19,3.02
7081,10,2024-09-12,12,4.03
7082,10,2024-09-12,19,5.39
7083,10,2024-09-13,12,3.75
7084,10,2024-09-13,19,5.22
7085,10,2024-09-14,12,2.84
7086,10,2024-09-14,19,2.92
7087,10,2024-09-15,12,1.22
7088,10,2024-09-15,19,4.27
7089,10,2024-09-16,12,3.09
7090,10,2024-09-16,19,4.52
7091,10,2024-09-17,12,3.51
7092,10,2024-09-17,19,3.1
7093,10,2024-09-18,12,3.74
7094,10,2024-09-18,19,5.78
7095,10,2024-09-19,12,2.73
7096,10,2024-09-19,19,4.76
7097,10,2024-09-20,12,4.5
7098,10,2024-09-20,19,2.55
7099,10,2024-09-21,12,2.56
7100,10,2024-09-21,19,2.88
7101,10,2024-09-22,12,4.21
7102,10,2024-09-22,19,2.33
7103,10,2024-09-23,12,3.23
7104,10,2024-09-23,19,2.05
7105,10,2024-09-24,12,3.72
7106,10,2024-09-24,19,3.83
7107,10,2024-09-25,12,2.75
7108,10,2024-09-25,19,3.98
7109,10,2024-09-26,12,2.58
7110,10,2024-09-26,19,5.17
7111,10,2024-09-27,12,3.55
7112,10,2024-09-27,19,2.47
7113,10,2024-09-28,12,2.71
7114,10,2024-09-28,19,3.18
7115,10,2024-09-29,12,3.17
7116,10,2024-09-29,19,4.2
7117,10,2024-09-30,12,5.25
7118,10,2024-09-30,19,4.71
7119,10,2024-10-01,12,4.5
7120,10,2024-10-01,19,3.49
7121,10,2024-10-02,12,2.74
7122,10,2024-10-02,19,3.87
7123,10,2024-10-03,12,3.28
7124,10,2024-10-03,19,3.38
7125,10,2024-10-04,12,4.42
7126,10,2024-10-04,19,5.21
7127,10,2024-10-05,12,2.52
7128,10,2024-10-05,19,1.36
7129,10,2024-10-06,12,2.8
7130,10,2024-10-06,19,2.29
7131,10,2024-10-07,12,4.04
7132,10,2024-10-07,19,5.27
7133,10,2024-10-08,12,4.11
7134,10,2024-10-08,19,4.01
7135,10,2024-10-09,12,4.14
7136,10,2024-10-09,19,3.3
7137,10,2024-10-10,12,2.62
7138,10,2024-10-10,19,2.12
7139,10,2024-10-11,12,4.25
7140,10,2024-10-11,19,1.74
7141,10,2024-10-12,12,2.7
7142,10,2024-10-12,19,3.45
7143,10,2024-10-13,12,2.69
7144,10,2024-10-13,19,3.46
7145,10,2024-10-14,12,3.38
7146,10,2024-10-14,19,4.21
7147,10,2024-10-15,12,3.59
7148,10,2024-10-15,19,6.4
7149,10,2024-10-16,12,3.4
7150,10,2024-10-16,19,3.94
7151,10,2024-10-17,12,4.72
7152,10,2024-10-17,19,4.75
7153,10,2024-10-18,12,3.3
7154,10,2024-10-18,19,6.48
7155,10,2024-10-19,12,3.04
7156,10,2024-10-19,19,3.8
7157,10,2024-10-20,12,3.19
7158,10,2024-10-20,19,2.89
7159,10,2024-10-21,12,3.22
7160,10,2024-10-21,19,1.81
7161,10,2024-10-22,12,3.65
7162,10,2024-10-22,19,4.32
7163,10,2024-10-23,12,3.39
7164,10,2024-10-23,19,4.39
7165,10,2024-10-24,12,3.35
7166,10,2024-10-24,19,4.33
7167,10,2024-10-25,12,2.84
7168,10,2024-10-25,19,4.28
7169,10,2024-10-26,12,1.64
7170,10,2024-10-26,19,3.19
7171,10,2024-10-27,12,1.62
7172,10,2024-10-27,19,4.07
7173,10,2024-10-28,12,2.76
7174,10,2024-10-28,19,4.49
7175,10,2024-10-29,12,2.18
7176,10,2024-10-29,19,2.88
7177,10,2024-10-30,12,4.13
7178,10,2024-10-30,19,3.95
7179,10,2024-10-31,12,4.68
7180,10,2024-10-31,19,3.99
7181,10,2024-11-01,12,3.37
7182,10,2024-11-01,19,3.51
7183,10,2024-11-02,12,3.54
7184,10,2024-11-02,19,1.8
7185,10,2024-11-03,12,1.55
7186,10,2024-11-03,19,2.05
7187,10,2024-11-04,12,3.14
7188,10,2024-11-04,19,4.31
7189,10,2024-11-05,12,3.14
7190,10,2024-11-05,19,4.61
7191,10,2024-11-06,12,5.8
7192,10,2024-11-06,19,4.68
7193,10,2024-11-07,12,3.75
7194,10,2024-11-07,19,2.54
7195,10,2024-11-08,12,3.11
7196,10,2024-11-08,19,4.1
7197,10,2024-11-09,12,2.25
7198,10,2024-11-09,19,2.84
7199,10,2024-11-10,12,2.35
7200,10,2024-11-10,19,3.53
7201,10,2024-11-11,12,5.52
7202,10,2024-11-11,19,3.13
7203,10,2024-11-12,12,4.62
7204,10,2024-11-12,19,2.83
7205,10,2024-11-13,12,4.63
7206,10,2024-11-13,19,4.93
7207,10,2024-11-14,12,5.46
7208,10,2024-11-14,19,3.13
7209,10,2024-11-15,12,2.4
7210,10,2024-11-15,19,4.59
7211,10,2024-11-16,12,2.82
7212,10,2024-11-16,19,2.41
7213,10,2024-11-17,12,2.1
7214,10,2024-11-17,19,2.89
7215,10,2024-11-18,12,2.57
7216,10,2024-11-18,19,5.09
7217,10,2024-11-19,12,3.7
7218,10,2024-11-19,19,3.65
7219,10,2024-11-20,12,4.36
7220,10,2024-11-20,19,1.3
7221,10,2024-11-21,12,3.04
7222,10,2024-11-21,19,3.83
7223,10,2024-11-22,12,5.09
7224,10,2024-11-22,19,2.44
7225,10,2024-11-23,12,3.27
7226,10,2024-11-23,19,3.33
7227,10,2024-11-24,12,3.53
7228,10,2024-11-24,19,2.47
7229,10,2024-11-25,12,3.74
7230,10,2024-11-25,19,2.64
7231,10,2024-11-26,12,2.24
7232,10,2024-11-26,19,3.84
7233,10,2024-11-27,12,5.14
7234,10,2024-11-27,19,5.92
7235,10,2024-11-28,12,2.69
7236,10,2024-11-28,19,2.18
7237,10,2024-11-29,12,2.93
7238,10,2024-11-29,19,4.88
7239,10,2024-11-30,12,3.1
7240,10,2024-11-30,19,1.43
7241,10,2024-12-01,12,1.65
7242,10,2024-12-01,19,3.72
7243,10,2024-12-02,12,3.95
7244,10,2024-12-02,19,2.17
7245,10,2024-12-03,12,4.19
7246,10,2024-12-03,19,3.57
7247,10,2024-12-04,12,3.56
7248,10,2024-12-04,19,2.92
7249,10,2024-12-05,12,4.47
7250,10,2024-12-05,19,4.3
7251,10,2024-12-06,12,4.49
7252,10,2024-12-06,19,4.75
7253,10,2024-12-07,12,4.27
7254,10,2024-12-07,19,4.15
7255,10,2024-12-08,12,3.45
7256,10,2024-12-08,19,1.76
7257,10,2024-12-09,12,3.71
7258,10,2024-12-09,19,2.66
7259,10,2024-12-10,12,3.82
7260,10,2024-12-10,19,1.24
7261,10,2024-12-11,12,4.5
7262,10,2024-12-11,19,4.55
7263,10,2024-12-12,12,3.24
7264,10,2024-12-12,19,3.23
7265,10,2024-12-13,12,3.78
7266,10,2024-12-13,19,4.18
7267,10,2024-12-14,12,4.0
7268,10,2024-12-14,19,3.55
7269,10,2024-12-15,12,1.68
7270,10,2024-12-15,19,3.27
7271,10,2024-12-16,12,3.68
7272,10,2024-12-16,19,3.53
7273,10,2024-12-17,12,5.7
7274,10,2024-12-17,19,3.98
7275,10,2024-12-18,12,3.4
7276,10,2024-12-18,19,3.5
7277,10,2024-12-19,12,2.58
7278,10,2024-12-19,19,3.04
7279,10,2024-12-20,12,3.43
7280,10,2024-12-20,19,3.28
7281,10,2024-12-21,12,3.7
7282,10,2024-12-21,19,3.03
7283,10,2024-12-22,12,3.31
7284,10,2024-12-22,19,2.46
7285,10,2024-12-23,12,3.84
7286,10,2024-12-23,19,4.31
7287,10,2024-12-24,12,5.43
7288,10,2024-12-24,19,4.24
7289,10,2024-12-25,12,3.89
7290,10,2024-12-25,19,4.39
7291,10,2024-12-26,12,3.59
7292,10,2024-12-26,19,3.29
7293,10,2024-12-27,12,4.65
7294,10,2024-12-27,19,5.1
7295,10,2024-12-28,12,3.94
7296,10,2024-12-28,19,1.59
7297,10,2024-12-29,12,2.49
7298,10,2024-12-29,19,3.87
7299,10,2024-12-30,12,5.08
7300,10,2024-12-30,19,3.29
