user_id,signup_date,city_id,acquisition_channel,referred_by_user_id,is_premium_member,premium_start_date,age_band,gender,device_type,signup_channel_cost,is_churned,churned_at
1,2024-11-08,2,paid_social,,False,,18-24,female,iOS,199.36,False,
2,2024-11-11,4,organic,,False,,25-34,female,Android,,False,
3,2024-11-20,8,paid_social,,False,,18-24,female,Android,165.27,False,
4,2024-11-05,1,paid_social,,False,,35-44,male,Android,205.42,False,
5,2024-02-25,2,organic,,False,,35-44,female,Android,,False,
6,2024-07-20,2,paid_social,,False,,25-34,male,Android,163.23,False,
7,2024-08-10,5,paid_search,,False,,35-44,female,Android,233.22,False,
8,2024-06-22,2,referral,6,False,,18-24,female,Android,53.52,False,
9,2024-10-22,4,paid_search,,False,,18-24,male,Android,217.29,False,
10,2024-08-20,3,paid_social,,False,,25-34,female,Android,194.31,False,
11,2024-02-15,4,paid_social,,False,,35-44,male,Android,164.59,False,
12,2024-06-19,2,organic,,False,,25-34,female,Android,,False,
13,2024-07-31,2,paid_search,,True,2024-08-20,35-44,male,Android,198.02,False,
14,2024-08-29,3,organic,,False,,25-34,male,Android,,False,
15,2024-10-03,8,paid_social,,False,,45+,female,Android,157.73,False,
16,2024-06-13,2,push_reactivation,,False,,25-34,male,Android,43.35,False,
17,2024-12-09,2,paid_social,,False,,25-34,male,iOS,163.93,False,
18,2024-11-05,6,referral,4,False,,25-34,female,Android,58.78,False,
19,2024-08-03,6,organic,,False,,25-34,male,Android,,False,
20,2024-09-22,2,organic,,False,,25-34,male,Android,,False,
21,2024-02-07,3,push_reactivation,,False,,18-24,male,Android,39.79,False,
22,2024-12-17,2,paid_social,,False,,25-34,male,Android,178.57,False,
23,2024-02-06,1,paid_search,,True,2024-03-11,25-34,male,Android,246.15,False,
24,2024-06-19,2,referral,19,False,,18-24,female,Android,64.09,False,
25,2024-02-20,3,paid_social,,False,,35-44,male,iOS,173.03,False,
26,2024-06-23,7,paid_social,,False,,18-24,male,Android,166.82,False,
27,2024-12-29,7,paid_search,,False,,35-44,male,Android,236.41,False,
28,2024-11-08,2,referral,21,True,2024-12-19,18-24,female,Android,57.73,False,
29,2024-04-13,3,paid_search,,False,,25-34,female,Android,197.12,False,
30,2024-06-29,7,paid_search,,False,,18-24,male,Android,251.14,False,
31,2024-04-18,3,referral,27,False,,25-34,female,Android,53.19,False,
32,2024-11-16,2,referral,10,False,,18-24,female,Android,64.3,False,
33,2024-06-26,1,paid_social,,False,,18-24,female,Android,188.79,False,
34,2024-09-13,2,referral,30,True,2024-12-05,25-34,female,Android,52.91,False,
35,2024-12-16,3,paid_search,,False,,18-24,male,iOS,217.85,False,
36,2024-11-14,1,organic,,False,,25-34,female,Android,,False,
37,2024-08-02,2,paid_social,,False,,35-44,male,Android,176.0,False,
38,2024-06-02,2,referral,2,True,2024-12-07,25-34,male,iOS,65.7,False,
39,2024-06-29,1,organic,,False,,18-24,male,Android,,False,
40,2024-04-09,2,organic,,True,2024-05-01,18-24,male,Android,,False,
41,2024-10-16,10,paid_social,,False,,35-44,female,Android,170.17,False,
42,2024-05-11,2,organic,,False,,25-34,male,Android,,False,
43,2024-07-21,2,paid_social,,False,,18-24,female,Android,158.49,False,
44,2024-11-25,2,paid_search,,False,,35-44,female,iOS,251.65,False,
45,2024-04-19,1,paid_social,,False,,25-34,male,Android,180.77,False,
46,2024-06-14,9,organic,,False,,25-34,male,Android,,False,
47,2024-07-18,2,organic,,False,,25-34,male,iOS,,False,
48,2024-12-12,4,paid_social,,False,,35-44,female,iOS,170.73,False,
49,2024-09-07,2,referral,38,False,,18-24,female,iOS,56.19,False,
50,2024-04-18,1,referral,28,False,,18-24,female,Android,52.71,False,
51,2024-12-21,8,paid_search,,False,,35-44,female,Android,226.18,False,
52,2024-09-22,2,organic,,False,,18-24,female,Android,,False,
53,2024-08-18,2,paid_social,,False,,25-34,female,iOS,194.25,False,
54,2024-04-12,1,organic,,True,2024-08-21,25-34,female,Android,,False,
55,2024-07-07,2,paid_search,,False,,25-34,male,Android,237.33,False,
56,2024-04-25,2,paid_search,,False,,35-44,female,iOS,215.9,False,
57,2024-11-10,10,paid_social,,False,,35-44,female,Android,173.32,False,
58,2024-11-27,5,referral,57,False,,25-34,male,Android,53.19,False,
59,2024-11-21,3,organic,,False,,25-34,male,iOS,,False,
60,2024-11-10,8,organic,,False,,35-44,male,iOS,,False,
61,2024-04-05,1,push_reactivation,,False,,18-24,female,Android,41.99,False,
62,2024-06-04,4,organic,,False,,18-24,female,Android,,False,
63,2024-02-19,5,organic,,True,2024-09-16,25-34,female,Android,,False,
64,2024-11-26,6,organic,,False,,45+,female,Android,,False,
65,2024-11-24,1,organic,,False,,18-24,male,iOS,,False,
66,2024-10-03,2,paid_search,,False,,18-24,male,Android,197.24,False,
67,2024-12-26,3,referral,42,False,,18-24,female,Android,51.98,False,
68,2024-05-07,10,organic,,True,2024-08-08,25-34,female,Android,,False,
69,2024-09-18,3,organic,,False,,25-34,female,Android,,False,
70,2024-10-08,2,paid_search,,False,,25-34,male,Android,196.8,False,
71,2024-04-19,2,organic,,False,,25-34,female,Android,,False,
72,2024-08-02,2,paid_social,,False,,25-34,male,Android,164.75,False,
73,2024-08-21,5,organic,,False,,25-34,female,Android,,False,
74,2024-10-09,7,organic,,False,,25-34,male,Android,,False,
75,2024-07-16,4,paid_social,,False,,45+,male,Android,192.78,False,
76,2024-11-15,1,organic,,False,,25-34,male,Android,,False,
77,2024-11-25,2,organic,,False,,25-34,male,Android,,False,
78,2024-11-01,2,organic,,False,,35-44,male,Android,,False,
79,2024-09-25,2,organic,,False,,45+,other,iOS,,False,
80,2024-06-30,8,referral,10,False,,25-34,male,Android,63.7,False,
81,2024-09-04,5,organic,,False,,35-44,other,Android,,False,
82,2024-11-24,5,push_reactivation,,False,,25-34,male,iOS,35.7,False,
83,2024-08-09,6,paid_social,,False,,45+,male,Android,161.14,False,
84,2024-06-23,3,paid_social,,False,,18-24,male,iOS,184.67,False,
85,2024-10-05,10,referral,34,False,,18-24,male,Android,63.06,False,
86,2024-07-09,8,paid_search,,False,,35-44,male,iOS,218.85,False,
87,2024-09-22,8,paid_search,,False,,25-34,male,Android,209.48,False,
88,2024-12-12,4,referral,42,False,,18-24,male,iOS,54.2,False,
89,2024-08-13,4,organic,,False,,18-24,male,Android,,False,
90,2024-10-04,2,push_reactivation,,False,,35-44,female,iOS,41.44,False,
91,2024-12-22,3,paid_search,,False,,35-44,male,Android,244.21,False,
92,2024-10-09,4,push_reactivation,,False,,35-44,female,Android,45.81,False,
93,2024-04-14,5,organic,,False,,25-34,other,Android,,False,
94,2024-12-26,9,paid_social,,False,,25-34,female,iOS,195.86,False,
95,2024-11-20,5,organic,,False,,18-24,male,Android,,False,
96,2024-10-25,9,paid_search,,False,,35-44,male,Android,244.12,False,
97,2024-10-01,3,paid_search,,False,,25-34,male,Android,187.3,False,
98,2024-12-07,2,referral,50,False,,25-34,female,Android,55.28,False,
99,2024-09-23,4,paid_social,,False,,18-24,male,Android,167.84,False,
100,2024-10-26,4,paid_search,,False,,25-34,male,Android,252.92,False,
101,2024-12-30,3,referral,15,False,,45+,male,Android,61.71,False,
102,2024-07-18,2,organic,,False,,18-24,male,Android,,False,
103,2024-07-11,2,paid_social,,False,,25-34,male,iOS,204.8,False,
104,2024-06-02,1,organic,,False,,25-34,female,Android,,False,
105,2024-10-09,2,organic,,False,,25-34,male,iOS,,False,
106,2024-06-20,2,paid_social,,False,,25-34,male,iOS,195.77,False,
107,2024-10-15,2,paid_search,,False,,18-24,female,Android,246.57,False,
108,2024-10-09,3,push_reactivation,,False,,18-24,female,Android,40.15,False,
109,2024-02-23,2,organic,,True,2024-12-25,25-34,male,Android,,False,
110,2024-03-02,1,organic,,False,,18-24,female,Android,,False,
111,2024-06-26,10,paid_social,,True,2024-08-23,35-44,male,Android,175.5,False,
112,2024-08-25,1,organic,,False,,35-44,female,Android,,False,
113,2024-07-04,7,organic,,False,,25-34,male,Android,,False,
114,2024-12-15,2,organic,,False,,35-44,male,Android,,False,
115,2024-04-21,2,paid_search,,False,,18-24,male,Android,187.61,False,
116,2024-06-04,6,paid_social,,False,,18-24,female,Android,184.87,False,
117,2024-05-02,4,paid_search,,False,,45+,male,Android,243.46,False,
118,2024-12-27,5,paid_social,,False,,35-44,female,Android,196.91,False,
119,2024-08-03,9,organic,,True,2024-08-24,18-24,male,Android,,False,
120,2024-05-04,2,referral,78,False,,25-34,female,Android,63.75,False,
121,2024-04-15,4,organic,,False,,18-24,male,iOS,,False,
122,2024-01-14,3,organic,,False,,25-34,male,iOS,,False,
123,2024-12-04,4,paid_social,,False,,18-24,female,Android,186.58,False,
124,2024-10-12,2,paid_search,,False,,18-24,female,Android,188.2,False,
125,2024-09-28,4,paid_social,,False,,35-44,female,iOS,174.39,False,
126,2024-12-27,2,paid_social,,True,2025-01-01,35-44,male,Android,180.79,False,
127,2024-03-29,1,paid_search,,False,,18-24,female,Android,213.07,False,
128,2024-05-18,3,paid_search,,False,,25-34,female,iOS,247.23,False,
129,2024-07-22,6,paid_social,,False,,35-44,female,Android,193.05,False,
130,2024-12-09,1,paid_search,,False,,18-24,female,Android,239.67,False,
131,2024-12-26,1,paid_social,,False,,25-34,male,Android,191.84,False,
132,2024-09-20,6,paid_social,,False,,25-34,male,Android,185.5,False,
133,2024-07-27,1,organic,,True,2024-09-17,25-34,female,Android,,False,
134,2024-04-01,1,paid_search,,False,,18-24,male,Android,245.15,False,
135,2024-08-19,1,organic,,True,2024-11-20,25-34,female,Android,,False,
136,2024-08-27,2,organic,,False,,18-24,female,iOS,,False,
137,2024-12-09,6,push_reactivation,,False,,18-24,male,Android,45.79,False,
138,2024-09-12,6,organic,,False,,25-34,male,Android,,False,
139,2024-06-09,4,organic,,False,,25-34,female,Android,,False,
140,2024-07-20,7,paid_social,,False,,18-24,female,Android,194.04,False,
141,2024-12-07,10,organic,,False,,35-44,male,Android,,False,
142,2024-08-14,2,organic,,False,,35-44,female,Android,,False,
143,2024-09-06,2,organic,,False,,18-24,female,iOS,,False,
144,2024-11-09,8,paid_social,,False,,25-34,male,Android,179.49,False,
145,2024-04-15,7,push_reactivation,,False,,18-24,female,Android,39.78,False,
146,2024-06-09,1,organic,,True,2024-07-15,25-34,female,Android,,False,
147,2024-07-29,3,paid_social,,False,,35-44,female,Android,163.11,False,
148,2024-04-28,3,paid_search,,True,2024-12-11,25-34,female,Android,209.53,False,
149,2024-11-03,1,paid_search,,False,,25-34,female,Android,200.99,False,
150,2024-12-29,4,organic,,True,2025-01-03,25-34,male,Android,,False,
151,2024-10-04,2,paid_social,,False,,35-44,male,Android,202.78,False,
152,2024-09-25,6,paid_social,,False,,18-24,female,iOS,204.3,False,
153,2024-02-23,7,paid_social,,False,,45+,male,Android,201.19,False,
154,2024-06-27,3,paid_search,,False,,25-34,female,Android,211.18,False,
155,2024-08-31,1,paid_search,,False,,25-34,male,Android,214.67,False,
156,2024-04-15,4,organic,,False,,25-34,female,Android,,False,
157,2024-07-05,4,organic,,False,,35-44,male,Android,,False,
158,2024-04-16,4,organic,,True,2024-07-01,25-34,female,Android,,False,
159,2024-09-09,7,referral,73,False,,18-24,female,Android,68.15,False,
160,2024-12-25,2,paid_social,,True,2024-12-30,25-34,female,Android,190.01,False,
161,2024-08-12,5,paid_search,,False,,25-34,male,Android,243.36,False,
162,2024-07-08,1,organic,,False,,45+,female,iOS,,False,
163,2024-11-01,1,paid_search,,False,,25-34,male,Android,237.33,False,
164,2024-06-22,2,organic,,False,,25-34,male,iOS,,False,
165,2024-11-29,2,organic,,True,2024-12-05,35-44,female,Android,,False,
166,2024-11-09,6,organic,,False,,45+,male,Android,,False,
167,2024-08-05,1,referral,75,False,,18-24,male,iOS,67.79,False,
168,2024-06-15,8,paid_search,,True,2024-08-24,35-44,male,Android,230.79,False,
169,2024-09-12,6,paid_social,,False,,45+,other,Android,190.05,False,
170,2024-03-30,4,referral,52,False,,25-34,male,Android,68.58,False,
171,2024-10-14,7,paid_social,,False,,35-44,male,Android,195.52,False,
172,2024-11-02,6,paid_search,,False,,18-24,female,Android,219.42,False,
173,2024-04-28,4,paid_social,,True,2024-06-27,25-34,female,Android,156.65,False,
174,2024-10-09,6,paid_search,,False,,35-44,female,Android,198.09,False,
175,2024-11-19,3,organic,,False,,35-44,male,iOS,,False,
176,2024-08-30,1,paid_search,,False,,18-24,male,iOS,217.67,False,
177,2024-04-11,2,organic,,True,2024-04-16,18-24,female,Android,,False,
178,2024-12-28,6,organic,,False,,25-34,male,iOS,,False,
179,2024-12-25,1,paid_search,,False,,25-34,male,iOS,199.69,False,
180,2024-09-16,5,paid_social,,False,,18-24,male,Android,197.74,False,
181,2024-08-24,2,organic,,False,,35-44,female,Android,,False,
182,2024-07-24,2,organic,,False,,25-34,female,Android,,False,
183,2024-03-12,6,organic,,True,2024-09-06,25-34,male,iOS,,False,
184,2024-08-20,7,paid_social,,True,2024-12-18,18-24,female,Android,203.52,False,
185,2024-10-16,4,organic,,True,2024-11-19,25-34,male,Android,,False,
186,2024-11-29,2,organic,,False,,18-24,male,Android,,False,
187,2024-09-28,2,organic,,False,,45+,male,Android,,False,
188,2024-04-09,4,referral,93,False,,35-44,female,Android,53.2,False,
189,2024-12-30,3,organic,,False,,25-34,female,Android,,False,
190,2024-11-16,1,organic,,False,,25-34,male,iOS,,False,
191,2024-07-23,5,paid_social,,False,,25-34,male,Android,184.58,False,
192,2024-11-30,2,paid_social,,False,,25-34,female,iOS,172.37,False,
193,2024-12-16,6,paid_social,,False,,25-34,male,Android,170.78,False,
194,2024-09-13,3,organic,,False,,25-34,male,Android,,False,
195,2024-10-27,2,paid_social,,False,,35-44,male,iOS,164.59,False,
196,2024-12-14,4,paid_social,,True,2024-12-21,45+,male,iOS,189.12,False,
197,2024-09-19,4,organic,,True,2024-12-25,25-34,male,iOS,,False,
198,2024-11-27,3,paid_social,,True,2024-12-22,35-44,male,iOS,178.15,False,
199,2024-07-21,7,paid_social,,False,,35-44,male,Android,167.6,False,
200,2024-12-23,2,push_reactivation,,False,,25-34,female,Android,44.27,False,
201,2024-04-02,3,paid_search,,False,,45+,female,Android,218.8,False,
202,2024-07-20,1,paid_social,,False,,35-44,male,Android,159.39,False,
203,2024-12-02,7,organic,,False,,25-34,female,Android,,False,
204,2024-10-13,4,paid_social,,True,2024-11-30,25-34,male,Android,186.41,False,
205,2024-05-14,1,organic,,True,2024-08-31,45+,male,iOS,,False,
206,2024-12-25,4,organic,,False,,35-44,female,Android,,False,
207,2024-08-08,2,organic,,False,,45+,female,Android,,False,
208,2024-10-23,2,organic,,False,,18-24,female,iOS,,False,
209,2024-04-11,1,organic,,False,,18-24,male,iOS,,False,
210,2024-09-16,3,paid_social,,True,2024-10-08,25-34,male,Android,177.03,False,
211,2024-12-23,2,organic,,False,,35-44,female,iOS,,False,
212,2024-11-25,1,paid_search,,False,,25-34,male,iOS,195.38,False,
213,2024-12-24,3,referral,37,False,,25-34,male,Android,59.69,False,
214,2024-03-26,10,organic,,False,,25-34,female,Android,,False,
215,2024-02-18,2,organic,,True,2024-12-22,45+,male,Android,,False,
216,2024-12-16,8,push_reactivation,,True,2024-12-24,18-24,male,Android,36.84,False,
217,2024-12-11,3,paid_social,,False,,35-44,female,iOS,186.8,False,
218,2024-12-19,2,organic,,True,2024-12-25,18-24,male,iOS,,False,
219,2024-07-22,4,paid_search,,False,,25-34,female,Android,222.67,False,
220,2024-08-09,1,organic,,False,,18-24,female,Android,,False,
221,2024-04-05,2,paid_social,,False,,25-34,other,Android,181.06,False,
222,2024-08-22,8,paid_social,,False,,18-24,female,Android,156.61,False,
223,2024-12-26,2,paid_social,,False,,18-24,female,Android,201.42,False,
224,2024-11-10,4,paid_social,,False,,25-34,male,Android,187.45,False,
225,2024-10-14,2,push_reactivation,,False,,35-44,male,iOS,38.45,False,
226,2024-08-16,2,organic,,False,,18-24,male,Android,,False,
227,2024-11-02,4,paid_search,,False,,45+,male,Android,204.99,False,
228,2024-06-23,1,paid_social,,False,,35-44,male,Android,200.67,False,
229,2024-08-22,1,organic,,False,,25-34,male,Android,,False,
230,2024-10-22,3,organic,,False,,35-44,female,iOS,,False,
231,2024-08-13,6,paid_search,,False,,18-24,male,Android,202.89,False,
232,2024-06-04,1,paid_search,,False,,18-24,male,Android,207.71,False,
233,2024-07-19,3,organic,,False,,45+,male,Android,,False,
234,2024-12-01,5,push_reactivation,,False,,45+,female,Android,41.36,False,
235,2024-03-21,1,organic,,False,,25-34,male,Android,,False,
236,2024-09-12,3,paid_search,,False,,35-44,female,iOS,194.17,False,
237,2024-12-02,2,paid_search,,False,,18-24,female,iOS,207.75,False,
238,2024-07-11,3,paid_social,,False,,18-24,male,iOS,169.0,False,
239,2024-07-30,9,paid_search,,False,,18-24,female,Android,231.97,False,
240,2024-12-11,2,organic,,False,,35-44,male,Android,,False,
241,2024-12-23,6,organic,,False,,25-34,male,iOS,,False,
242,2024-11-08,1,paid_social,,False,,18-24,female,iOS,198.1,False,
243,2024-02-21,2,organic,,False,,35-44,male,Android,,False,
244,2024-11-02,2,paid_social,,False,,25-34,male,iOS,163.2,False,
245,2024-10-06,6,referral,32,False,,25-34,female,Android,68.69,False,
246,2024-10-29,2,paid_search,,False,,18-24,male,Android,193.45,False,
247,2024-06-22,3,paid_search,,False,,18-24,male,Android,246.9,False,
248,2024-04-19,6,paid_search,,False,,35-44,male,Android,213.54,False,
249,2024-05-02,1,referral,92,False,,45+,female,iOS,65.09,False,
250,2024-05-30,6,organic,,False,,25-34,female,iOS,,False,
251,2024-04-16,6,paid_search,,False,,25-34,female,Android,248.94,False,
252,2024-11-01,4,paid_search,,False,,18-24,male,Android,236.46,False,
253,2024-08-30,1,paid_social,,False,,45+,male,iOS,174.34,False,
254,2024-10-16,8,paid_social,,False,,45+,female,iOS,163.18,False,
255,2024-12-27,10,paid_social,,False,,45+,male,Android,187.46,False,
256,2024-12-03,9,organic,,False,,25-34,female,iOS,,False,
257,2024-06-26,6,paid_search,,False,,25-34,female,Android,209.23,False,
258,2024-05-27,1,referral,127,False,,18-24,male,iOS,61.14,False,
259,2024-02-15,2,paid_social,,True,2024-06-12,18-24,female,iOS,204.04,False,
260,2024-12-05,1,organic,,False,,35-44,male,Android,,False,
261,2024-02-11,1,push_reactivation,,False,,35-44,male,Android,42.52,False,
262,2024-08-13,2,referral,198,False,,35-44,male,Android,54.63,False,
263,2024-04-22,2,push_reactivation,,False,,25-34,male,Android,44.83,False,
264,2024-03-27,3,organic,,True,2024-10-24,45+,male,Android,,False,
265,2024-11-21,3,paid_social,,False,,35-44,female,Android,194.82,False,
266,2024-10-24,2,paid_social,,False,,18-24,female,Android,171.69,False,
267,2024-04-28,2,organic,,False,,25-34,female,iOS,,False,
268,2024-03-19,8,paid_search,,False,,25-34,female,Android,207.31,False,
269,2024-09-17,2,organic,,False,,25-34,female,Android,,False,
270,2024-04-19,3,referral,85,False,,18-24,male,Android,63.15,False,
271,2024-03-25,1,organic,,False,,35-44,male,iOS,,False,
272,2024-09-10,1,paid_search,,False,,25-34,female,Android,218.19,False,
273,2024-09-05,2,referral,51,True,2024-10-26,25-34,female,Android,64.28,False,
274,2024-08-19,4,push_reactivation,,False,,18-24,male,Android,39.41,False,
275,2024-08-08,2,paid_search,,True,2024-10-24,25-34,male,iOS,235.41,False,
276,2024-05-04,2,referral,187,False,,25-34,female,Android,56.87,False,
277,2024-12-09,2,paid_social,,False,,45+,male,Android,193.83,False,
278,2024-06-08,2,organic,,False,,45+,other,Android,,False,
279,2024-10-06,8,paid_search,,False,,25-34,female,Android,248.57,False,
280,2024-08-10,3,push_reactivation,,False,,35-44,male,Android,45.82,False,
281,2024-09-11,2,paid_social,,False,,25-34,female,Android,180.3,False,
282,2024-07-06,4,organic,,False,,35-44,male,Android,,False,
283,2024-11-05,2,paid_social,,False,,18-24,female,Android,154.14,False,
284,2024-03-11,1,organic,,False,,18-24,female,Android,,False,
285,2024-09-27,2,paid_social,,True,2024-11-12,35-44,male,Android,176.91,False,
286,2024-12-09,6,paid_social,,False,,25-34,female,Android,161.1,False,
287,2024-12-20,3,paid_social,,False,,25-34,male,Android,169.21,False,
288,2024-07-14,2,referral,2,False,,25-34,female,iOS,51.33,False,
289,2024-11-17,2,referral,73,False,,25-34,male,Android,52.85,False,
290,2024-05-28,3,paid_social,,False,,35-44,female,Android,175.35,False,
291,2024-12-15,3,organic,,False,,45+,male,iOS,,False,
292,2024-12-24,1,paid_search,,False,,18-24,female,Android,251.07,False,
293,2024-09-29,1,paid_social,,False,,35-44,male,iOS,183.88,False,
294,2024-11-26,2,paid_social,,False,,45+,female,Android,180.53,False,
295,2024-05-08,2,organic,,False,,45+,female,Android,,False,
296,2024-11-29,6,paid_social,,False,,25-34,female,Android,198.99,False,
297,2024-10-19,4,push_reactivation,,False,,25-34,male,Android,35.81,False,
298,2024-08-21,7,paid_search,,False,,35-44,male,iOS,205.82,False,
299,2024-08-12,1,push_reactivation,,False,,35-44,male,Android,41.81,False,
300,2024-04-28,4,referral,58,False,,18-24,male,Android,51.85,False,
301,2024-09-04,2,organic,,True,2024-12-09,25-34,male,Android,,False,
302,2024-04-06,4,organic,,False,,25-34,male,iOS,,False,
303,2024-07-22,2,paid_social,,True,2024-11-03,25-34,male,Android,185.05,False,
304,2024-11-11,1,paid_search,,False,,35-44,male,iOS,188.47,False,
305,2024-10-04,5,paid_search,,True,2024-11-21,25-34,male,Android,251.75,False,
306,2024-07-08,4,push_reactivation,,False,,35-44,male,Android,34.19,False,
307,2024-12-26,1,paid_social,,True,2024-12-31,45+,male,Android,160.07,False,
308,2024-03-27,6,paid_social,,False,,45+,male,Android,203.23,False,
309,2024-11-29,5,paid_social,,False,,25-34,male,iOS,168.09,False,
310,2024-05-13,7,organic,,True,2024-08-17,18-24,female,Android,,False,
311,2024-10-15,1,organic,,False,,25-34,female,Android,,False,
312,2024-07-17,1,paid_search,,False,,45+,male,Android,224.75,False,
313,2024-08-27,2,organic,,False,,35-44,male,iOS,,False,
314,2024-12-17,3,referral,279,False,,45+,male,Android,63.79,False,
315,2024-09-03,3,paid_social,,False,,18-24,female,Android,162.61,False,
316,2024-02-22,8,organic,,False,,18-24,male,Android,,False,
317,2024-05-16,2,paid_social,,False,,25-34,male,Android,173.8,False,
318,2024-05-19,10,paid_search,,False,,25-34,male,Android,252.39,False,
319,2024-11-08,2,paid_search,,False,,25-34,female,iOS,242.72,False,
320,2024-06-29,5,paid_search,,False,,35-44,male,Android,193.23,False,
321,2024-02-18,1,paid_search,,False,,35-44,male,Android,239.75,False,
322,2024-08-03,1,organic,,False,,18-24,male,Android,,False,
323,2024-12-03,8,organic,,False,,25-34,male,Android,,False,
324,2024-08-04,1,organic,,False,,18-24,male,Android,,False,
325,2024-08-02,1,paid_search,,False,,35-44,female,iOS,203.94,False,
326,2024-04-23,4,paid_social,,False,,25-34,male,iOS,162.18,False,
327,2024-04-09,6,paid_social,,True,2024-07-25,25-34,female,Android,191.94,False,
328,2024-09-01,4,organic,,False,,18-24,female,iOS,,False,
329,2024-05-13,8,organic,,False,,35-44,male,Android,,False,
330,2024-04-03,2,push_reactivation,,False,,25-34,female,Android,39.46,False,
331,2024-04-09,2,paid_search,,False,,25-34,male,Android,249.53,False,
332,2024-05-14,2,paid_search,,False,,18-24,male,Android,203.72,False,
333,2024-07-09,8,referral,248,False,,35-44,female,Android,52.69,False,
334,2024-07-03,3,paid_social,,False,,18-24,male,Android,182.01,False,
335,2024-07-25,2,organic,,False,,25-34,male,Android,,False,
336,2024-09-07,2,paid_search,,False,,45+,male,iOS,212.01,False,
337,2024-11-13,6,organic,,False,,25-34,other,Android,,False,
338,2024-03-28,1,paid_social,,False,,25-34,female,iOS,159.83,False,
339,2024-10-03,3,referral,134,False,,35-44,male,Android,64.58,False,
340,2024-05-25,2,paid_search,,False,,18-24,male,Android,229.79,False,
341,2024-05-20,1,organic,,False,,35-44,male,Android,,False,
342,2024-12-24,1,referral,122,False,,18-24,male,iOS,61.99,False,
343,2024-02-25,2,organic,,False,,45+,female,Android,,False,
344,2024-08-24,4,paid_social,,False,,25-34,female,iOS,170.53,False,
345,2024-12-29,3,organic,,False,,18-24,male,Android,,False,
346,2024-05-08,2,paid_search,,False,,18-24,male,Android,219.76,False,
347,2024-03-21,5,organic,,False,,18-24,male,Android,,False,
348,2024-08-28,4,paid_social,,False,,18-24,male,Android,173.34,False,
349,2024-12-01,2,paid_social,,True,2024-12-14,18-24,female,Android,183.66,False,
350,2024-10-27,6,organic,,False,,35-44,male,Android,,False,
351,2024-03-05,2,paid_search,,False,,25-34,female,Android,202.49,False,
352,2024-08-29,6,push_reactivation,,False,,18-24,male,iOS,35.8,False,
353,2024-10-12,2,referral,342,False,,25-34,male,Android,55.74,False,
354,2024-07-05,7,organic,,False,,25-34,male,iOS,,False,
355,2024-09-26,8,organic,,False,,35-44,male,Android,,False,
356,2024-01-22,2,organic,,False,,45+,male,iOS,,False,
357,2024-03-16,2,paid_social,,False,,18-24,female,iOS,193.83,False,
358,2024-06-10,2,organic,,True,2024-07-19,25-34,female,iOS,,False,
359,2024-11-03,7,paid_search,,False,,25-34,male,Android,240.18,False,
360,2024-12-15,6,referral,211,False,,25-34,male,Android,68.54,False,
361,2024-06-02,1,paid_social,,False,,18-24,male,iOS,156.64,False,
362,2024-03-30,1,paid_search,,True,2024-04-19,25-34,female,iOS,234.9,False,
363,2024-10-26,2,paid_social,,False,,45+,female,Android,170.41,False,
364,2024-08-10,2,paid_search,,False,,18-24,male,Android,252.85,False,
365,2024-09-17,4,organic,,False,,25-34,female,Android,,False,
366,2024-10-26,3,referral,140,False,,25-34,female,Android,65.22,False,
367,2024-06-16,2,paid_social,,False,,18-24,female,Android,200.14,False,
368,2024-10-30,9,paid_search,,False,,25-34,male,iOS,226.17,False,
369,2024-10-27,7,paid_social,,True,2024-12-13,18-24,male,Android,172.88,False,
370,2024-12-18,10,paid_social,,False,,25-34,female,Android,165.68,False,
371,2024-11-08,1,paid_search,,False,,45+,male,Android,194.31,False,
372,2024-12-13,5,paid_search,,False,,18-24,female,Android,221.46,False,
373,2024-02-17,2,referral,170,False,,18-24,male,iOS,68.11,False,
374,2024-12-17,4,paid_social,,False,,25-34,male,Android,187.69,False,
375,2024-06-01,1,paid_search,,False,,25-34,male,Android,196.62,False,
376,2024-09-15,1,paid_social,,False,,18-24,female,iOS,186.81,False,
377,2024-11-22,10,referral,171,False,,25-34,male,iOS,62.16,False,
378,2024-09-21,2,paid_search,,True,2024-12-13,25-34,male,Android,211.9,False,
379,2024-06-07,1,paid_social,,False,,18-24,male,Android,173.27,False,
380,2024-09-10,4,paid_social,,False,,18-24,female,Android,187.76,False,
381,2024-06-12,1,paid_social,,False,,25-34,female,Android,154.67,False,
382,2024-09-26,2,paid_social,,False,,25-34,other,Android,155.23,False,
383,2024-09-14,2,paid_search,,False,,25-34,female,iOS,241.57,False,
384,2024-04-13,2,paid_search,,False,,18-24,male,Android,188.72,False,
385,2024-08-12,2,organic,,False,,25-34,male,iOS,,False,
386,2024-12-07,5,referral,383,False,,45+,male,Android,53.24,False,
387,2024-12-18,8,push_reactivation,,False,,25-34,female,Android,38.93,False,
388,2024-04-24,2,referral,69,False,,25-34,female,iOS,55.19,False,
389,2024-08-26,1,paid_search,,False,,18-24,female,iOS,204.9,False,
390,2024-12-09,2,paid_search,,False,,45+,female,Android,250.33,False,
391,2024-09-14,2,organic,,False,,18-24,male,Android,,False,
392,2024-12-05,2,referral,156,False,,25-34,male,iOS,60.38,False,
393,2024-05-18,1,referral,134,False,,35-44,male,iOS,64.68,False,
394,2024-10-29,6,paid_search,,False,,45+,male,iOS,230.86,False,
395,2024-11-01,1,paid_social,,False,,25-34,male,Android,203.06,False,
396,2024-11-24,5,paid_social,,False,,25-34,female,iOS,174.28,False,
397,2024-03-15,1,paid_social,,False,,25-34,male,Android,178.23,False,
398,2024-09-20,1,paid_social,,False,,35-44,male,iOS,178.5,False,
399,2024-11-27,8,organic,,False,,18-24,female,Android,,False,
400,2024-10-14,4,organic,,False,,45+,male,iOS,,False,
401,2024-12-28,2,paid_search,,False,,18-24,male,iOS,197.95,False,
402,2024-10-18,1,paid_social,,False,,35-44,male,iOS,173.94,False,
403,2024-05-31,1,organic,,False,,45+,male,Android,,False,
404,2024-04-21,3,paid_search,,False,,45+,male,Android,201.94,False,
405,2024-09-01,2,paid_search,,False,,18-24,female,iOS,210.45,False,
406,2024-04-20,2,paid_social,,True,2024-08-30,18-24,female,Android,201.22,False,
407,2024-06-16,10,paid_social,,False,,35-44,female,Android,162.8,False,
408,2024-11-25,5,organic,,False,,25-34,female,Android,,False,
409,2024-05-13,1,paid_social,,False,,35-44,female,Android,154.78,False,
410,2024-12-04,2,paid_search,,False,,25-34,male,Android,244.4,False,
411,2024-12-12,3,organic,,False,,18-24,female,Android,,False,
412,2024-10-15,2,paid_search,,False,,35-44,female,Android,252.41,False,
413,2024-11-04,2,paid_social,,False,,18-24,male,Android,188.02,False,
414,2024-04-03,5,referral,316,True,2024-10-29,25-34,male,iOS,57.33,False,
415,2024-07-24,4,paid_search,,False,,45+,female,Android,191.96,False,
416,2024-10-02,1,paid_social,,False,,45+,male,Android,189.69,False,
417,2024-09-24,7,organic,,False,,25-34,female,Android,,False,
418,2024-05-04,4,organic,,False,,25-34,male,Android,,False,
419,2024-09-14,3,organic,,False,,25-34,female,Android,,False,
420,2024-10-16,2,organic,,False,,45+,female,Android,,False,
421,2024-05-27,2,paid_search,,False,,25-34,male,iOS,235.6,False,
422,2024-10-17,2,referral,190,False,,25-34,male,iOS,62.7,False,
423,2024-08-08,4,paid_social,,False,,25-34,male,Android,166.25,False,
424,2024-11-07,1,paid_social,,False,,35-44,male,iOS,173.53,False,
425,2024-12-17,2,referral,183,False,,25-34,male,Android,58.77,False,
426,2024-07-02,2,organic,,False,,18-24,male,Android,,False,
427,2024-12-15,1,organic,,False,,25-34,male,Android,,False,
428,2024-04-11,3,organic,,False,,25-34,male,Android,,False,
429,2024-05-02,1,organic,,False,,25-34,male,Android,,False,
430,2024-02-09,4,paid_search,,True,2024-09-23,18-24,other,Android,194.15,False,
431,2024-09-28,2,push_reactivation,,False,,18-24,female,Android,35.06,False,
432,2024-07-24,2,paid_search,,False,,25-34,female,iOS,196.85,False,
433,2024-03-06,1,paid_search,,False,,18-24,male,Android,224.48,False,
434,2024-08-15,2,organic,,False,,35-44,male,Android,,False,
435,2024-12-30,1,organic,,False,,25-34,male,Android,,False,
436,2024-10-17,1,paid_social,,False,,25-34,male,Android,172.72,False,
437,2024-12-04,3,referral,239,False,,18-24,male,Android,59.49,False,
438,2024-12-28,2,organic,,False,,18-24,male,Android,,False,
439,2024-07-04,2,paid_search,,False,,18-24,female,Android,250.21,False,
440,2024-12-11,3,paid_social,,False,,18-24,male,iOS,171.16,False,
441,2024-11-14,4,push_reactivation,,False,,18-24,male,Android,35.21,False,
442,2024-06-20,3,paid_social,,False,,25-34,male,iOS,162.9,False,
443,2024-08-30,2,paid_search,,False,,35-44,female,Android,230.16,False,
444,2024-06-18,6,organic,,False,,18-24,male,Android,,False,
445,2024-09-11,2,organic,,False,,35-44,female,Android,,False,
446,2024-09-11,1,paid_social,,False,,18-24,female,Android,178.54,False,
447,2024-11-22,9,paid_social,,False,,18-24,female,Android,166.22,False,
448,2024-04-07,7,organic,,False,,18-24,female,iOS,,False,
449,2024-10-21,7,organic,,False,,45+,male,Android,,False,
450,2024-06-01,1,paid_social,,False,,25-34,male,Android,193.09,False,
451,2024-06-14,1,paid_search,,False,,35-44,male,Android,226.76,False,
452,2024-05-31,2,push_reactivation,,False,,18-24,male,Android,42.47,False,
453,2024-07-23,4,paid_search,,False,,35-44,female,Android,237.47,False,
454,2024-10-06,3,paid_search,,False,,18-24,female,iOS,203.41,False,
455,2024-09-29,2,paid_social,,False,,18-24,male,Android,186.34,False,
456,2024-08-11,1,organic,,False,,25-34,male,Android,,False,
457,2024-05-11,6,referral,162,True,2024-09-15,35-44,female,iOS,59.07,False,
458,2024-12-10,5,organic,,False,,25-34,male,Android,,False,
459,2024-04-09,5,referral,401,False,,25-34,male,Android,65.06,False,
460,2024-09-11,1,paid_search,,False,,35-44,female,Android,244.74,False,
461,2024-02-28,4,organic,,False,,18-24,male,iOS,,False,
462,2024-05-17,10,push_reactivation,,False,,25-34,male,Android,43.13,False,
463,2024-05-13,1,paid_search,,False,,35-44,female,Android,206.92,False,
464,2024-10-04,2,organic,,False,,18-24,male,Android,,False,
465,2024-07-07,4,organic,,False,,18-24,male,Android,,False,
466,2024-04-16,2,referral,331,False,,45+,male,Android,67.99,False,
467,2024-10-27,1,paid_search,,True,2024-12-29,35-44,male,Android,242.64,False,
468,2024-05-07,9,push_reactivation,,False,,25-34,female,Android,34.76,False,
469,2024-11-29,5,organic,,True,2024-12-08,25-34,male,Android,,False,
470,2024-07-07,2,organic,,True,2024-10-23,45+,male,iOS,,False,
471,2024-12-23,1,organic,,False,,25-34,female,Android,,False,
472,2024-05-14,1,organic,,False,,45+,female,Android,,False,
473,2024-12-27,3,referral,326,False,,25-34,male,Android,51.72,False,
474,2024-12-17,3,organic,,False,,18-24,male,Android,,False,
475,2024-10-28,2,paid_search,,False,,18-24,male,Android,196.46,False,
476,2024-10-21,1,referral,2,False,,18-24,male,iOS,57.98,False,
477,2024-11-05,2,paid_search,,False,,45+,male,Android,247.5,False,
478,2024-03-10,2,organic,,True,2024-09-14,35-44,female,Android,,False,
479,2024-04-25,7,referral,166,True,2024-07-25,18-24,male,Android,57.39,False,
480,2024-11-18,2,paid_search,,False,,35-44,female,Android,232.91,False,
481,2024-10-08,1,paid_social,,False,,25-34,male,Android,176.72,False,
482,2024-04-18,3,push_reactivation,,False,,25-34,female,Android,37.42,False,
483,2024-12-12,6,organic,,False,,25-34,male,iOS,,False,
484,2024-12-03,1,paid_social,,False,,18-24,male,Android,205.45,False,
485,2024-11-16,2,organic,,False,,25-34,male,Android,,False,
486,2024-10-20,9,organic,,False,,25-34,male,Android,,False,
487,2024-11-06,5,push_reactivation,,False,,25-34,female,Android,35.68,False,
488,2024-10-22,3,paid_search,,False,,25-34,male,Android,218.91,False,
489,2024-02-17,4,organic,,True,2024-04-12,25-34,female,Android,,False,
490,2024-03-27,4,paid_social,,False,,25-34,male,Android,172.05,False,
491,2024-12-23,1,paid_search,,False,,18-24,female,Android,219.8,False,
492,2024-06-10,1,push_reactivation,,True,2024-07-23,18-24,male,Android,42.62,False,
493,2024-03-16,4,paid_search,,False,,25-34,male,Android,248.84,False,
494,2024-10-31,4,organic,,True,2024-12-20,18-24,male,Android,,False,
495,2024-11-15,3,referral,7,False,,35-44,male,Android,66.24,False,
496,2024-12-18,7,organic,,True,2024-12-25,18-24,male,Android,,False,
497,2024-09-04,5,paid_search,,False,,25-34,female,Android,206.29,False,
498,2024-04-03,2,paid_social,,False,,25-34,female,Android,189.28,False,
499,2024-02-17,2,organic,,True,2024-02-29,25-34,male,Android,,False,
500,2024-08-23,5,referral,154,False,,25-34,female,Android,63.01,False,
501,2024-07-01,3,organic,,False,,25-34,male,Android,,False,
502,2024-12-06,9,organic,,False,,18-24,male,Android,,False,
503,2024-01-24,7,paid_search,,False,,18-24,female,iOS,217.03,False,
504,2024-09-13,1,organic,,False,,25-34,female,Android,,False,
505,2024-06-14,3,organic,,False,,45+,male,iOS,,False,
506,2024-12-14,4,organic,,True,2024-12-23,25-34,female,Android,,False,
507,2024-11-23,3,paid_social,,False,,35-44,male,Android,201.99,False,
508,2024-08-30,6,organic,,False,,18-24,male,Android,,False,
509,2024-06-26,5,organic,,False,,35-44,male,iOS,,False,
510,2024-11-29,1,organic,,False,,25-34,male,Android,,False,
511,2024-03-24,1,paid_search,,False,,25-34,female,iOS,248.0,False,
512,2024-06-07,4,organic,,False,,25-34,male,Android,,False,
513,2024-09-24,2,organic,,False,,18-24,male,iOS,,False,
514,2024-07-08,3,referral,479,False,,35-44,female,Android,64.62,False,
515,2024-01-06,1,organic,,False,,35-44,female,iOS,,False,
516,2024-02-05,5,paid_search,,False,,18-24,male,iOS,216.78,False,
517,2024-11-13,1,referral,10,False,,45+,male,Android,56.42,False,
518,2024-09-12,7,paid_social,,False,,35-44,female,iOS,182.84,False,
519,2024-09-15,6,paid_social,,False,,25-34,female,iOS,191.08,False,
520,2024-10-15,5,referral,163,False,,25-34,male,iOS,54.76,False,
521,2024-09-28,1,organic,,False,,35-44,female,Android,,False,
522,2024-11-28,2,paid_social,,True,2024-12-20,35-44,female,Android,183.81,False,
523,2024-11-17,2,referral,49,False,,35-44,other,iOS,56.01,False,
524,2024-12-12,5,paid_search,,False,,25-34,female,Android,227.22,False,
525,2024-12-01,6,organic,,False,,25-34,male,Android,,False,
526,2024-04-28,2,paid_search,,True,2024-10-06,18-24,male,Android,218.97,False,
527,2024-10-22,2,paid_search,,False,,18-24,male,iOS,202.07,False,
528,2024-09-10,1,paid_search,,False,,25-34,male,iOS,201.87,False,
529,2024-04-09,2,paid_search,,False,,25-34,male,Android,244.0,False,
530,2024-11-15,3,paid_social,,False,,25-34,female,Android,203.0,False,
531,2024-12-09,3,organic,,False,,35-44,female,Android,,False,
532,2024-11-24,5,organic,,False,,18-24,male,Android,,False,
533,2024-07-04,1,paid_social,,False,,35-44,male,iOS,197.29,False,
534,2024-11-13,3,paid_social,,False,,35-44,male,Android,192.01,False,
535,2024-11-10,1,organic,,False,,25-34,female,Android,,False,
536,2024-02-26,2,push_reactivation,,False,,45+,male,Android,44.43,False,
537,2024-04-17,1,paid_social,,False,,18-24,male,Android,164.88,False,
538,2024-05-18,1,organic,,False,,25-34,female,iOS,,False,
539,2024-09-26,2,referral,77,False,,25-34,female,Android,57.58,False,
540,2024-06-18,3,paid_social,,False,,25-34,female,Android,198.12,False,
541,2024-10-06,1,organic,,True,2024-12-11,25-34,male,Android,,False,
542,2024-03-09,1,paid_search,,False,,25-34,male,Android,201.3,False,
543,2024-11-19,2,organic,,True,2024-12-30,35-44,male,Android,,False,
544,2024-06-06,2,paid_search,,False,,25-34,male,Android,206.62,False,
545,2024-03-22,1,organic,,False,,35-44,male,Android,,False,
546,2024-12-10,2,paid_search,,False,,25-34,male,Android,231.84,False,
547,2024-07-23,5,paid_social,,False,,18-24,male,iOS,172.44,False,
548,2024-12-03,1,organic,,False,,18-24,male,iOS,,False,
549,2024-05-06,4,paid_social,,False,,18-24,male,iOS,179.3,False,
550,2024-09-29,3,paid_social,,False,,18-24,male,iOS,155.1,False,
551,2024-08-06,2,organic,,True,2024-10-19,25-34,female,Android,,False,
552,2024-09-18,3,referral,269,False,,25-34,female,Android,52.09,False,
553,2024-10-30,2,paid_search,,False,,35-44,female,iOS,237.05,False,
554,2024-10-29,9,paid_search,,False,,25-34,male,iOS,248.69,False,
555,2024-08-08,4,paid_search,,False,,18-24,female,iOS,239.76,False,
556,2024-12-16,3,paid_search,,False,,18-24,female,Android,224.85,False,
557,2024-10-27,2,paid_search,,False,,18-24,female,Android,216.12,False,
558,2024-03-27,4,referral,113,False,,25-34,male,Android,55.5,False,
559,2024-09-01,2,paid_social,,False,,25-34,male,Android,193.57,False,
560,2024-12-14,1,organic,,False,,25-34,male,Android,,False,
561,2024-03-07,1,paid_search,,False,,25-34,female,iOS,220.83,False,
562,2024-12-22,1,referral,273,False,,25-34,female,Android,65.72,False,
563,2024-11-05,3,push_reactivation,,False,,45+,male,Android,35.02,False,
564,2024-12-14,6,push_reactivation,,False,,25-34,male,Android,35.53,False,
565,2024-02-08,1,organic,,False,,25-34,female,iOS,,False,
566,2024-08-03,2,organic,,True,2024-08-11,18-24,male,Android,,False,
567,2024-02-05,1,organic,,False,,25-34,female,iOS,,False,
568,2024-09-16,2,organic,,False,,18-24,male,Android,,False,
569,2024-08-07,1,organic,,False,,35-44,female,Android,,False,
570,2024-09-08,3,organic,,False,,25-34,male,Android,,False,
571,2024-12-16,2,referral,379,False,,25-34,male,Android,59.57,False,
572,2024-08-10,2,referral,153,False,,18-24,female,Android,51.72,False,
573,2024-10-09,1,referral,86,False,,35-44,female,Android,68.26,False,
574,2024-06-20,5,paid_social,,False,,25-34,female,Android,168.0,False,
575,2024-11-16,2,paid_social,,False,,25-34,male,Android,191.14,False,
576,2024-07-11,5,paid_search,,False,,18-24,female,Android,208.39,False,
577,2024-07-20,5,organic,,True,2024-12-02,45+,male,Android,,False,
578,2024-12-20,5,organic,,False,,35-44,female,Android,,False,
579,2024-08-18,1,push_reactivation,,False,,35-44,female,Android,34.47,False,
580,2024-04-23,1,referral,267,False,,45+,female,Android,60.29,False,
581,2024-07-29,2,organic,,False,,18-24,female,Android,,False,
582,2024-09-06,4,paid_social,,False,,35-44,male,iOS,189.1,False,
583,2024-09-01,2,paid_social,,False,,25-34,male,Android,199.73,False,
584,2024-09-10,10,referral,279,False,,35-44,male,iOS,58.75,False,
585,2024-05-22,3,paid_social,,False,,18-24,female,Android,181.98,False,
586,2024-09-21,1,paid_social,,False,,18-24,male,Android,154.95,False,
587,2024-08-28,3,organic,,True,2024-09-16,18-24,male,Android,,False,
588,2024-05-09,3,paid_search,,True,2024-12-01,18-24,male,iOS,200.84,False,
589,2024-12-18,4,referral,543,False,,45+,female,Android,52.24,False,
590,2024-07-28,1,organic,,True,2024-12-13,25-34,male,Android,,False,
591,2024-03-27,1,paid_social,,False,,18-24,female,Android,161.54,False,
592,2024-09-04,2,organic,,True,2024-11-19,18-24,male,Android,,False,
593,2024-10-09,9,organic,,False,,25-34,male,Android,,False,
594,2024-03-16,1,organic,,False,,45+,other,iOS,,False,
595,2024-08-05,2,organic,,False,,18-24,male,Android,,False,
596,2024-08-15,2,organic,,False,,35-44,male,iOS,,False,
597,2024-06-04,1,paid_social,,False,,18-24,male,Android,162.94,False,
598,2024-06-13,3,organic,,False,,18-24,female,Android,,False,
599,2024-06-08,2,paid_social,,False,,18-24,male,Android,157.74,False,
600,2024-12-09,4,paid_search,,False,,25-34,male,iOS,249.49,False,
601,2024-08-31,1,paid_social,,False,,18-24,male,Android,187.58,False,
602,2024-11-26,8,paid_social,,False,,35-44,male,iOS,197.36,False,
603,2024-08-23,6,organic,,False,,18-24,male,Android,,False,
604,2024-12-19,2,referral,100,False,,35-44,female,Android,60.85,False,
605,2024-12-20,3,paid_social,,False,,35-44,male,Android,196.2,False,
606,2024-04-11,2,paid_search,,False,,45+,male,Android,205.57,False,
607,2024-10-08,5,paid_social,,True,2024-10-29,25-34,female,Android,162.44,False,
608,2024-04-29,3,paid_social,,False,,35-44,male,Android,172.95,False,
609,2024-12-13,7,paid_social,,False,,18-24,male,iOS,186.32,False,
610,2024-11-23,9,organic,,False,,25-34,female,Android,,False,
611,2024-10-18,2,paid_search,,False,,25-34,male,iOS,206.47,False,
612,2024-03-30,3,referral,241,False,,25-34,male,iOS,64.1,False,
613,2024-11-08,6,paid_social,,False,,25-34,female,Android,194.46,False,
614,2024-08-24,4,push_reactivation,,False,,25-34,other,Android,43.58,False,
615,2024-09-03,5,paid_social,,False,,35-44,female,Android,196.12,False,
616,2024-08-31,2,paid_social,,False,,35-44,female,iOS,154.1,False,
617,2024-07-26,2,paid_social,,False,,25-34,male,Android,154.81,False,
618,2024-10-19,6,paid_social,,False,,25-34,male,Android,175.45,False,
619,2024-09-20,4,organic,,False,,18-24,male,Android,,False,
620,2024-09-04,9,organic,,False,,25-34,female,Android,,False,
621,2024-02-04,7,paid_social,,False,,45+,female,iOS,181.97,False,
622,2024-06-24,10,paid_search,,False,,45+,female,iOS,223.67,False,
623,2024-10-28,2,organic,,False,,25-34,female,iOS,,False,
624,2024-04-03,2,organic,,True,2024-12-17,18-24,female,Android,,False,
625,2024-11-23,2,organic,,False,,18-24,female,Android,,False,
626,2024-04-02,10,organic,,False,,18-24,female,iOS,,False,
627,2024-11-03,2,organic,,True,2024-12-04,25-34,male,Android,,False,
628,2024-07-15,2,paid_social,,False,,18-24,female,Android,159.13,False,
629,2024-12-25,2,referral,79,True,2024-12-31,18-24,male,iOS,54.27,False,
630,2024-09-26,9,organic,,False,,18-24,female,Android,,False,
631,2024-10-29,6,paid_search,,False,,25-34,female,Android,191.43,False,
632,2024-10-10,3,paid_search,,False,,25-34,female,Android,241.66,False,
633,2024-11-28,2,organic,,False,,35-44,male,Android,,False,
634,2024-05-13,1,paid_social,,True,2024-08-02,18-24,male,iOS,198.69,False,
635,2024-06-18,3,push_reactivation,,False,,35-44,female,Android,44.65,False,
636,2024-08-05,2,paid_search,,False,,45+,male,iOS,239.34,False,
637,2024-11-29,3,organic,,True,2024-12-18,35-44,male,Android,,False,
638,2024-01-20,6,paid_social,,True,2024-06-11,35-44,male,iOS,186.24,False,
639,2024-05-25,6,push_reactivation,,True,2024-07-24,18-24,female,iOS,41.26,False,
640,2024-07-30,5,paid_social,,False,,25-34,male,Android,184.82,False,
641,2024-12-30,6,paid_social,,False,,25-34,male,iOS,153.66,False,
642,2024-10-02,10,paid_social,,False,,35-44,male,Android,196.09,False,
643,2024-12-16,5,paid_search,,False,,35-44,female,Android,243.34,False,
644,2024-03-07,2,organic,,False,,18-24,female,iOS,,False,
645,2024-12-13,5,organic,,False,,18-24,male,iOS,,False,
646,2024-03-15,4,organic,,True,2024-04-07,25-34,female,Android,,False,
647,2024-04-14,3,paid_social,,False,,45+,female,iOS,165.65,False,
648,2024-09-03,5,paid_search,,True,2024-11-26,18-24,female,Android,199.07,False,
649,2024-12-20,2,organic,,False,,35-44,male,Android,,False,
650,2024-10-11,1,push_reactivation,,False,,25-34,female,Android,42.94,False,
651,2024-08-08,4,organic,,True,2024-11-13,25-34,male,Android,,False,
652,2024-05-05,5,referral,141,False,,18-24,male,Android,54.51,False,
653,2024-05-29,1,paid_social,,False,,25-34,male,iOS,198.47,False,
654,2024-09-20,2,organic,,False,,25-34,female,Android,,False,
655,2024-08-10,6,organic,,False,,18-24,female,iOS,,False,
656,2024-11-02,3,organic,,False,,25-34,female,iOS,,False,
657,2024-07-21,6,paid_search,,False,,18-24,female,Android,197.79,False,
658,2024-06-10,2,paid_search,,True,2024-08-11,25-34,male,Android,222.29,False,
659,2024-09-29,6,organic,,False,,25-34,male,Android,,False,
660,2024-06-02,6,organic,,False,,45+,female,Android,,False,
661,2024-09-19,3,paid_social,,False,,18-24,male,Android,197.75,False,
662,2024-07-01,1,paid_search,,True,2024-07-06,25-34,male,Android,247.19,False,
663,2024-09-13,3,organic,,False,,45+,female,Android,,False,
664,2024-09-05,4,organic,,True,2024-11-24,18-24,female,Android,,False,
665,2024-08-03,2,organic,,False,,18-24,male,Android,,False,
666,2024-10-11,2,push_reactivation,,False,,18-24,female,Android,36.83,False,
667,2024-08-27,2,referral,499,False,,35-44,female,Android,60.65,False,
668,2024-10-05,1,paid_search,,False,,18-24,female,Android,202.94,False,
669,2024-06-22,1,paid_social,,False,,45+,male,Android,181.35,False,
670,2024-07-15,2,paid_social,,False,,35-44,male,Android,179.67,False,
671,2024-09-30,2,paid_social,,False,,25-34,male,iOS,160.05,False,
672,2024-07-03,1,paid_social,,False,,18-24,male,Android,180.85,False,
673,2024-08-08,8,organic,,False,,18-24,male,Android,,False,
674,2024-11-08,2,paid_search,,False,,35-44,female,Android,235.4,False,
675,2024-09-12,2,paid_search,,False,,25-34,male,Android,207.93,False,
676,2024-10-13,1,paid_search,,False,,18-24,male,iOS,196.33,False,
677,2024-08-26,3,paid_social,,False,,18-24,female,Android,167.84,False,
678,2024-03-15,10,referral,311,False,,18-24,female,iOS,51.03,False,
679,2024-10-27,1,organic,,False,,45+,male,Android,,False,
680,2024-11-18,5,organic,,False,,35-44,male,Android,,False,
681,2024-09-19,1,organic,,False,,18-24,male,iOS,,False,
682,2024-05-15,7,paid_search,,False,,18-24,female,iOS,192.22,False,
683,2024-11-27,1,push_reactivation,,False,,25-34,female,Android,42.06,False,
684,2024-12-04,2,organic,,False,,35-44,male,Android,,False,
685,2024-12-26,5,paid_social,,False,,25-34,female,iOS,162.82,False,
686,2024-12-28,1,referral,92,False,,35-44,male,Android,63.6,False,
687,2024-12-25,6,paid_search,,False,,25-34,male,Android,207.04,False,
688,2024-04-20,3,paid_social,,False,,18-24,female,Android,177.12,False,
689,2024-12-08,2,organic,,False,,35-44,male,Android,,False,
690,2024-06-13,1,organic,,False,,25-34,male,Android,,False,
691,2024-03-03,2,organic,,False,,18-24,male,Android,,False,
692,2024-01-06,1,paid_social,,False,,45+,female,Android,155.1,False,
693,2024-06-29,6,paid_social,,False,,18-24,male,Android,198.6,False,
694,2024-12-01,4,paid_search,,False,,18-24,female,iOS,194.09,False,
695,2024-08-15,6,organic,,False,,25-34,female,Android,,False,
696,2024-12-02,5,organic,,False,,25-34,male,Android,,False,
697,2024-10-11,7,organic,,True,2024-11-29,18-24,male,iOS,,False,
698,2024-12-18,4,organic,,False,,35-44,other,Android,,False,
699,2024-06-21,1,paid_social,,False,,25-34,male,iOS,199.26,False,
700,2024-11-28,1,paid_social,,False,,25-34,male,iOS,189.1,False,
701,2024-12-26,1,paid_social,,False,,18-24,male,Android,171.49,False,
702,2024-08-07,2,organic,,False,,35-44,male,Android,,False,
703,2024-12-08,2,paid_social,,False,,25-34,male,Android,163.46,False,
704,2024-08-13,2,paid_social,,False,,18-24,male,iOS,167.44,False,
705,2024-06-11,3,referral,494,False,,45+,male,Android,58.38,False,
706,2024-12-10,4,referral,321,True,2024-12-20,25-34,male,Android,63.27,False,
707,2024-11-10,2,organic,,True,2024-11-21,18-24,male,Android,,False,
708,2024-12-01,8,organic,,False,,25-34,male,Android,,False,
709,2024-12-14,2,paid_social,,False,,18-24,female,Android,175.42,False,
710,2024-08-29,2,paid_search,,False,,18-24,female,Android,220.48,False,
711,2024-05-24,2,referral,32,False,,18-24,male,Android,62.59,False,
712,2024-03-18,2,paid_social,,False,,25-34,male,iOS,157.42,False,
713,2024-12-12,1,paid_social,,False,,25-34,female,Android,205.22,False,
714,2024-10-17,6,paid_social,,False,,45+,male,Android,153.91,False,
715,2024-05-13,2,paid_social,,False,,25-34,male,Android,198.5,False,
716,2024-08-17,7,paid_search,,False,,25-34,male,Android,235.16,False,
717,2024-09-02,2,referral,200,False,,25-34,male,Android,60.14,False,
718,2024-08-28,1,paid_social,,False,,18-24,female,Android,182.83,False,
719,2024-08-02,3,paid_social,,False,,35-44,female,Android,162.66,False,
720,2024-06-26,3,referral,680,False,,35-44,male,Android,64.32,False,
721,2024-04-13,2,organic,,False,,25-34,male,Android,,False,
722,2024-07-27,2,organic,,True,2024-08-19,18-24,female,Android,,False,
723,2024-10-29,4,paid_search,,False,,45+,male,Android,195.27,False,
724,2024-02-08,5,organic,,False,,35-44,male,iOS,,False,
725,2024-10-12,2,organic,,False,,18-24,male,Android,,False,
726,2024-08-09,2,organic,,False,,25-34,male,Android,,False,
727,2024-05-27,1,referral,531,False,,18-24,female,Android,57.98,False,
728,2024-07-10,3,paid_search,,True,2024-11-03,25-34,male,iOS,242.8,False,
729,2024-05-29,2,organic,,False,,18-24,female,Android,,False,
730,2024-05-27,1,paid_social,,False,,25-34,male,Android,200.99,False,
731,2024-12-03,2,referral,243,False,,18-24,female,Android,61.3,False,
732,2024-04-12,7,paid_social,,False,,25-34,female,iOS,173.92,False,
733,2024-10-13,2,paid_search,,False,,18-24,male,iOS,213.92,False,
734,2024-08-21,4,organic,,False,,25-34,female,Android,,False,
735,2024-11-05,2,referral,590,False,,25-34,male,Android,65.18,False,
736,2024-10-27,1,referral,412,False,,18-24,female,iOS,54.38,False,
737,2024-09-06,2,paid_search,,False,,25-34,female,Android,226.28,False,
738,2024-11-01,2,organic,,False,,18-24,male,iOS,,False,
739,2024-06-05,2,paid_social,,False,,18-24,male,Android,191.59,False,
740,2024-06-02,2,organic,,False,,25-34,male,Android,,False,
741,2024-10-02,4,organic,,False,,35-44,female,Android,,False,
742,2024-08-18,1,organic,,False,,45+,female,Android,,False,
743,2024-06-30,1,organic,,False,,25-34,female,Android,,False,
744,2024-12-13,1,organic,,True,2024-12-22,35-44,male,Android,,False,
745,2024-05-28,4,organic,,False,,25-34,female,Android,,False,
746,2024-10-12,3,paid_search,,True,2024-12-20,25-34,female,Android,198.0,False,
747,2024-10-22,1,paid_social,,False,,18-24,female,Android,165.69,False,
748,2024-06-23,1,paid_social,,False,,25-34,female,iOS,179.28,False,
749,2024-12-03,1,referral,322,False,,25-34,male,Android,62.43,False,
750,2024-02-10,3,organic,,False,,18-24,male,Android,,False,
751,2024-05-18,1,paid_search,,False,,35-44,male,Android,199.55,False,
752,2024-07-01,6,paid_social,,False,,18-24,female,Android,166.27,False,
753,2024-12-26,3,organic,,False,,25-34,male,iOS,,False,
754,2024-06-17,3,paid_social,,False,,18-24,male,Android,182.68,False,
755,2024-06-26,9,organic,,False,,25-34,female,Android,,False,
756,2024-06-17,9,paid_social,,False,,25-34,male,iOS,168.89,False,
757,2024-05-28,2,paid_social,,False,,35-44,male,Android,161.07,False,
758,2024-08-03,1,organic,,False,,25-34,female,Android,,False,
759,2024-12-17,2,organic,,False,,35-44,male,Android,,False,
760,2024-12-29,6,paid_social,,False,,35-44,female,Android,190.23,False,
761,2024-06-24,4,organic,,False,,35-44,male,Android,,False,
762,2024-06-21,10,paid_social,,False,,25-34,female,iOS,198.18,False,
763,2024-04-10,1,paid_search,,False,,18-24,male,Android,226.7,False,
764,2024-06-28,8,paid_social,,False,,18-24,male,Android,182.93,False,
765,2024-12-12,1,push_reactivation,,False,,18-24,male,iOS,37.6,False,
766,2024-08-28,7,organic,,True,2024-12-14,35-44,female,Android,,False,
767,2024-07-02,2,paid_search,,False,,35-44,male,iOS,208.86,False,
768,2024-06-17,5,referral,63,False,,18-24,male,Android,52.58,False,
769,2024-07-04,2,paid_social,,False,,45+,female,Android,177.58,False,
770,2024-08-03,3,referral,734,False,,35-44,male,Android,64.2,False,
771,2024-10-25,2,referral,566,True,2024-11-13,18-24,male,Android,66.07,False,
772,2024-01-14,2,paid_social,,False,,25-34,male,Android,181.53,False,
773,2024-03-04,1,paid_search,,False,,35-44,female,Android,188.5,False,
774,2024-10-17,2,organic,,False,,35-44,female,Android,,False,
775,2024-07-11,1,paid_search,,False,,18-24,male,Android,222.83,False,
776,2024-05-06,8,organic,,True,2024-07-28,18-24,male,Android,,False,
777,2024-06-05,1,push_reactivation,,False,,25-34,male,Android,44.93,False,
778,2024-06-23,2,organic,,True,2024-12-18,25-34,male,Android,,False,
779,2024-08-23,1,paid_social,,True,2024-10-11,18-24,female,iOS,160.43,False,
780,2024-07-31,2,paid_social,,False,,18-24,male,Android,191.47,False,
781,2024-09-16,2,organic,,False,,25-34,male,Android,,False,
782,2024-10-09,9,paid_social,,False,,35-44,male,Android,163.88,False,
783,2024-06-10,6,paid_search,,False,,25-34,male,Android,236.61,False,
784,2024-05-16,2,referral,35,True,2024-07-03,35-44,male,Android,61.53,False,
785,2024-07-05,2,paid_search,,False,,45+,female,iOS,247.52,False,
786,2024-11-29,1,paid_social,,False,,35-44,male,iOS,193.85,False,
787,2024-12-21,8,organic,,False,,25-34,male,Android,,False,
788,2024-11-11,9,paid_social,,False,,25-34,male,iOS,169.59,False,
789,2024-10-13,2,paid_search,,False,,18-24,male,Android,225.51,False,
790,2024-09-13,2,referral,200,False,,18-24,female,iOS,64.07,False,
791,2024-06-24,3,organic,,False,,25-34,male,Android,,False,
792,2024-10-05,9,organic,,False,,18-24,female,Android,,False,
793,2024-07-06,1,organic,,False,,35-44,male,Android,,False,
794,2024-04-25,6,referral,578,False,,25-34,female,iOS,67.58,False,
795,2024-06-06,1,organic,,False,,35-44,female,Android,,False,
796,2024-11-22,5,organic,,False,,18-24,female,Android,,False,
797,2024-06-25,4,organic,,False,,35-44,female,Android,,False,
798,2024-12-11,10,paid_search,,False,,45+,female,Android,230.41,False,
799,2024-08-03,1,paid_social,,False,,18-24,male,iOS,197.23,False,
800,2024-12-05,6,push_reactivation,,False,,35-44,male,Android,39.13,False,
801,2024-12-30,1,organic,,False,,25-34,female,Android,,False,
802,2024-10-27,4,organic,,False,,18-24,female,iOS,,False,
803,2024-05-14,3,organic,,False,,18-24,male,Android,,False,
804,2024-12-15,3,paid_social,,False,,25-34,male,Android,173.93,False,
805,2024-06-30,2,organic,,False,,18-24,female,Android,,False,
806,2024-07-24,3,organic,,False,,35-44,male,Android,,False,
807,2024-05-29,2,paid_search,,False,,25-34,male,iOS,204.66,False,
808,2024-08-19,3,organic,,False,,18-24,male,Android,,False,
809,2024-08-25,1,paid_search,,False,,25-34,female,iOS,187.4,False,
810,2024-12-14,1,referral,768,False,,25-34,male,iOS,57.43,False,
811,2024-03-28,6,paid_search,,False,,18-24,male,iOS,200.48,False,
812,2024-11-19,6,referral,281,False,,35-44,male,Android,68.29,False,
813,2024-08-12,3,organic,,False,,35-44,male,iOS,,False,
814,2024-09-06,3,organic,,False,,18-24,male,Android,,False,
815,2024-04-07,2,organic,,False,,18-24,female,iOS,,False,
816,2024-04-22,2,paid_social,,False,,18-24,female,Android,158.22,False,
817,2024-10-17,4,organic,,False,,25-34,female,iOS,,False,
818,2024-02-10,7,organic,,False,,25-34,female,iOS,,False,
819,2024-12-04,1,organic,,False,,35-44,male,Android,,False,
820,2024-06-02,8,organic,,False,,18-24,female,Android,,False,
821,2024-02-08,4,organic,,True,2024-09-05,18-24,female,iOS,,False,
822,2024-07-17,4,organic,,False,,35-44,female,Android,,False,
823,2024-09-08,1,paid_social,,False,,45+,male,Android,170.66,False,
824,2024-04-24,6,paid_social,,False,,25-34,female,Android,176.96,False,
825,2024-12-12,5,organic,,False,,45+,female,Android,,False,
826,2024-11-25,1,paid_social,,False,,35-44,male,Android,171.72,False,
827,2024-07-19,2,organic,,False,,25-34,female,Android,,False,
828,2024-09-12,10,organic,,False,,25-34,female,Android,,False,
829,2024-06-21,2,organic,,False,,18-24,female,iOS,,False,
830,2024-06-27,6,organic,,False,,18-24,female,Android,,False,
831,2024-04-02,6,organic,,False,,18-24,female,Android,,False,
832,2024-05-16,2,paid_search,,True,2024-09-12,25-34,female,Android,196.77,False,
833,2024-04-16,1,push_reactivation,,False,,35-44,female,Android,42.12,False,
834,2024-07-04,10,referral,227,False,,25-34,male,Android,63.9,False,
835,2024-09-29,2,paid_social,,False,,18-24,female,Android,195.72,False,
836,2024-12-12,3,paid_social,,False,,25-34,male,iOS,184.02,False,
837,2024-12-11,6,paid_social,,True,2024-12-23,25-34,female,Android,183.05,False,
838,2024-10-24,2,organic,,False,,25-34,male,Android,,False,
839,2024-11-23,2,referral,204,False,,25-34,female,Android,52.24,False,
840,2024-01-24,1,referral,20,False,,18-24,male,Android,64.23,False,
841,2024-05-10,3,paid_social,,True,2024-09-30,25-34,male,Android,156.84,False,
842,2024-02-29,4,paid_social,,False,,35-44,male,Android,174.14,False,
843,2024-05-30,1,paid_social,,False,,18-24,female,Android,157.39,False,
844,2024-09-23,1,paid_social,,False,,45+,female,Android,168.59,False,
845,2024-11-02,1,paid_social,,False,,18-24,male,Android,153.83,False,
846,2024-06-10,2,paid_search,,False,,25-34,female,Android,230.37,False,
847,2024-09-11,7,paid_social,,False,,25-34,female,Android,201.8,False,
848,2024-12-01,1,paid_social,,False,,25-34,male,Android,162.36,False,
849,2024-05-16,5,paid_search,,False,,18-24,male,iOS,245.87,False,
850,2024-11-03,3,organic,,True,2024-12-09,35-44,male,iOS,,False,
851,2024-03-31,3,organic,,False,,25-34,male,iOS,,False,
852,2024-11-24,5,organic,,False,,35-44,female,iOS,,False,
853,2024-10-18,1,organic,,False,,35-44,other,Android,,False,
854,2024-04-01,3,paid_search,,True,2024-12-05,35-44,female,iOS,191.25,False,
855,2024-10-08,2,organic,,False,,18-24,male,iOS,,False,
856,2024-10-16,2,paid_search,,False,,25-34,female,iOS,197.29,False,
857,2024-07-23,4,referral,169,False,,35-44,female,Android,62.53,False,
858,2024-05-11,4,push_reactivation,,False,,18-24,male,iOS,45.62,False,
859,2024-11-03,5,organic,,False,,18-24,male,Android,,False,
860,2024-03-03,1,organic,,False,,35-44,female,Android,,False,
861,2024-08-02,2,paid_social,,False,,35-44,female,iOS,186.28,False,
862,2024-06-05,2,paid_social,,True,2024-10-29,25-34,female,Android,165.07,False,
863,2024-12-30,4,push_reactivation,,False,,18-24,female,iOS,39.58,False,
864,2024-11-18,8,paid_search,,False,,25-34,male,Android,217.56,False,
865,2024-11-08,4,referral,780,False,,25-34,male,Android,60.35,False,
866,2024-09-27,1,paid_search,,False,,35-44,female,iOS,224.25,False,
867,2024-03-10,4,paid_search,,True,2024-10-07,25-34,female,Android,220.91,False,
868,2024-11-13,7,organic,,False,,25-34,male,Android,,False,
869,2024-11-26,2,referral,619,False,,18-24,female,Android,54.13,False,
870,2024-09-05,1,paid_search,,False,,25-34,female,Android,231.28,False,
871,2024-03-30,1,paid_search,,False,,18-24,male,Android,220.83,False,
872,2024-06-15,1,paid_social,,False,,45+,male,Android,177.96,False,
873,2024-11-11,1,push_reactivation,,True,2024-12-30,18-24,female,Android,44.36,False,
874,2024-09-01,4,paid_social,,False,,18-24,female,iOS,166.63,False,
875,2024-10-14,3,organic,,False,,35-44,male,Android,,False,
876,2024-10-05,10,organic,,True,2024-10-30,18-24,male,Android,,False,
877,2024-09-27,1,organic,,False,,18-24,male,Android,,False,
878,2024-11-11,1,push_reactivation,,True,2024-12-03,18-24,female,Android,39.91,False,
879,2024-12-23,5,paid_social,,False,,18-24,female,Android,180.96,False,
880,2024-11-24,3,paid_social,,False,,18-24,male,iOS,156.3,False,
881,2024-08-18,2,paid_search,,False,,18-24,male,iOS,228.94,False,
882,2024-04-04,8,paid_social,,False,,25-34,female,iOS,167.72,False,
883,2024-12-01,3,organic,,False,,18-24,female,Android,,False,
884,2024-09-15,1,organic,,False,,35-44,female,Android,,False,
885,2024-12-29,4,organic,,False,,18-24,male,Android,,False,
886,2024-06-03,10,paid_social,,False,,25-34,female,Android,188.4,False,
887,2024-11-19,7,organic,,False,,18-24,female,Android,,False,
888,2024-10-09,2,organic,,False,,25-34,male,Android,,False,
889,2024-10-06,2,paid_social,,False,,25-34,male,Android,157.07,False,
890,2024-08-28,1,organic,,False,,18-24,female,Android,,False,
891,2024-10-01,4,paid_search,,True,2024-10-28,25-34,other,iOS,212.45,False,
892,2024-05-27,2,paid_search,,False,,25-34,male,Android,209.77,False,
893,2024-11-21,1,organic,,False,,25-34,male,Android,,False,
894,2024-12-19,2,paid_social,,False,,45+,female,Android,158.84,False,
895,2024-07-22,7,paid_social,,False,,35-44,male,Android,197.06,False,
896,2024-09-17,5,organic,,True,2024-10-06,25-34,female,iOS,,False,
897,2024-11-28,4,paid_search,,True,2024-12-17,25-34,male,Android,233.41,False,
898,2024-04-29,2,paid_search,,False,,45+,female,Android,236.09,False,
899,2024-12-03,9,paid_search,,False,,18-24,female,Android,244.49,False,
900,2024-07-19,2,paid_social,,True,2024-12-18,35-44,female,Android,159.72,False,
901,2024-05-27,4,paid_social,,True,2024-12-30,35-44,other,Android,177.48,False,
902,2024-07-25,4,paid_social,,False,,25-34,male,Android,158.19,False,
903,2024-11-26,2,organic,,True,2024-12-12,18-24,female,iOS,,False,
904,2024-12-05,2,referral,450,False,,25-34,male,iOS,58.26,False,
905,2024-08-24,6,organic,,False,,18-24,female,Android,,False,
906,2024-01-27,7,organic,,False,,25-34,female,Android,,False,
907,2024-03-14,1,paid_search,,True,2024-03-30,25-34,male,Android,199.67,False,
908,2024-11-15,3,paid_social,,False,,35-44,male,Android,166.04,False,
909,2024-09-29,2,referral,164,False,,18-24,male,Android,68.5,False,
910,2024-04-22,2,paid_social,,False,,35-44,male,iOS,163.68,False,
911,2024-12-26,1,organic,,False,,25-34,male,Android,,False,
912,2024-06-12,2,push_reactivation,,False,,25-34,male,iOS,38.94,False,
913,2024-01-04,3,organic,,False,,25-34,male,Android,,False,
914,2024-07-02,3,organic,,True,2024-12-22,18-24,male,Android,,False,
915,2024-10-27,1,organic,,False,,18-24,female,Android,,False,
916,2024-05-11,10,paid_social,,False,,18-24,female,Android,163.22,False,
917,2024-10-08,3,paid_search,,False,,35-44,female,iOS,208.54,False,
918,2024-07-16,2,organic,,False,,18-24,male,Android,,False,
919,2024-01-14,1,paid_search,,False,,25-34,female,iOS,232.5,False,
920,2024-10-09,7,referral,692,False,,25-34,other,Android,59.28,False,
921,2024-07-27,6,paid_social,,False,,35-44,male,Android,175.98,False,
922,2024-08-08,2,organic,,False,,35-44,female,Android,,False,
923,2024-10-28,1,referral,665,False,,25-34,female,Android,55.73,False,
924,2024-05-16,2,paid_social,,False,,35-44,male,Android,155.38,False,
925,2024-12-28,4,paid_social,,False,,18-24,male,Android,179.91,False,
926,2024-07-28,1,organic,,True,2024-10-22,35-44,male,iOS,,False,
927,2024-07-23,1,paid_social,,False,,25-34,female,Android,166.37,False,
928,2024-08-09,3,paid_social,,False,,18-24,male,Android,164.66,False,
929,2024-08-24,1,organic,,False,,25-34,female,Android,,False,
930,2024-11-19,4,organic,,False,,18-24,male,Android,,False,
931,2024-11-24,3,paid_social,,False,,18-24,female,Android,187.56,False,
932,2024-03-27,4,paid_search,,False,,25-34,female,Android,250.59,False,
933,2024-08-07,2,paid_social,,False,,25-34,male,Android,202.29,False,
934,2024-06-06,2,paid_search,,True,2024-09-10,25-34,female,Android,196.13,False,
935,2024-11-15,1,organic,,True,2024-12-19,25-34,male,Android,,False,
936,2024-02-10,2,organic,,False,,18-24,female,iOS,,False,
937,2024-03-08,4,paid_search,,False,,18-24,female,Android,204.72,False,
938,2024-08-30,9,push_reactivation,,False,,35-44,female,iOS,38.01,False,
939,2024-12-29,1,organic,,False,,35-44,female,Android,,False,
940,2024-12-23,1,organic,,False,,25-34,male,iOS,,False,
941,2024-03-26,3,referral,436,False,,35-44,male,iOS,66.28,False,
942,2024-12-20,4,organic,,False,,25-34,male,Android,,False,
943,2024-08-25,2,referral,290,False,,35-44,male,Android,55.16,False,
944,2024-05-12,2,paid_search,,False,,18-24,male,iOS,225.22,False,
945,2024-08-31,4,paid_social,,False,,25-34,male,Android,193.3,False,
946,2024-10-25,2,paid_search,,False,,25-34,male,Android,246.77,False,
947,2024-12-20,3,referral,409,False,,35-44,female,iOS,59.91,False,
948,2024-08-08,2,organic,,False,,25-34,female,Android,,False,
949,2024-08-20,3,organic,,False,,25-34,male,iOS,,False,
950,2024-07-16,2,paid_social,,False,,35-44,female,Android,164.11,False,
951,2024-12-25,1,referral,849,False,,18-24,female,Android,56.12,False,
952,2024-08-17,1,referral,417,False,,35-44,male,iOS,66.7,False,
953,2024-06-17,1,organic,,False,,18-24,male,Android,,False,
954,2024-07-02,1,organic,,False,,35-44,female,Android,,False,
955,2024-09-13,6,paid_search,,False,,18-24,male,Android,197.63,False,
956,2024-10-27,2,push_reactivation,,False,,18-24,male,iOS,36.51,False,
957,2024-08-09,3,paid_search,,False,,25-34,male,iOS,222.26,False,
958,2024-10-19,1,organic,,False,,25-34,female,Android,,False,
959,2024-02-07,5,organic,,False,,25-34,male,Android,,False,
960,2024-08-11,3,organic,,False,,25-34,male,Android,,False,
961,2024-07-01,1,paid_search,,False,,45+,female,iOS,224.95,False,
962,2024-05-29,8,organic,,False,,25-34,female,iOS,,False,
963,2024-06-24,1,organic,,False,,18-24,female,iOS,,False,
964,2024-08-20,4,referral,816,False,,18-24,female,Android,60.19,False,
965,2024-06-14,3,paid_social,,False,,35-44,female,iOS,199.19,False,
966,2024-07-30,4,referral,956,False,,18-24,male,iOS,68.85,False,
967,2024-08-06,1,organic,,False,,35-44,male,iOS,,False,
968,2024-10-30,3,push_reactivation,,False,,25-34,male,iOS,44.66,False,
969,2024-06-12,2,referral,41,True,2024-08-20,18-24,male,Android,66.28,False,
970,2024-07-21,2,paid_social,,False,,25-34,female,iOS,202.4,False,
971,2024-02-23,6,paid_search,,False,,25-34,female,Android,190.08,False,
972,2024-05-10,6,paid_search,,False,,35-44,female,Android,196.87,False,
973,2024-06-27,2,push_reactivation,,True,2024-12-04,18-24,male,iOS,39.38,False,
974,2024-06-27,3,organic,,False,,18-24,male,iOS,,False,
975,2024-10-22,1,organic,,False,,18-24,male,Android,,False,
976,2024-08-30,2,referral,165,False,,45+,male,Android,67.06,False,
977,2024-11-26,2,organic,,False,,35-44,male,iOS,,False,
978,2024-06-04,2,paid_search,,False,,25-34,female,Android,192.18,False,
979,2024-12-02,7,organic,,False,,25-34,male,iOS,,False,
980,2024-08-10,2,referral,614,False,,25-34,female,Android,61.35,False,
981,2024-09-07,2,referral,829,False,,25-34,male,iOS,61.92,False,
982,2024-12-24,1,push_reactivation,,False,,35-44,male,Android,43.85,False,
983,2024-06-10,2,organic,,False,,35-44,male,Android,,False,
984,2024-10-19,1,paid_social,,False,,25-34,male,Android,196.38,False,
985,2024-03-28,2,paid_social,,True,2024-12-31,18-24,female,Android,153.94,False,
986,2024-11-30,2,organic,,True,2024-12-12,18-24,female,Android,,False,
987,2024-08-31,2,organic,,False,,18-24,male,iOS,,False,
988,2024-06-05,5,organic,,False,,18-24,male,Android,,False,
989,2024-01-27,2,paid_search,,False,,18-24,female,Android,229.36,False,
990,2024-03-08,5,paid_search,,False,,18-24,male,Android,225.24,False,
991,2024-11-13,1,paid_social,,False,,18-24,male,Android,154.28,False,
992,2024-04-01,1,organic,,True,2024-12-15,25-34,female,iOS,,False,
993,2024-10-13,2,paid_social,,False,,25-34,female,iOS,181.13,False,
994,2024-08-06,10,organic,,False,,18-24,female,Android,,False,
995,2024-10-25,8,paid_search,,False,,35-44,male,Android,218.48,False,
996,2024-08-31,9,paid_social,,False,,25-34,female,Android,189.88,False,
997,2024-08-16,3,referral,849,False,,35-44,male,Android,66.98,False,
998,2024-12-18,7,paid_search,,False,,25-34,male,iOS,223.82,False,
999,2024-11-19,7,paid_social,,False,,18-24,female,Android,168.09,False,
1000,2024-06-01,5,referral,63,True,2024-12-14,25-34,male,Android,68.63,False,
1001,2024-09-06,3,referral,616,False,,35-44,male,Android,53.83,False,
1002,2024-10-02,3,paid_search,,False,,25-34,male,Android,235.83,False,
1003,2024-07-22,9,paid_social,,False,,25-34,male,Android,159.98,False,
1004,2024-11-03,2,paid_social,,False,,35-44,female,Android,196.53,False,
1005,2024-12-25,6,organic,,False,,35-44,male,Android,,False,
1006,2024-07-17,4,organic,,True,2024-12-25,18-24,female,Android,,False,
1007,2024-08-15,2,referral,78,False,,35-44,female,Android,51.3,False,
1008,2024-03-22,5,paid_search,,False,,18-24,male,Android,245.42,False,
1009,2024-12-10,5,referral,417,False,,35-44,male,iOS,56.71,False,
1010,2024-07-27,3,organic,,False,,25-34,female,Android,,False,
1011,2024-07-24,3,paid_social,,False,,35-44,male,Android,182.59,False,
1012,2024-09-30,2,organic,,False,,25-34,male,Android,,False,
1013,2024-11-05,1,paid_search,,False,,35-44,female,Android,211.74,False,
1014,2024-09-13,3,paid_search,,False,,18-24,male,Android,199.54,False,
1015,2024-08-26,1,paid_social,,False,,25-34,female,Android,200.79,False,
1016,2024-11-12,4,organic,,False,,25-34,male,Android,,False,
1017,2024-05-15,4,referral,37,True,2024-06-10,45+,female,iOS,54.42,False,
1018,2024-08-25,4,organic,,False,,25-34,male,iOS,,False,
1019,2024-09-30,3,referral,162,False,,18-24,female,Android,59.89,False,
1020,2024-05-02,6,organic,,False,,45+,female,Android,,False,
1021,2024-12-28,7,referral,93,False,,18-24,male,Android,57.11,False,
1022,2024-05-19,3,push_reactivation,,False,,35-44,male,Android,45.95,False,
1023,2024-07-09,6,organic,,False,,18-24,male,Android,,False,
1024,2024-12-09,8,organic,,False,,25-34,male,Android,,False,
1025,2024-02-25,4,referral,544,False,,25-34,male,Android,61.14,False,
1026,2024-05-29,2,paid_social,,False,,25-34,male,Android,154.41,False,
1027,2024-10-09,1,paid_social,,False,,45+,male,Android,196.3,False,
1028,2024-09-27,2,referral,298,False,,18-24,male,Android,62.2,False,
1029,2024-04-14,2,paid_search,,False,,45+,male,Android,187.91,False,
1030,2024-10-20,4,organic,,False,,35-44,female,iOS,,False,
1031,2024-12-28,9,paid_social,,False,,25-34,female,iOS,193.34,False,
1032,2024-12-05,4,organic,,False,,18-24,female,iOS,,False,
1033,2024-11-13,2,paid_social,,False,,18-24,male,iOS,180.47,False,
1034,2024-06-29,4,push_reactivation,,False,,25-34,female,Android,36.9,False,
1035,2024-10-23,6,paid_search,,True,2024-12-23,35-44,male,Android,224.19,False,
1036,2024-09-24,5,paid_social,,False,,35-44,female,iOS,194.79,False,
1037,2024-09-24,1,push_reactivation,,False,,35-44,male,Android,35.43,False,
1038,2024-09-11,3,paid_social,,False,,18-24,female,Android,202.09,False,
1039,2024-03-30,2,paid_social,,False,,25-34,female,iOS,182.04,False,
1040,2024-07-17,2,organic,,False,,25-34,male,iOS,,False,
1041,2024-05-17,2,paid_search,,False,,45+,male,iOS,233.54,False,
1042,2024-07-02,3,referral,210,True,2024-08-24,18-24,male,Android,61.76,False,
1043,2024-06-10,5,paid_search,,False,,35-44,female,Android,221.23,False,
1044,2024-11-30,2,referral,232,False,,25-34,male,iOS,64.38,False,
1045,2024-08-15,2,paid_search,,True,2024-11-04,18-24,female,Android,190.55,False,
1046,2024-10-26,6,organic,,False,,25-34,male,Android,,False,
1047,2024-09-12,2,push_reactivation,,False,,25-34,male,Android,45.76,False,
1048,2024-09-25,2,organic,,False,,35-44,male,Android,,False,
1049,2024-05-23,6,organic,,True,2024-09-20,25-34,male,iOS,,False,
1050,2024-12-05,9,paid_search,,False,,18-24,male,iOS,230.57,False,
1051,2024-12-22,2,paid_social,,False,,18-24,female,Android,170.59,False,
1052,2024-07-19,2,paid_social,,False,,35-44,male,Android,159.75,False,
1053,2024-07-31,4,organic,,True,2024-08-15,18-24,male,iOS,,False,
1054,2024-10-26,2,paid_search,,False,,25-34,male,Android,215.18,False,
1055,2024-09-06,2,paid_search,,False,,45+,male,iOS,217.48,False,
1056,2024-11-17,4,paid_search,,False,,25-34,female,iOS,239.46,False,
1057,2024-06-15,1,organic,,False,,25-34,female,iOS,,False,
1058,2024-11-07,7,referral,403,False,,25-34,male,Android,55.74,False,
1059,2024-07-09,6,organic,,False,,18-24,male,Android,,False,
1060,2024-10-06,2,paid_social,,False,,45+,female,Android,171.22,False,
1061,2024-09-06,2,paid_search,,False,,25-34,male,Android,246.16,False,
1062,2024-07-29,2,organic,,False,,35-44,male,iOS,,False,
1063,2024-07-02,6,paid_social,,False,,25-34,female,Android,198.97,False,
1064,2024-08-05,3,organic,,False,,18-24,male,Android,,False,
1065,2024-04-29,10,paid_social,,False,,18-24,female,iOS,191.5,False,
1066,2024-07-09,5,paid_search,,False,,25-34,female,iOS,235.07,False,
1067,2024-09-19,4,paid_search,,False,,45+,male,Android,236.12,False,
1068,2024-09-21,3,paid_social,,False,,45+,male,Android,183.82,False,
1069,2024-05-17,2,paid_social,,False,,25-34,female,Android,154.18,False,
1070,2024-07-16,4,organic,,True,2024-09-03,45+,female,Android,,False,
1071,2024-06-11,1,paid_social,,False,,18-24,male,Android,190.26,False,
1072,2024-07-04,3,organic,,False,,25-34,male,Android,,False,
1073,2024-08-26,8,paid_search,,False,,35-44,female,Android,250.09,False,
1074,2024-07-21,5,organic,,True,2024-10-19,25-34,male,Android,,False,
1075,2024-02-23,3,organic,,False,,25-34,female,Android,,False,
1076,2024-09-26,2,paid_search,,False,,35-44,male,Android,191.51,False,
1077,2024-05-24,1,organic,,False,,18-24,female,Android,,False,
1078,2024-02-11,2,organic,,True,2024-12-26,45+,male,Android,,False,
1079,2024-05-17,4,paid_social,,False,,25-34,female,Android,185.72,False,
1080,2024-11-26,6,paid_social,,False,,35-44,male,iOS,168.65,False,
1081,2024-12-03,1,organic,,False,,25-34,male,Android,,False,
1082,2024-11-27,4,referral,566,True,2024-12-11,45+,female,Android,60.68,False,
1083,2024-12-04,1,paid_search,,True,2024-12-19,25-34,male,Android,223.08,False,
1084,2024-10-03,4,paid_search,,False,,45+,male,Android,210.61,False,
1085,2024-10-24,1,paid_search,,False,,25-34,female,Android,212.9,False,
1086,2024-03-24,6,organic,,True,2024-05-08,45+,female,Android,,False,
1087,2024-09-18,1,organic,,False,,18-24,female,Android,,False,
1088,2024-10-07,3,push_reactivation,,True,2024-12-26,45+,female,Android,42.24,False,
1089,2024-10-11,5,paid_search,,False,,25-34,male,iOS,218.49,False,
1090,2024-04-15,1,paid_social,,False,,25-34,female,Android,173.89,False,
1091,2024-05-07,7,paid_search,,False,,25-34,male,Android,251.07,False,
1092,2024-07-27,2,paid_search,,False,,45+,male,Android,235.23,False,
1093,2024-08-06,8,organic,,False,,25-34,female,Android,,False,
1094,2024-12-09,3,referral,307,False,,45+,male,Android,59.79,False,
1095,2024-12-03,1,organic,,False,,25-34,male,Android,,False,
1096,2024-06-13,2,organic,,True,2024-10-19,45+,female,Android,,False,
1097,2024-07-24,1,referral,933,False,,25-34,male,iOS,53.54,False,
1098,2024-12-07,2,paid_search,,False,,18-24,female,iOS,199.16,False,
1099,2024-12-14,2,organic,,False,,25-34,female,Android,,False,
1100,2024-04-25,2,organic,,False,,25-34,male,Android,,False,
1101,2024-07-22,2,paid_search,,False,,35-44,male,Android,191.14,False,
1102,2024-02-18,10,organic,,False,,18-24,male,iOS,,False,
1103,2024-11-28,7,paid_search,,False,,45+,female,Android,212.73,False,
1104,2024-06-09,2,organic,,False,,25-34,male,iOS,,False,
1105,2024-09-19,8,paid_social,,False,,35-44,male,Android,164.42,False,
1106,2024-10-10,2,paid_search,,False,,25-34,male,Android,200.6,False,
1107,2024-05-18,2,organic,,False,,35-44,male,iOS,,False,
1108,2024-05-02,4,paid_social,,False,,25-34,female,Android,203.16,False,
1109,2024-01-23,2,paid_social,,False,,18-24,female,iOS,157.83,False,
1110,2024-11-19,2,referral,526,True,2024-11-29,25-34,female,Android,53.77,False,
1111,2024-08-20,2,paid_social,,False,,25-34,female,iOS,165.96,False,
1112,2024-09-08,2,referral,381,True,2024-10-22,25-34,female,Android,65.53,False,
1113,2024-12-10,2,push_reactivation,,False,,18-24,female,Android,34.04,False,
1114,2024-05-09,7,paid_search,,False,,25-34,male,Android,210.33,False,
1115,2024-06-17,3,paid_social,,False,,45+,female,iOS,202.05,False,
1116,2024-06-23,5,paid_search,,True,2024-10-28,18-24,male,iOS,204.45,False,
1117,2024-12-30,2,paid_search,,False,,35-44,male,Android,194.14,False,
1118,2024-10-11,1,organic,,False,,35-44,male,Android,,False,
1119,2024-09-07,4,referral,34,False,,25-34,female,Android,68.36,False,
1120,2024-09-10,2,organic,,False,,35-44,male,iOS,,False,
1121,2024-10-14,2,paid_social,,True,2024-11-28,25-34,male,Android,154.06,False,
1122,2024-05-31,3,paid_search,,False,,18-24,male,Android,237.9,False,
1123,2024-07-26,6,organic,,False,,45+,male,iOS,,False,
1124,2024-04-16,2,organic,,False,,25-34,female,iOS,,False,
1125,2024-09-12,3,organic,,False,,18-24,male,Android,,False,
1126,2024-12-05,2,referral,270,False,,25-34,female,Android,56.37,False,
1127,2024-07-03,5,paid_search,,False,,18-24,male,Android,245.96,False,
1128,2024-06-24,1,paid_search,,False,,45+,female,Android,189.42,False,
1129,2024-12-19,2,organic,,False,,18-24,other,iOS,,False,
1130,2024-02-12,1,organic,,False,,18-24,female,Android,,False,
1131,2024-11-13,1,paid_social,,False,,45+,female,Android,173.38,False,
1132,2024-07-20,8,paid_search,,False,,25-34,female,Android,241.2,False,
1133,2024-10-22,7,paid_social,,False,,45+,male,Android,185.4,False,
1134,2024-12-08,2,push_reactivation,,True,2024-12-19,25-34,female,iOS,43.34,False,
1135,2024-11-01,2,referral,374,False,,35-44,male,Android,58.47,False,
1136,2024-10-28,2,paid_search,,False,,18-24,male,Android,208.11,False,
1137,2024-03-05,2,paid_search,,True,2024-07-01,25-34,female,iOS,246.53,False,
1138,2024-09-19,3,organic,,True,2024-12-15,25-34,female,Android,,False,
1139,2024-07-20,2,organic,,False,,25-34,female,Android,,False,
1140,2024-06-09,2,organic,,False,,25-34,female,iOS,,False,
1141,2024-05-28,9,paid_social,,False,,35-44,female,iOS,155.19,False,
1142,2024-04-23,1,paid_social,,False,,25-34,female,Android,175.83,False,
1143,2024-08-14,6,paid_search,,False,,25-34,other,Android,211.28,False,
1144,2024-12-16,2,paid_social,,False,,18-24,female,iOS,178.27,False,
1145,2024-12-25,5,push_reactivation,,False,,35-44,male,iOS,42.04,False,
1146,2024-08-28,2,referral,583,False,,18-24,male,Android,57.73,False,
1147,2024-05-29,7,organic,,False,,25-34,female,Android,,False,
1148,2024-09-19,4,organic,,False,,25-34,female,Android,,False,
1149,2024-08-31,2,organic,,False,,25-34,female,Android,,False,
1150,2024-11-10,2,paid_social,,False,,18-24,male,iOS,165.73,False,
1151,2024-11-07,1,paid_social,,False,,18-24,male,iOS,163.59,False,
1152,2024-07-27,1,organic,,False,,25-34,male,Android,,False,
1153,2024-08-10,10,organic,,False,,35-44,male,iOS,,False,
1154,2024-08-11,8,organic,,False,,25-34,male,iOS,,False,
1155,2024-12-11,4,paid_search,,False,,25-34,male,iOS,225.46,False,
1156,2024-11-28,5,organic,,False,,35-44,male,iOS,,False,
1157,2024-04-12,2,organic,,False,,25-34,male,iOS,,False,
1158,2024-06-09,4,organic,,False,,18-24,female,Android,,False,
1159,2024-12-26,2,referral,187,True,2024-12-31,18-24,female,Android,51.94,False,
1160,2024-08-07,8,organic,,False,,18-24,female,iOS,,False,
1161,2024-06-24,1,paid_social,,False,,45+,female,iOS,165.04,False,
1162,2024-09-09,3,organic,,False,,25-34,male,Android,,False,
1163,2024-10-04,1,referral,1013,False,,25-34,male,Android,55.38,False,
1164,2024-11-16,1,paid_social,,False,,25-34,female,Android,179.1,False,
1165,2024-12-18,3,organic,,False,,25-34,female,Android,,False,
1166,2024-09-13,7,organic,,False,,25-34,female,Android,,False,
1167,2024-10-08,3,paid_social,,False,,45+,male,iOS,170.15,False,
1168,2024-04-25,2,paid_search,,False,,25-34,male,Android,199.26,False,
1169,2024-09-26,2,organic,,False,,35-44,female,Android,,False,
1170,2024-12-03,7,organic,,True,2024-12-18,18-24,male,Android,,False,
1171,2024-06-21,1,organic,,False,,25-34,female,Android,,False,
1172,2024-08-23,1,organic,,False,,18-24,male,iOS,,False,
1173,2024-10-31,3,referral,908,True,2024-12-09,25-34,female,Android,51.7,False,
1174,2024-02-01,2,organic,,False,,25-34,male,Android,,False,
1175,2024-06-12,1,organic,,False,,18-24,female,iOS,,False,
1176,2024-12-24,4,paid_search,,True,2024-12-29,35-44,male,Android,205.04,False,
1177,2024-06-25,6,organic,,False,,25-34,male,iOS,,False,
1178,2024-04-03,1,organic,,False,,25-34,female,Android,,False,
1179,2024-12-21,8,organic,,False,,25-34,female,Android,,False,
1180,2024-12-21,4,organic,,False,,35-44,male,Android,,False,
1181,2024-12-27,7,organic,,False,,35-44,female,iOS,,False,
1182,2024-12-05,4,organic,,False,,25-34,female,Android,,False,
1183,2024-11-18,2,paid_social,,False,,18-24,male,Android,198.66,False,
1184,2024-10-19,1,organic,,False,,18-24,male,Android,,False,
1185,2024-06-28,6,organic,,False,,18-24,female,Android,,False,
1186,2024-07-17,6,referral,1014,False,,18-24,female,Android,60.25,False,
1187,2024-06-21,5,paid_search,,False,,35-44,male,iOS,230.25,False,
1188,2024-10-16,5,paid_social,,False,,45+,male,Android,166.84,False,
1189,2024-10-19,1,referral,1067,False,,25-34,female,Android,53.89,False,
1190,2024-02-25,2,referral,865,False,,18-24,female,iOS,53.7,False,
1191,2024-11-24,1,push_reactivation,,False,,25-34,female,iOS,44.84,False,
1192,2024-12-25,2,paid_search,,False,,45+,female,iOS,200.33,False,
1193,2024-09-15,4,paid_search,,False,,18-24,male,Android,193.2,False,
1194,2024-08-22,3,organic,,False,,25-34,female,Android,,False,
1195,2024-02-10,4,paid_search,,False,,35-44,female,Android,233.36,False,
1196,2024-12-23,2,referral,655,False,,18-24,male,iOS,63.18,False,
1197,2024-10-24,8,organic,,False,,18-24,male,iOS,,False,
1198,2024-08-02,1,organic,,False,,25-34,female,iOS,,False,
1199,2024-09-23,2,paid_social,,False,,25-34,male,iOS,172.7,False,
1200,2024-08-07,3,paid_social,,False,,18-24,male,iOS,157.51,False,
1201,2024-08-16,1,paid_search,,False,,45+,male,Android,200.81,False,
1202,2024-07-27,8,paid_search,,False,,45+,female,Android,246.99,False,
1203,2024-06-27,5,referral,761,False,,18-24,male,iOS,66.88,False,
1204,2024-12-17,9,organic,,False,,25-34,male,iOS,,False,
1205,2024-08-06,1,paid_social,,False,,45+,male,Android,165.26,False,
1206,2024-06-05,1,push_reactivation,,False,,25-34,male,Android,45.87,False,
1207,2024-04-15,1,paid_search,,False,,25-34,male,Android,249.01,False,
1208,2024-03-11,3,organic,,False,,18-24,female,Android,,False,
1209,2024-09-06,2,paid_social,,False,,18-24,female,iOS,203.3,False,
1210,2024-10-21,1,organic,,False,,35-44,female,Android,,False,
1211,2024-06-24,6,organic,,False,,35-44,male,iOS,,False,
1212,2024-09-20,2,organic,,False,,35-44,male,Android,,False,
1213,2024-10-24,1,organic,,False,,25-34,male,Android,,False,
1214,2024-09-28,5,paid_social,,False,,35-44,female,Android,188.09,False,
1215,2024-08-04,2,paid_social,,False,,25-34,male,Android,155.39,False,
1216,2024-06-20,2,organic,,False,,25-34,male,Android,,False,
1217,2024-11-21,1,organic,,False,,25-34,female,iOS,,False,
1218,2024-10-02,2,push_reactivation,,False,,18-24,male,Android,44.46,False,
1219,2024-09-12,9,organic,,False,,25-34,female,Android,,False,
1220,2024-12-25,1,organic,,False,,45+,female,Android,,False,
1221,2024-09-09,2,organic,,False,,25-34,female,Android,,False,
1222,2024-07-27,4,organic,,False,,25-34,male,Android,,False,
1223,2024-12-15,2,paid_social,,False,,35-44,female,iOS,175.31,False,
1224,2024-04-09,8,paid_search,,False,,25-34,male,Android,246.66,False,
1225,2024-05-20,4,organic,,False,,18-24,female,Android,,False,
1226,2024-07-20,6,paid_social,,False,,45+,male,iOS,171.09,False,
1227,2024-10-13,5,referral,227,True,2024-11-11,35-44,female,Android,55.27,False,
1228,2024-11-18,7,organic,,False,,25-34,female,Android,,False,
1229,2024-04-21,2,referral,755,False,,25-34,male,Android,53.93,False,
1230,2024-12-14,2,referral,942,True,2024-12-31,25-34,female,Android,67.09,False,
1231,2024-03-07,5,push_reactivation,,False,,45+,male,Android,45.94,False,
1232,2024-03-16,2,paid_social,,False,,18-24,female,iOS,155.82,False,
1233,2024-10-18,2,organic,,False,,18-24,female,Android,,False,
1234,2024-07-18,2,organic,,False,,45+,female,iOS,,False,
1235,2024-12-16,2,organic,,False,,25-34,male,Android,,False,
1236,2024-12-25,3,referral,683,False,,25-34,female,iOS,55.8,False,
1237,2024-07-03,5,paid_social,,False,,25-34,male,Android,185.03,False,
1238,2024-07-29,7,paid_search,,False,,35-44,female,Android,210.06,False,
1239,2024-01-22,2,referral,362,False,,18-24,male,Android,58.47,False,
1240,2024-10-22,6,paid_social,,False,,35-44,male,Android,164.84,False,
1241,2024-10-13,4,paid_social,,False,,25-34,male,Android,205.4,False,
1242,2024-05-20,3,paid_social,,False,,25-34,male,Android,202.61,False,
1243,2024-09-10,8,organic,,False,,35-44,male,Android,,False,
1244,2024-09-16,8,paid_search,,False,,25-34,male,Android,218.39,False,
1245,2024-05-24,5,referral,872,True,2024-12-15,25-34,female,Android,65.9,False,
1246,2024-09-16,7,referral,1179,False,,25-34,female,Android,57.39,False,
1247,2024-02-08,1,organic,,False,,35-44,female,Android,,False,
1248,2024-09-05,1,paid_search,,False,,35-44,male,Android,231.53,False,
1249,2024-12-08,3,paid_social,,False,,45+,male,iOS,173.14,False,
1250,2024-07-08,3,organic,,False,,25-34,male,Android,,False,
1251,2024-10-05,8,paid_social,,False,,25-34,male,Android,192.05,False,
1252,2024-09-16,8,organic,,False,,18-24,male,iOS,,False,
1253,2024-09-20,6,paid_social,,False,,25-34,male,Android,183.56,False,
1254,2024-03-09,3,paid_social,,False,,45+,female,Android,182.56,False,
1255,2024-05-05,2,paid_social,,False,,35-44,male,Android,198.05,False,
1256,2024-12-04,3,referral,1160,False,,25-34,male,Android,63.34,False,
1257,2024-11-21,4,paid_search,,False,,18-24,male,iOS,243.55,False,
1258,2024-10-10,2,push_reactivation,,False,,35-44,male,iOS,38.11,False,
1259,2024-09-23,6,organic,,True,2024-11-09,25-34,female,iOS,,False,
1260,2024-08-05,1,paid_search,,False,,35-44,male,Android,248.88,False,
1261,2024-08-02,10,paid_search,,False,,25-34,male,iOS,188.46,False,
1262,2024-12-18,8,organic,,False,,45+,male,Android,,False,
1263,2024-12-20,10,paid_search,,False,,45+,female,Android,230.28,False,
1264,2024-11-25,1,referral,188,False,,25-34,male,Android,60.07,False,
1265,2024-08-13,2,paid_search,,True,2024-12-15,18-24,male,iOS,214.49,False,
1266,2024-08-13,2,organic,,False,,18-24,male,iOS,,False,
1267,2024-09-12,9,paid_search,,False,,18-24,female,Android,242.32,False,
1268,2024-05-21,2,paid_search,,False,,25-34,male,Android,213.68,False,
1269,2024-12-11,1,paid_social,,True,2024-12-29,18-24,female,Android,153.33,False,
1270,2024-06-18,3,paid_social,,False,,35-44,male,Android,165.97,False,
1271,2024-08-28,1,push_reactivation,,False,,45+,male,Android,38.73,False,
1272,2024-04-04,1,referral,808,False,,25-34,male,iOS,57.58,False,
1273,2024-11-20,7,referral,183,False,,25-34,male,Android,64.48,False,
1274,2024-12-15,2,referral,264,False,,45+,male,Android,55.15,False,
1275,2024-05-11,4,organic,,False,,45+,male,Android,,False,
1276,2024-11-02,5,paid_social,,False,,25-34,female,iOS,193.15,False,
1277,2024-10-24,6,paid_search,,False,,35-44,male,iOS,196.61,False,
1278,2024-06-27,1,organic,,False,,18-24,male,Android,,False,
1279,2024-12-08,2,paid_social,,False,,25-34,female,iOS,190.49,False,
1280,2024-07-29,2,push_reactivation,,True,2024-11-28,18-24,female,Android,40.29,False,
1281,2024-09-21,1,paid_social,,True,2024-11-16,25-34,male,Android,181.86,False,
1282,2024-08-24,2,referral,393,True,2024-12-13,35-44,male,Android,60.44,False,
1283,2024-11-08,3,referral,97,False,,25-34,male,Android,62.69,False,
1284,2024-06-25,1,push_reactivation,,False,,18-24,female,Android,41.95,False,
1285,2024-05-02,2,organic,,False,,25-34,male,Android,,False,
1286,2024-10-04,10,paid_social,,False,,35-44,female,Android,190.04,False,
1287,2024-05-17,10,referral,672,True,2024-11-29,45+,male,iOS,57.18,False,
1288,2024-08-31,1,paid_social,,False,,18-24,male,Android,153.28,False,
1289,2024-07-27,2,paid_social,,False,,45+,male,Android,153.78,False,
1290,2024-07-03,8,paid_social,,False,,25-34,female,Android,189.98,False,
1291,2024-12-19,1,push_reactivation,,False,,18-24,male,Android,35.44,False,
1292,2024-09-15,1,paid_social,,False,,45+,female,Android,167.72,False,
1293,2024-10-10,1,paid_social,,False,,35-44,male,Android,190.2,False,
1294,2024-12-27,3,organic,,False,,35-44,female,Android,,False,
1295,2024-11-09,1,referral,19,False,,35-44,female,Android,53.44,False,
1296,2024-04-16,3,paid_search,,True,2024-07-07,35-44,male,Android,203.93,False,
1297,2024-01-25,2,organic,,False,,25-34,male,Android,,False,
1298,2024-05-03,3,organic,,False,,25-34,male,Android,,False,
1299,2024-08-22,2,paid_social,,True,2024-11-11,25-34,female,Android,159.95,False,
1300,2024-11-12,2,referral,357,True,2024-11-18,18-24,male,Android,51.07,False,
1301,2024-02-22,1,paid_search,,False,,35-44,male,iOS,219.54,False,
1302,2024-12-28,2,paid_social,,False,,18-24,male,Android,159.8,False,
1303,2024-08-23,4,paid_search,,False,,25-34,female,Android,205.09,False,
1304,2024-01-21,6,referral,239,False,,25-34,male,Android,54.06,False,
1305,2024-11-28,1,paid_search,,False,,25-34,female,iOS,223.0,False,
1306,2024-04-20,4,organic,,False,,18-24,male,Android,,False,
1307,2024-09-24,8,organic,,False,,25-34,male,Android,,False,
1308,2024-11-14,1,push_reactivation,,False,,18-24,female,Android,40.78,False,
1309,2024-11-03,3,referral,318,False,,35-44,female,Android,54.23,False,
1310,2024-09-24,2,organic,,False,,18-24,female,Android,,False,
1311,2024-09-29,1,referral,812,False,,35-44,female,Android,56.91,False,
1312,2024-11-01,1,paid_social,,False,,25-34,male,Android,185.0,False,
1313,2024-05-09,3,organic,,True,2024-12-25,35-44,male,Android,,False,
1314,2024-11-12,9,paid_search,,False,,45+,female,iOS,245.11,False,
1315,2024-12-19,2,organic,,False,,35-44,female,iOS,,False,
1316,2024-07-24,10,paid_social,,False,,35-44,female,iOS,187.56,False,
1317,2024-12-21,8,organic,,False,,18-24,female,Android,,False,
1318,2024-09-16,2,paid_social,,False,,35-44,male,Android,157.41,False,
1319,2024-05-10,3,organic,,True,2024-07-03,25-34,female,Android,,False,
1320,2024-11-17,8,paid_social,,False,,25-34,male,Android,196.06,False,
1321,2024-09-24,1,paid_social,,False,,45+,male,Android,162.95,False,
1322,2024-05-24,2,paid_social,,False,,18-24,male,Android,199.07,False,
1323,2024-07-31,2,paid_social,,False,,35-44,male,iOS,188.01,False,
1324,2024-02-07,2,organic,,False,,25-34,male,Android,,False,
1325,2024-10-27,2,paid_search,,True,2024-11-09,18-24,male,Android,228.87,False,
1326,2024-11-09,2,organic,,False,,35-44,female,Android,,False,
1327,2024-07-27,1,organic,,False,,25-34,male,Android,,False,
1328,2024-05-14,5,paid_search,,False,,45+,male,Android,238.74,False,
1329,2024-11-18,2,paid_social,,False,,25-34,female,Android,165.67,False,
1330,2024-08-08,7,organic,,False,,18-24,female,iOS,,False,
1331,2024-08-01,7,referral,1276,False,,25-34,male,iOS,51.13,False,
1332,2024-12-22,3,paid_social,,False,,18-24,male,iOS,171.93,False,
1333,2024-11-17,3,push_reactivation,,True,2024-12-11,25-34,female,Android,36.61,False,
1334,2024-04-10,4,organic,,False,,35-44,female,Android,,False,
1335,2024-10-27,5,paid_social,,False,,25-34,male,iOS,161.53,False,
1336,2024-08-21,1,paid_social,,False,,18-24,female,Android,189.35,False,
1337,2024-07-21,8,referral,491,False,,18-24,male,Android,61.03,False,
1338,2024-12-11,1,paid_social,,False,,35-44,male,Android,199.76,False,
1339,2024-03-20,7,organic,,False,,35-44,female,Android,,False,
1340,2024-09-17,2,referral,733,False,,35-44,male,iOS,65.88,False,
1341,2024-02-16,1,paid_social,,False,,18-24,male,Android,200.63,False,
1342,2024-12-16,2,paid_search,,False,,25-34,female,Android,217.63,False,
1343,2024-08-25,2,organic,,True,2024-12-06,18-24,male,Android,,False,
1344,2024-02-16,1,paid_social,,False,,18-24,female,iOS,189.94,False,
1345,2024-10-09,5,paid_social,,False,,25-34,other,iOS,191.4,False,
1346,2024-08-24,2,referral,567,False,,35-44,male,Android,60.43,False,
1347,2024-07-08,1,paid_search,,False,,25-34,male,iOS,213.29,False,
1348,2024-09-14,2,paid_social,,False,,18-24,male,Android,155.4,False,
1349,2024-06-28,2,organic,,False,,25-34,other,Android,,False,
1350,2024-03-26,8,paid_social,,False,,35-44,female,Android,202.66,False,
1351,2024-12-29,7,organic,,False,,35-44,female,Android,,False,
1352,2024-11-12,2,organic,,False,,25-34,female,Android,,False,
1353,2024-07-12,10,organic,,False,,25-34,female,iOS,,False,
1354,2024-04-15,2,paid_search,,True,2024-10-17,25-34,male,Android,232.42,False,
1355,2024-04-10,7,organic,,True,2024-04-18,18-24,female,Android,,False,
1356,2024-08-06,6,referral,875,True,2024-08-24,18-24,male,Android,60.75,False,
1357,2024-08-17,8,paid_social,,False,,25-34,male,Android,183.06,False,
1358,2024-10-25,3,referral,1285,False,,25-34,female,Android,64.12,False,
1359,2024-12-27,1,paid_social,,False,,25-34,female,Android,179.87,False,
1360,2024-09-16,2,referral,632,False,,45+,female,Android,66.32,False,
1361,2024-11-29,6,push_reactivation,,False,,18-24,female,Android,37.09,False,
1362,2024-10-30,8,paid_social,,True,2024-11-27,25-34,female,Android,184.71,False,
1363,2024-04-24,2,paid_social,,False,,25-34,male,Android,203.97,False,
1364,2024-06-03,8,paid_social,,True,2024-10-29,25-34,male,Android,172.86,False,
1365,2024-12-24,3,paid_social,,False,,18-24,male,Android,202.38,False,
1366,2024-07-05,8,paid_search,,False,,25-34,male,Android,231.79,False,
1367,2024-04-14,2,organic,,False,,18-24,female,Android,,False,
1368,2024-05-01,2,paid_search,,False,,25-34,female,Android,252.84,False,
1369,2024-08-07,3,organic,,False,,45+,female,iOS,,False,
1370,2024-11-02,3,referral,770,False,,25-34,male,Android,64.58,False,
1371,2024-06-11,2,paid_social,,False,,18-24,male,Android,160.89,False,
1372,2024-05-02,2,push_reactivation,,False,,18-24,female,Android,39.36,False,
1373,2024-08-03,4,organic,,False,,45+,male,Android,,False,
1374,2024-04-06,3,organic,,False,,45+,other,iOS,,False,
1375,2024-05-02,1,push_reactivation,,False,,25-34,male,iOS,37.93,False,
1376,2024-12-30,3,paid_search,,False,,18-24,female,Android,238.59,False,
1377,2024-12-10,3,organic,,False,,25-34,female,iOS,,False,
1378,2024-12-22,6,organic,,False,,18-24,male,Android,,False,
1379,2024-09-23,3,paid_social,,False,,35-44,male,Android,172.68,False,
1380,2024-10-22,4,paid_search,,False,,25-34,female,Android,241.48,False,
1381,2024-08-07,1,push_reactivation,,False,,35-44,male,Android,35.36,False,
1382,2024-08-19,4,paid_search,,False,,18-24,female,iOS,246.89,False,
1383,2024-10-01,1,referral,561,False,,18-24,male,iOS,51.81,False,
1384,2024-12-19,3,push_reactivation,,False,,25-34,male,iOS,39.72,False,
1385,2024-09-14,1,paid_social,,False,,35-44,female,Android,157.29,False,
1386,2024-05-01,1,paid_social,,False,,25-34,male,iOS,158.47,False,
1387,2024-07-19,4,organic,,False,,18-24,male,iOS,,False,
1388,2024-12-15,3,organic,,False,,18-24,female,Android,,False,
1389,2024-09-17,5,organic,,False,,35-44,male,iOS,,False,
1390,2024-03-30,2,referral,426,True,2024-07-02,25-34,male,Android,56.08,False,
1391,2024-03-08,6,organic,,False,,25-34,male,Android,,False,
1392,2024-09-29,1,referral,372,False,,25-34,female,Android,65.91,False,
1393,2024-03-04,3,organic,,False,,18-24,female,Android,,False,
1394,2024-07-29,3,paid_search,,True,2024-11-13,35-44,male,Android,233.09,False,
1395,2024-10-28,8,referral,1123,False,,25-34,female,Android,56.59,False,
1396,2024-06-18,2,paid_social,,False,,35-44,male,Android,187.05,False,
1397,2024-11-19,2,paid_search,,False,,18-24,female,iOS,237.88,False,
1398,2024-09-18,4,organic,,False,,18-24,male,Android,,False,
1399,2024-08-18,2,paid_social,,False,,25-34,male,iOS,179.53,False,
1400,2024-11-19,4,organic,,True,2024-12-07,35-44,female,Android,,False,
1401,2024-11-01,2,referral,1183,False,,35-44,female,Android,61.17,False,
1402,2024-10-12,1,paid_social,,False,,25-34,male,Android,178.05,False,
1403,2024-10-22,7,referral,181,False,,18-24,female,iOS,57.16,False,
1404,2024-09-15,2,paid_social,,False,,45+,male,Android,192.79,False,
1405,2024-09-17,4,organic,,False,,35-44,male,Android,,False,
1406,2024-10-18,1,paid_search,,False,,25-34,male,iOS,219.76,False,
1407,2024-09-13,4,organic,,False,,25-34,male,Android,,False,
1408,2024-12-19,5,referral,976,False,,18-24,male,Android,56.38,False,
1409,2024-06-06,2,organic,,False,,18-24,female,Android,,False,
1410,2024-09-07,2,organic,,False,,18-24,female,iOS,,False,
1411,2024-12-03,2,organic,,False,,18-24,female,Android,,False,
1412,2024-05-19,6,referral,678,False,,25-34,male,Android,61.01,False,
1413,2024-03-22,1,paid_social,,False,,35-44,male,Android,205.65,False,
1414,2024-12-23,3,paid_social,,False,,35-44,male,Android,206.95,False,
1415,2024-08-31,10,push_reactivation,,False,,45+,female,Android,44.86,False,
1416,2024-03-22,6,organic,,True,2024-09-19,18-24,female,Android,,False,
1417,2024-10-19,6,referral,908,False,,25-34,female,Android,62.36,False,
1418,2024-05-13,3,referral,744,False,,25-34,male,iOS,52.32,False,
1419,2024-05-08,5,paid_search,,False,,25-34,male,iOS,245.38,False,
1420,2024-10-02,5,organic,,False,,18-24,female,Android,,False,
1421,2024-03-22,6,paid_search,,False,,25-34,female,Android,204.31,False,
1422,2024-12-12,4,paid_social,,False,,35-44,male,iOS,199.3,False,
1423,2024-12-20,4,paid_social,,False,,18-24,female,Android,181.29,False,
1424,2024-09-04,4,organic,,False,,18-24,female,Android,,False,
1425,2024-04-25,2,organic,,False,,25-34,male,Android,,False,
1426,2024-10-15,1,organic,,True,2024-11-22,25-34,female,Android,,False,
1427,2024-11-17,2,organic,,False,,18-24,female,Android,,False,
1428,2024-10-26,8,organic,,False,,18-24,female,Android,,False,
1429,2024-03-17,3,referral,614,True,2024-09-16,35-44,female,iOS,52.14,False,
1430,2024-07-05,2,paid_social,,False,,35-44,male,iOS,194.76,False,
1431,2024-10-05,2,paid_social,,False,,25-34,female,Android,179.18,False,
1432,2024-09-06,1,organic,,False,,25-34,male,iOS,,False,
1433,2024-08-30,1,paid_social,,False,,45+,female,Android,205.99,False,
1434,2024-06-01,1,organic,,False,,18-24,male,Android,,False,
1435,2024-10-27,2,organic,,False,,45+,female,iOS,,False,
1436,2024-10-21,1,organic,,False,,45+,female,iOS,,False,
1437,2024-12-24,1,organic,,False,,25-34,male,Android,,False,
1438,2024-11-17,2,referral,666,False,,18-24,female,Android,56.32,False,
1439,2024-11-30,10,paid_social,,False,,18-24,male,iOS,176.15,False,
1440,2024-11-15,2,organic,,False,,35-44,female,Android,,False,
1441,2024-02-29,3,paid_search,,False,,35-44,male,iOS,213.13,False,
1442,2024-03-18,5,referral,478,False,,45+,female,Android,68.38,False,
1443,2024-12-23,2,paid_search,,False,,18-24,female,Android,222.27,False,
1444,2024-07-30,3,paid_social,,True,2024-12-22,18-24,male,Android,183.96,False,
1445,2024-11-28,2,paid_search,,False,,25-34,male,iOS,193.29,False,
1446,2024-03-07,1,paid_social,,False,,25-34,male,Android,173.67,False,
1447,2024-03-11,4,organic,,False,,18-24,male,Android,,False,
1448,2024-11-04,3,paid_search,,False,,35-44,male,iOS,239.12,False,
1449,2024-11-14,5,organic,,False,,18-24,male,iOS,,False,
1450,2024-01-21,1,referral,800,False,,25-34,female,iOS,68.79,False,
1451,2024-06-04,2,organic,,False,,45+,male,Android,,False,
1452,2024-12-29,4,organic,,True,2025-01-03,25-34,male,Android,,False,
1453,2024-10-01,2,referral,1009,False,,25-34,female,iOS,60.19,False,
1454,2024-11-13,2,referral,81,False,,18-24,female,iOS,67.1,False,
1455,2024-07-03,7,organic,,False,,25-34,female,Android,,False,
1456,2024-03-19,1,organic,,False,,18-24,female,Android,,False,
1457,2024-08-14,5,paid_social,,False,,25-34,male,Android,166.5,False,
1458,2024-11-01,1,referral,1013,False,,18-24,male,Android,60.8,False,
1459,2024-10-19,6,paid_search,,False,,25-34,male,Android,198.95,False,
1460,2024-10-05,2,organic,,False,,18-24,female,Android,,False,
1461,2024-04-12,2,organic,,True,2024-12-21,18-24,female,Android,,False,
1462,2024-06-21,7,organic,,False,,18-24,female,Android,,False,
1463,2024-10-29,2,organic,,False,,25-34,male,Android,,False,
1464,2024-11-07,3,organic,,False,,25-34,male,iOS,,False,
1465,2024-05-08,3,organic,,True,2024-09-28,35-44,female,iOS,,False,
1466,2024-09-07,2,paid_social,,True,2024-10-26,45+,male,Android,173.84,False,
1467,2024-09-02,4,paid_search,,False,,35-44,female,Android,201.82,False,
1468,2024-05-06,1,paid_social,,False,,25-34,male,Android,198.93,False,
1469,2024-10-06,4,organic,,False,,35-44,male,Android,,False,
1470,2024-02-19,6,organic,,False,,25-34,male,Android,,False,
1471,2024-03-29,2,referral,543,False,,25-34,male,Android,62.03,False,
1472,2024-03-08,8,paid_search,,False,,18-24,female,Android,190.83,False,
1473,2024-12-14,1,organic,,False,,25-34,male,Android,,False,
1474,2024-07-15,1,paid_search,,False,,25-34,male,Android,243.89,False,
1475,2024-10-07,10,organic,,False,,35-44,female,iOS,,False,
1476,2024-02-22,10,paid_search,,False,,18-24,female,Android,224.93,False,
1477,2024-11-21,3,referral,1122,False,,45+,male,Android,65.34,False,
1478,2024-10-24,4,paid_social,,False,,25-34,female,Android,185.35,False,
1479,2024-11-29,2,organic,,False,,35-44,male,Android,,False,
1480,2024-06-28,3,paid_social,,True,2024-11-23,18-24,male,Android,175.3,False,
1481,2024-02-23,5,organic,,False,,25-34,male,iOS,,False,
1482,2024-08-31,7,organic,,False,,25-34,male,iOS,,False,
1483,2024-06-23,1,organic,,False,,35-44,female,iOS,,False,
1484,2024-05-30,2,paid_search,,False,,18-24,female,Android,224.82,False,
1485,2024-10-04,2,paid_social,,False,,35-44,male,Android,153.24,False,
1486,2024-08-21,6,referral,583,False,,25-34,male,Android,53.42,False,
1487,2024-04-23,4,push_reactivation,,True,2024-12-05,25-34,female,Android,34.19,False,
1488,2024-09-07,1,referral,329,False,,25-34,female,Android,52.69,False,
1489,2024-10-24,5,paid_search,,False,,18-24,male,iOS,193.95,False,
1490,2024-09-25,10,referral,1170,False,,35-44,male,Android,68.26,False,
1491,2024-06-23,1,organic,,False,,18-24,male,Android,,False,
1492,2024-06-29,3,organic,,False,,25-34,female,Android,,False,
1493,2024-05-20,2,organic,,False,,18-24,male,iOS,,False,
1494,2024-05-10,5,organic,,False,,25-34,male,Android,,False,
1495,2024-12-16,1,organic,,False,,35-44,male,iOS,,False,
1496,2024-05-06,9,organic,,False,,45+,male,Android,,False,
1497,2024-12-14,2,organic,,False,,25-34,female,iOS,,False,
1498,2024-10-28,2,organic,,False,,45+,female,Android,,False,
1499,2024-09-04,8,paid_social,,False,,25-34,female,Android,153.81,False,
1500,2024-08-20,2,referral,1151,False,,35-44,male,Android,58.71,False,
1501,2024-10-19,8,paid_social,,False,,18-24,male,iOS,198.33,False,
1502,2024-12-24,1,paid_search,,False,,18-24,female,iOS,218.95,False,
1503,2024-07-28,3,push_reactivation,,False,,25-34,female,Android,36.65,False,
1504,2024-11-15,7,organic,,False,,25-34,male,Android,,False,
1505,2024-10-25,1,paid_social,,False,,45+,female,iOS,165.18,False,
1506,2024-10-20,1,paid_search,,False,,25-34,male,Android,197.72,False,
1507,2024-10-04,8,paid_search,,True,2024-12-20,18-24,male,iOS,230.59,False,
1508,2024-11-08,9,paid_search,,False,,18-24,male,iOS,240.24,False,
1509,2024-11-29,2,paid_social,,False,,25-34,female,Android,173.16,False,
1510,2024-08-09,2,paid_search,,False,,25-34,male,Android,222.81,False,
1511,2024-03-27,2,organic,,True,2024-12-23,25-34,male,iOS,,False,
1512,2024-04-14,2,paid_social,,True,2024-08-23,35-44,female,Android,200.49,False,
1513,2024-10-30,1,referral,869,True,2024-12-02,18-24,female,Android,57.52,False,
1514,2024-04-21,5,paid_social,,True,2024-05-17,25-34,female,Android,202.72,False,
1515,2024-12-08,1,organic,,False,,25-34,male,Android,,False,
1516,2024-11-13,7,organic,,False,,18-24,female,Android,,False,
1517,2024-09-08,2,organic,,False,,45+,female,iOS,,False,
1518,2024-04-25,2,paid_social,,False,,18-24,male,Android,170.17,False,
1519,2024-03-26,1,referral,1151,False,,35-44,female,Android,55.83,False,
1520,2024-02-29,8,organic,,True,2024-03-21,25-34,male,Android,,False,
1521,2024-05-26,2,paid_search,,False,,25-34,male,iOS,194.84,False,
1522,2024-04-01,2,referral,53,False,,25-34,female,Android,62.32,False,
1523,2024-08-25,2,referral,1432,False,,18-24,male,Android,61.23,False,
1524,2024-01-23,1,paid_social,,False,,35-44,female,Android,153.15,False,
1525,2024-01-01,2,organic,,False,,35-44,female,Android,,False,
1526,2024-10-23,2,referral,1386,False,,18-24,male,Android,64.04,False,
1527,2024-09-05,6,paid_search,,False,,35-44,male,iOS,209.09,False,
1528,2024-05-09,6,paid_social,,False,,18-24,male,Android,174.66,False,
1529,2024-07-01,3,paid_search,,False,,18-24,female,iOS,190.13,False,
1530,2024-12-27,6,paid_search,,False,,25-34,female,Android,207.84,False,
1531,2024-07-21,4,paid_search,,False,,18-24,male,Android,242.22,False,
1532,2024-08-06,7,paid_social,,False,,18-24,female,iOS,168.74,False,
1533,2024-09-26,8,paid_social,,False,,35-44,male,Android,163.15,False,
1534,2024-12-27,2,referral,720,False,,45+,male,Android,66.2,False,
1535,2024-12-06,10,paid_search,,False,,25-34,female,iOS,219.94,False,
1536,2024-07-12,1,organic,,False,,35-44,male,Android,,False,
1537,2024-12-28,2,organic,,False,,25-34,male,iOS,,False,
1538,2024-09-26,5,paid_social,,False,,18-24,male,Android,159.64,False,
1539,2024-09-18,2,push_reactivation,,False,,25-34,male,iOS,42.55,False,
1540,2024-08-04,1,paid_search,,False,,25-34,male,Android,221.72,False,
1541,2024-06-02,1,organic,,False,,35-44,male,iOS,,False,
1542,2024-09-13,3,organic,,False,,45+,female,iOS,,False,
1543,2024-06-29,2,referral,643,False,,18-24,female,Android,64.9,False,
1544,2024-11-24,2,paid_social,,False,,35-44,male,Android,183.49,False,
1545,2024-09-14,2,referral,1379,False,,25-34,female,Android,59.49,False,
1546,2024-10-24,1,paid_search,,False,,25-34,male,Android,222.69,False,
1547,2024-11-13,2,paid_social,,False,,18-24,male,Android,179.89,False,
1548,2024-06-05,4,referral,1265,False,,18-24,male,Android,64.96,False,
1549,2024-10-17,3,referral,325,False,,35-44,male,Android,51.39,False,
1550,2024-09-26,9,organic,,False,,25-34,female,Android,,False,
1551,2024-09-16,2,referral,774,True,2024-11-02,45+,female,iOS,58.93,False,
1552,2024-04-28,2,paid_social,,False,,18-24,female,Android,184.58,False,
1553,2024-10-08,9,organic,,False,,18-24,male,Android,,False,
1554,2024-06-29,1,push_reactivation,,True,2024-09-13,18-24,female,Android,39.66,False,
1555,2024-05-13,1,paid_social,,False,,25-34,male,iOS,167.26,False,
1556,2024-08-06,1,referral,676,False,,18-24,male,Android,51.07,False,
1557,2024-12-30,1,organic,,False,,45+,male,Android,,False,
1558,2024-07-23,1,push_reactivation,,False,,18-24,female,Android,41.43,False,
1559,2024-02-28,9,organic,,False,,35-44,female,Android,,False,
1560,2024-07-20,2,paid_search,,False,,25-34,female,iOS,221.79,False,
1561,2024-10-11,3,organic,,False,,18-24,female,Android,,False,
1562,2024-05-18,1,paid_social,,False,,25-34,female,iOS,166.78,False,
1563,2024-07-28,2,organic,,False,,25-34,male,iOS,,False,
1564,2024-12-25,1,organic,,False,,25-34,male,Android,,False,
1565,2024-04-16,7,organic,,False,,25-34,male,Android,,False,
1566,2024-12-19,2,paid_social,,False,,25-34,female,Android,201.62,False,
1567,2024-11-08,2,paid_social,,False,,25-34,female,iOS,155.82,False,
1568,2024-09-21,3,organic,,True,2024-11-16,25-34,female,Android,,False,
1569,2024-07-31,3,paid_search,,True,2024-11-29,25-34,female,iOS,198.33,False,
1570,2024-12-10,2,referral,55,False,,35-44,male,iOS,51.34,False,
1571,2024-10-09,2,organic,,False,,25-34,male,Android,,False,
1572,2024-10-25,2,organic,,False,,25-34,female,Android,,False,
1573,2024-12-21,7,paid_search,,False,,35-44,male,iOS,218.25,False,
1574,2024-09-22,3,paid_social,,False,,45+,male,iOS,183.04,False,
1575,2024-02-15,2,paid_search,,False,,18-24,female,iOS,247.7,False,
1576,2024-07-08,7,paid_social,,False,,25-34,male,Android,196.71,False,
1577,2024-11-22,2,organic,,False,,25-34,male,Android,,False,
1578,2024-07-29,4,paid_search,,False,,25-34,male,Android,231.72,False,
1579,2024-11-09,8,paid_social,,False,,25-34,female,Android,180.5,False,
1580,2024-12-24,8,organic,,False,,18-24,female,Android,,False,
1581,2024-08-07,3,paid_search,,False,,25-34,male,iOS,217.03,False,
1582,2024-10-29,4,paid_search,,False,,25-34,male,Android,244.72,False,
1583,2024-12-16,1,paid_search,,False,,18-24,female,Android,237.68,False,
1584,2024-09-21,1,paid_social,,False,,45+,female,Android,169.31,False,
1585,2024-08-11,2,paid_search,,False,,25-34,male,Android,225.16,False,
1586,2024-11-28,8,referral,252,False,,45+,female,Android,53.97,False,
1587,2024-03-16,2,push_reactivation,,False,,25-34,female,iOS,44.71,False,
1588,2024-11-11,9,push_reactivation,,False,,25-34,female,Android,41.64,False,
1589,2024-05-31,1,referral,877,False,,18-24,male,Android,59.0,False,
1590,2024-10-21,4,paid_search,,False,,18-24,female,iOS,217.1,False,
1591,2024-11-09,1,organic,,False,,18-24,male,Android,,False,
1592,2024-04-03,7,organic,,False,,18-24,female,iOS,,False,
1593,2024-09-18,5,paid_social,,False,,25-34,male,iOS,193.51,False,
1594,2024-11-18,5,paid_search,,False,,35-44,female,Android,233.06,False,
1595,2024-12-27,1,paid_search,,False,,18-24,female,Android,220.69,False,
1596,2024-08-19,2,referral,388,False,,35-44,male,Android,66.81,False,
1597,2024-10-13,3,organic,,False,,45+,female,Android,,False,
1598,2024-10-15,7,paid_search,,False,,18-24,female,Android,215.71,False,
1599,2024-08-31,2,paid_search,,False,,18-24,male,Android,188.16,False,
1600,2024-05-05,1,push_reactivation,,False,,25-34,female,iOS,45.98,False,
1601,2024-09-03,3,organic,,False,,45+,male,Android,,False,
1602,2024-07-17,5,paid_social,,False,,45+,female,Android,191.96,False,
1603,2024-11-19,2,paid_search,,False,,35-44,male,Android,221.09,False,
1604,2024-06-30,1,organic,,False,,18-24,female,Android,,False,
1605,2024-11-24,2,paid_social,,False,,18-24,female,Android,203.21,False,
1606,2024-11-20,1,referral,148,False,,25-34,female,iOS,56.29,False,
1607,2024-02-17,2,organic,,False,,25-34,male,Android,,False,
1608,2024-12-05,6,paid_social,,False,,25-34,female,Android,193.18,False,
1609,2024-06-07,1,push_reactivation,,False,,18-24,male,Android,44.43,False,
1610,2024-12-17,2,paid_search,,False,,18-24,female,Android,221.52,False,
1611,2024-06-28,2,paid_search,,True,2024-11-26,25-34,male,Android,244.31,False,
1612,2024-09-21,3,organic,,False,,18-24,female,Android,,False,
1613,2024-09-21,2,organic,,False,,18-24,male,iOS,,False,
1614,2024-10-28,2,organic,,False,,45+,male,Android,,False,
1615,2024-08-07,1,organic,,False,,25-34,male,Android,,False,
1616,2024-08-09,1,paid_search,,False,,25-34,male,Android,189.78,False,
1617,2024-07-11,9,referral,168,False,,35-44,female,Android,53.2,False,
1618,2024-11-16,2,organic,,False,,35-44,male,iOS,,False,
1619,2024-08-30,1,paid_social,,False,,35-44,female,Android,175.71,False,
1620,2024-10-03,2,referral,79,False,,25-34,female,Android,63.15,False,
1621,2024-05-22,2,paid_social,,True,2024-07-20,18-24,female,iOS,167.45,False,
1622,2024-08-15,8,organic,,False,,18-24,other,Android,,False,
1623,2024-06-01,7,paid_social,,False,,18-24,female,iOS,171.11,False,
1624,2024-11-29,5,paid_search,,False,,35-44,male,Android,202.17,False,
1625,2024-06-23,6,organic,,False,,25-34,female,iOS,,False,
1626,2024-06-25,6,paid_search,,True,2024-12-18,25-34,male,Android,188.5,False,
1627,2024-06-06,4,organic,,False,,18-24,female,iOS,,False,
1628,2024-10-24,6,paid_social,,False,,45+,female,Android,188.48,False,
1629,2024-09-30,1,paid_search,,False,,25-34,female,Android,187.07,False,
1630,2024-06-24,8,organic,,False,,45+,female,Android,,False,
1631,2024-06-10,5,paid_search,,False,,25-34,male,iOS,234.85,False,
1632,2024-09-30,3,paid_social,,False,,45+,male,Android,202.61,False,
1633,2024-12-17,2,push_reactivation,,False,,25-34,male,Android,45.53,False,
1634,2024-12-17,1,paid_social,,False,,45+,female,Android,193.86,False,
1635,2024-08-26,4,push_reactivation,,False,,45+,female,Android,36.62,False,
1636,2024-04-18,8,paid_social,,False,,25-34,female,iOS,203.99,False,
1637,2024-12-11,10,paid_social,,False,,25-34,male,Android,185.84,False,
1638,2024-09-19,3,organic,,False,,18-24,male,Android,,False,
1639,2024-05-27,2,organic,,False,,18-24,female,Android,,False,
1640,2024-10-25,1,paid_social,,False,,35-44,male,iOS,162.76,False,
1641,2024-09-10,3,paid_search,,True,2024-10-02,35-44,female,iOS,239.99,False,
1642,2024-04-12,3,paid_search,,False,,35-44,female,iOS,229.73,False,
1643,2024-10-14,5,organic,,False,,25-34,male,Android,,False,
1644,2024-04-20,8,referral,1074,False,,45+,female,Android,58.75,False,
1645,2024-10-25,7,organic,,False,,25-34,female,Android,,False,
1646,2024-06-12,1,push_reactivation,,False,,45+,male,Android,40.37,False,
1647,2024-09-12,1,paid_search,,False,,35-44,male,Android,250.67,False,
1648,2024-11-16,5,paid_search,,False,,18-24,male,Android,216.62,False,
1649,2024-12-02,1,paid_social,,False,,18-24,male,iOS,170.13,False,
1650,2024-03-22,6,paid_social,,False,,18-24,male,Android,184.14,False,
1651,2024-12-08,5,paid_social,,False,,45+,male,iOS,175.56,False,
1652,2024-07-05,3,push_reactivation,,True,2024-12-04,18-24,female,Android,37.78,False,
1653,2024-10-18,2,organic,,False,,25-34,other,iOS,,False,
1654,2024-09-23,10,paid_search,,False,,18-24,female,Android,225.89,False,
1655,2024-02-25,9,paid_search,,False,,18-24,male,iOS,190.42,False,
1656,2024-03-29,1,referral,841,False,,18-24,female,Android,62.03,False,
1657,2024-08-07,6,paid_social,,False,,18-24,male,Android,173.82,False,
1658,2024-08-28,2,organic,,False,,25-34,female,iOS,,False,
1659,2024-09-12,3,referral,426,False,,25-34,male,Android,52.39,False,
1660,2024-03-23,2,paid_search,,False,,18-24,female,iOS,202.87,False,
1661,2024-12-15,1,paid_search,,False,,18-24,male,Android,246.82,False,
1662,2024-10-25,1,organic,,False,,25-34,male,Android,,False,
1663,2024-04-06,7,referral,1355,True,2024-08-26,18-24,female,Android,53.51,False,
1664,2024-02-19,5,paid_search,,False,,18-24,male,Android,244.84,False,
1665,2024-06-07,3,paid_search,,False,,18-24,female,iOS,241.62,False,
1666,2024-11-12,7,organic,,False,,35-44,female,Android,,False,
1667,2024-08-31,2,paid_social,,False,,25-34,male,Android,190.87,False,
1668,2024-09-30,1,paid_search,,False,,45+,male,Android,191.35,False,
1669,2024-07-14,3,paid_social,,False,,25-34,female,Android,159.33,False,
1670,2024-02-01,2,organic,,True,2024-04-26,35-44,male,Android,,False,
1671,2024-05-09,2,organic,,True,2024-06-05,25-34,female,iOS,,False,
1672,2024-04-16,5,referral,548,False,,18-24,male,Android,64.93,False,
1673,2024-12-05,3,paid_social,,False,,25-34,female,Android,181.26,False,
1674,2024-08-23,3,organic,,False,,18-24,female,Android,,False,
1675,2024-11-02,6,organic,,False,,18-24,female,iOS,,False,
1676,2024-09-23,2,paid_social,,False,,18-24,female,Android,193.89,False,
1677,2024-08-28,2,referral,1310,False,,18-24,male,Android,65.79,False,
1678,2024-09-06,2,paid_social,,False,,18-24,male,Android,195.15,False,
1679,2024-05-30,3,paid_social,,False,,25-34,female,Android,179.33,False,
1680,2024-06-21,4,organic,,True,2024-12-05,25-34,male,Android,,False,
1681,2024-07-02,2,organic,,False,,18-24,male,Android,,False,
1682,2024-04-19,1,organic,,False,,25-34,male,Android,,False,
1683,2024-08-29,2,organic,,False,,18-24,female,iOS,,False,
1684,2024-08-09,10,organic,,False,,25-34,male,Android,,False,
1685,2024-08-25,3,paid_search,,False,,35-44,female,Android,235.13,False,
1686,2024-12-28,6,push_reactivation,,False,,25-34,male,iOS,44.19,False,
1687,2024-01-25,2,organic,,False,,25-34,female,Android,,False,
1688,2024-04-04,3,organic,,False,,18-24,female,Android,,False,
1689,2024-07-13,4,organic,,False,,35-44,male,Android,,False,
1690,2024-10-19,6,organic,,False,,45+,female,iOS,,False,
1691,2024-08-02,2,paid_social,,True,2024-10-28,18-24,male,Android,158.74,False,
1692,2024-05-26,5,referral,580,False,,18-24,female,Android,54.26,False,
1693,2024-10-30,3,organic,,False,,45+,male,Android,,False,
1694,2024-02-23,5,organic,,False,,18-24,male,iOS,,False,
1695,2024-05-19,1,organic,,False,,25-34,female,Android,,False,
1696,2024-10-02,1,paid_search,,False,,25-34,female,Android,198.33,False,
1697,2024-08-09,2,organic,,False,,18-24,male,iOS,,False,
1698,2024-06-26,2,paid_social,,False,,18-24,male,Android,168.52,False,
1699,2024-07-07,8,organic,,True,2024-11-09,18-24,male,Android,,False,
1700,2024-08-15,1,referral,572,False,,25-34,female,Android,58.7,False,
1701,2024-04-26,2,push_reactivation,,False,,18-24,male,Android,43.44,False,
1702,2024-08-03,3,referral,698,False,,18-24,male,Android,57.7,False,
1703,2024-11-19,2,paid_social,,False,,35-44,male,iOS,204.15,False,
1704,2024-12-18,1,referral,1436,False,,18-24,male,Android,52.9,False,
1705,2024-11-23,3,organic,,True,2024-12-22,35-44,male,Android,,False,
1706,2024-10-26,2,paid_search,,False,,25-34,male,iOS,220.96,False,
1707,2024-11-26,4,organic,,False,,18-24,male,Android,,False,
1708,2024-02-10,1,paid_search,,False,,25-34,female,iOS,203.89,False,
1709,2024-07-19,2,organic,,False,,18-24,male,Android,,False,
1710,2024-12-08,2,organic,,False,,25-34,female,Android,,False,
1711,2024-12-02,1,referral,994,False,,35-44,female,Android,58.78,False,
1712,2024-07-10,3,organic,,True,2024-08-27,18-24,male,iOS,,False,
1713,2024-11-14,5,paid_search,,False,,18-24,female,Android,228.17,False,
1714,2024-09-03,1,push_reactivation,,False,,35-44,male,Android,44.45,False,
1715,2024-02-12,1,organic,,False,,25-34,male,iOS,,False,
1716,2024-09-07,8,paid_social,,False,,25-34,female,iOS,181.02,False,
1717,2024-06-26,6,paid_social,,False,,25-34,male,iOS,153.2,False,
1718,2024-09-21,1,organic,,False,,25-34,other,Android,,False,
1719,2024-05-31,1,paid_social,,True,2024-06-16,35-44,male,iOS,174.86,False,
1720,2024-11-13,2,organic,,False,,35-44,female,Android,,False,
1721,2024-03-01,8,organic,,False,,18-24,male,Android,,False,
1722,2024-05-03,6,paid_search,,False,,18-24,male,iOS,240.29,False,
1723,2024-07-17,3,referral,1344,False,,18-24,female,Android,61.61,False,
1724,2024-11-29,6,paid_social,,False,,25-34,male,iOS,159.02,False,
1725,2024-10-26,2,paid_social,,False,,25-34,male,Android,198.84,False,
1726,2024-08-08,2,paid_social,,False,,25-34,female,iOS,192.6,False,
1727,2024-07-04,1,paid_search,,True,2024-11-06,18-24,female,Android,240.2,False,
1728,2024-08-27,2,paid_search,,False,,35-44,female,iOS,209.0,False,
1729,2024-05-25,4,organic,,False,,25-34,male,iOS,,False,
1730,2024-10-14,6,paid_social,,False,,25-34,female,Android,167.79,False,
1731,2024-11-26,2,organic,,False,,45+,male,Android,,False,
1732,2024-10-05,2,paid_social,,True,2024-11-06,18-24,male,Android,157.96,False,
1733,2024-11-09,2,paid_search,,False,,18-24,male,Android,196.56,False,
1734,2024-11-12,2,organic,,False,,25-34,female,Android,,False,
1735,2024-05-22,2,push_reactivation,,False,,25-34,male,Android,37.84,False,
1736,2024-04-22,4,paid_social,,False,,35-44,female,iOS,180.59,False,
1737,2024-10-28,2,organic,,False,,25-34,female,Android,,False,
1738,2024-09-21,3,organic,,False,,35-44,male,Android,,False,
1739,2024-09-15,1,paid_social,,False,,25-34,female,Android,164.51,False,
1740,2024-12-29,9,paid_search,,False,,25-34,female,Android,214.54,False,
1741,2024-10-22,2,paid_search,,False,,25-34,female,Android,217.12,False,
1742,2024-11-09,1,organic,,False,,18-24,female,Android,,False,
1743,2024-07-18,3,paid_social,,False,,45+,female,iOS,177.4,False,
1744,2024-05-18,2,organic,,False,,25-34,male,iOS,,False,
1745,2024-05-18,1,organic,,False,,35-44,female,Android,,False,
1746,2024-11-19,4,paid_search,,False,,18-24,male,Android,212.73,False,
1747,2024-08-06,2,paid_social,,False,,25-34,female,Android,157.32,False,
1748,2024-03-30,6,paid_social,,False,,25-34,female,Android,198.51,False,
1749,2024-12-27,6,organic,,False,,25-34,male,Android,,False,
1750,2024-03-03,7,paid_social,,False,,18-24,female,Android,190.39,False,
1751,2024-12-23,2,organic,,False,,45+,female,iOS,,False,
1752,2024-07-17,4,referral,626,False,,45+,male,Android,61.43,False,
1753,2024-12-09,1,organic,,False,,25-34,female,iOS,,False,
1754,2024-04-09,1,referral,484,False,,25-34,female,Android,61.21,False,
1755,2024-06-26,1,paid_social,,False,,18-24,male,iOS,176.19,False,
1756,2024-03-13,1,paid_social,,True,2024-09-12,25-34,male,Android,193.75,False,
1757,2024-10-08,10,organic,,True,2024-10-30,18-24,male,Android,,False,
1758,2024-12-19,2,organic,,False,,25-34,female,Android,,False,
1759,2024-01-21,1,referral,1705,False,,18-24,female,Android,56.8,False,
1760,2024-10-09,1,organic,,False,,35-44,male,Android,,False,
1761,2024-05-04,1,organic,,False,,25-34,female,iOS,,False,
1762,2024-10-15,5,referral,1736,False,,18-24,female,iOS,61.99,False,
1763,2024-08-18,3,paid_search,,False,,35-44,female,Android,252.87,False,
1764,2024-02-28,9,paid_social,,False,,35-44,female,Android,195.51,False,
1765,2024-06-21,2,paid_social,,False,,18-24,male,Android,162.81,False,
1766,2024-09-20,5,paid_social,,False,,25-34,female,Android,167.41,False,
1767,2024-01-31,9,paid_search,,False,,25-34,male,Android,243.59,False,
1768,2024-11-07,8,paid_social,,True,2024-12-24,18-24,male,iOS,162.51,False,
1769,2024-06-03,1,organic,,False,,25-34,female,Android,,False,
1770,2024-12-20,2,push_reactivation,,False,,25-34,female,Android,44.05,False,
1771,2024-11-11,6,organic,,False,,18-24,female,Android,,False,
1772,2024-01-12,1,paid_social,,False,,18-24,male,Android,173.35,False,
1773,2024-09-23,8,paid_search,,False,,25-34,male,iOS,226.09,False,
1774,2024-04-05,2,paid_search,,False,,18-24,female,iOS,187.76,False,
1775,2024-02-17,1,organic,,False,,18-24,male,iOS,,False,
1776,2024-04-02,3,paid_social,,False,,18-24,female,Android,177.68,False,
1777,2024-11-18,2,paid_social,,False,,35-44,female,Android,185.76,False,
1778,2024-12-27,2,paid_search,,False,,45+,male,iOS,239.46,False,
1779,2024-10-21,3,referral,1525,False,,25-34,male,iOS,64.53,False,
1780,2024-10-25,7,paid_search,,False,,18-24,female,iOS,239.04,False,
1781,2024-10-07,2,paid_search,,False,,35-44,male,Android,252.94,False,
1782,2024-06-03,1,organic,,True,2024-07-04,25-34,male,Android,,False,
1783,2024-09-04,4,paid_social,,False,,18-24,other,iOS,199.17,False,
1784,2024-10-11,5,paid_search,,False,,18-24,male,Android,195.46,False,
1785,2024-11-04,4,organic,,False,,18-24,female,Android,,False,
1786,2024-09-03,1,organic,,False,,18-24,female,Android,,False,
1787,2024-04-03,1,organic,,True,2024-12-26,18-24,female,Android,,False,
1788,2024-06-01,6,paid_social,,False,,25-34,male,Android,163.58,False,
1789,2024-12-17,4,referral,301,False,,35-44,male,Android,67.58,False,
1790,2024-11-16,4,organic,,False,,35-44,female,Android,,False,
1791,2024-07-14,9,organic,,False,,18-24,male,Android,,False,
1792,2024-12-10,2,paid_search,,False,,18-24,female,Android,217.18,False,
1793,2024-07-26,2,organic,,False,,45+,female,Android,,False,
1794,2024-06-17,2,paid_social,,True,2024-09-20,25-34,female,iOS,170.43,False,
1795,2024-08-22,1,organic,,False,,18-24,female,iOS,,False,
1796,2024-04-28,6,organic,,False,,25-34,male,iOS,,False,
1797,2024-09-19,6,organic,,False,,45+,male,Android,,False,
1798,2024-10-22,2,referral,317,False,,35-44,male,Android,57.89,False,
1799,2024-03-26,2,paid_social,,False,,25-34,female,Android,202.84,False,
1800,2024-08-31,2,organic,,False,,35-44,female,Android,,False,
1801,2024-08-09,2,organic,,False,,18-24,female,Android,,False,
1802,2024-04-30,3,paid_social,,False,,45+,male,iOS,155.33,False,
1803,2024-04-15,1,paid_social,,False,,25-34,female,iOS,201.71,False,
1804,2024-11-07,2,referral,671,True,2024-12-17,25-34,male,Android,53.75,False,
1805,2024-07-27,10,paid_social,,False,,18-24,female,Android,174.07,False,
1806,2024-04-25,2,paid_social,,False,,25-34,female,Android,175.5,False,
1807,2024-04-03,2,organic,,True,2024-09-19,25-34,male,iOS,,False,
1808,2024-05-04,10,referral,381,False,,35-44,male,Android,56.52,False,
1809,2024-07-26,2,referral,1234,False,,45+,female,Android,54.59,False,
1810,2024-10-12,4,organic,,False,,25-34,male,Android,,False,
1811,2024-11-15,2,paid_search,,False,,35-44,female,iOS,221.3,False,
1812,2024-07-24,2,referral,441,True,2024-12-23,18-24,male,iOS,66.43,False,
1813,2024-05-17,5,paid_social,,False,,35-44,male,Android,154.98,False,
1814,2024-04-03,6,paid_search,,True,2024-07-21,45+,male,Android,234.21,False,
1815,2024-05-06,2,referral,1568,True,2024-06-06,45+,male,Android,52.27,False,
1816,2024-09-03,6,paid_search,,False,,45+,male,Android,206.05,False,
1817,2024-12-06,6,organic,,False,,25-34,female,iOS,,False,
1818,2024-10-03,1,referral,1149,True,2024-11-16,18-24,male,Android,58.02,False,
1819,2024-10-09,2,organic,,True,2024-12-11,18-24,male,Android,,False,
1820,2024-06-10,6,paid_social,,False,,35-44,female,iOS,193.94,False,
1821,2024-09-03,8,referral,471,False,,25-34,male,iOS,58.41,False,
1822,2024-03-05,2,referral,1481,False,,18-24,male,Android,66.56,False,
1823,2024-12-27,5,referral,1004,False,,35-44,female,Android,63.98,False,
1824,2024-05-28,1,organic,,False,,35-44,female,Android,,False,
1825,2024-12-14,7,organic,,True,2024-12-23,45+,female,Android,,False,
1826,2024-06-06,1,push_reactivation,,False,,18-24,male,iOS,43.18,False,
1827,2024-11-29,10,paid_social,,False,,25-34,male,Android,181.23,False,
1828,2024-04-15,2,paid_search,,True,2024-08-04,35-44,male,Android,188.63,False,
1829,2024-11-06,6,paid_social,,False,,18-24,female,Android,178.32,False,
1830,2024-08-30,5,organic,,True,2024-12-20,18-24,female,Android,,False,
1831,2024-06-18,2,organic,,False,,25-34,female,Android,,False,
1832,2024-09-06,4,referral,1489,False,,45+,male,Android,51.73,False,
1833,2024-05-19,1,paid_social,,False,,25-34,female,Android,194.62,False,
1834,2024-05-27,6,referral,140,False,,45+,male,Android,62.8,False,
1835,2024-04-24,5,organic,,False,,35-44,male,Android,,False,
1836,2024-07-22,1,organic,,False,,25-34,male,iOS,,False,
1837,2024-08-28,4,organic,,False,,25-34,male,iOS,,False,
1838,2024-09-07,4,paid_social,,False,,25-34,male,Android,199.37,False,
1839,2024-07-28,3,organic,,False,,18-24,male,Android,,False,
1840,2024-06-15,4,referral,509,False,,18-24,male,Android,63.43,False,
1841,2024-09-02,10,referral,726,False,,45+,male,iOS,62.17,False,
1842,2024-11-15,1,paid_social,,False,,45+,male,iOS,161.25,False,
1843,2024-08-29,2,paid_social,,False,,25-34,female,Android,186.45,False,
1844,2024-12-13,2,push_reactivation,,False,,18-24,female,iOS,34.62,False,
1845,2024-12-07,4,paid_search,,False,,18-24,female,Android,201.08,False,
1846,2024-04-28,6,organic,,True,2024-06-29,18-24,female,iOS,,False,
1847,2024-06-09,2,paid_search,,False,,25-34,female,Android,214.86,False,
1848,2024-05-13,4,paid_social,,False,,25-34,male,iOS,193.54,False,
1849,2024-03-04,2,organic,,False,,18-24,male,Android,,False,
1850,2024-09-23,5,referral,82,False,,25-34,female,iOS,65.25,False,
1851,2024-09-05,9,organic,,False,,25-34,female,iOS,,False,
1852,2024-12-12,1,paid_search,,False,,45+,male,Android,228.59,False,
1853,2024-05-09,5,organic,,False,,25-34,male,Android,,False,
1854,2024-02-13,7,referral,966,False,,25-34,male,iOS,67.01,False,
1855,2024-04-08,4,push_reactivation,,False,,18-24,male,Android,42.58,False,
1856,2024-08-02,2,paid_search,,False,,18-24,male,Android,229.39,False,
1857,2024-10-13,2,referral,1639,False,,18-24,female,Android,65.58,False,
1858,2024-10-23,4,paid_social,,False,,25-34,female,Android,200.3,False,
1859,2024-11-17,2,paid_social,,False,,35-44,female,Android,159.78,False,
1860,2024-04-10,9,organic,,True,2024-06-03,35-44,male,Android,,False,
1861,2024-02-16,5,paid_social,,False,,25-34,female,Android,190.2,False,
1862,2024-11-29,6,referral,1786,False,,25-34,female,Android,52.51,False,
1863,2024-08-10,3,paid_search,,True,2024-12-29,25-34,female,Android,201.22,False,
1864,2024-12-12,2,paid_social,,False,,18-24,female,Android,174.1,False,
1865,2024-06-05,7,paid_search,,True,2024-08-01,35-44,male,iOS,225.08,False,
1866,2024-10-17,1,organic,,False,,18-24,female,Android,,False,
1867,2024-11-02,2,paid_social,,False,,18-24,male,Android,170.68,False,
1868,2024-12-17,4,organic,,False,,18-24,female,Android,,False,
1869,2024-10-10,2,organic,,False,,25-34,male,Android,,False,
1870,2024-06-29,1,push_reactivation,,False,,35-44,female,Android,37.49,False,
1871,2024-09-12,1,organic,,False,,25-34,female,iOS,,False,
1872,2024-05-18,2,organic,,False,,25-34,male,Android,,False,
1873,2024-08-30,5,paid_search,,True,2024-10-12,25-34,male,Android,214.02,False,
1874,2024-07-09,2,referral,1511,False,,18-24,male,Android,67.92,False,
1875,2024-12-28,4,paid_social,,False,,25-34,male,Android,189.68,False,
1876,2024-07-30,6,paid_social,,False,,25-34,male,Android,205.88,False,
1877,2024-09-26,2,paid_search,,False,,18-24,male,Android,229.01,False,
1878,2024-11-08,8,referral,783,False,,25-34,female,iOS,66.68,False,
1879,2024-12-21,2,paid_social,,False,,35-44,female,iOS,188.01,False,
1880,2024-04-30,4,organic,,False,,25-34,female,Android,,False,
1881,2024-11-26,4,referral,1448,False,,35-44,male,iOS,54.52,False,
1882,2024-09-13,2,paid_social,,False,,35-44,female,iOS,167.88,False,
1883,2024-09-21,2,paid_search,,False,,18-24,male,iOS,225.53,False,
1884,2024-07-08,2,referral,551,False,,18-24,female,Android,68.15,False,
1885,2024-11-12,3,paid_social,,False,,25-34,male,Android,179.45,False,
1886,2024-08-03,1,paid_search,,False,,18-24,male,Android,195.93,False,
1887,2024-11-05,2,organic,,False,,18-24,male,Android,,False,
1888,2024-10-29,1,paid_search,,False,,25-34,female,Android,201.64,False,
1889,2024-05-18,1,paid_social,,False,,25-34,female,Android,156.66,False,
1890,2024-12-14,6,organic,,False,,25-34,male,Android,,False,
1891,2024-10-10,4,organic,,False,,45+,male,Android,,False,
1892,2024-04-23,9,organic,,False,,35-44,male,Android,,False,
1893,2024-10-06,6,organic,,False,,45+,male,Android,,False,
1894,2024-11-16,2,referral,414,False,,25-34,male,Android,64.53,False,
1895,2024-10-21,4,referral,1400,False,,18-24,male,Android,57.88,False,
1896,2024-06-09,1,referral,365,False,,25-34,male,Android,55.16,False,
1897,2024-09-04,2,referral,1388,False,,18-24,male,Android,58.17,False,
1898,2024-12-25,2,organic,,False,,35-44,female,Android,,False,
1899,2024-10-08,2,paid_search,,False,,35-44,female,iOS,193.56,False,
1900,2024-07-01,1,paid_search,,False,,35-44,male,Android,209.68,False,
1901,2024-09-20,2,paid_search,,False,,25-34,male,Android,192.21,False,
1902,2024-12-11,2,organic,,False,,18-24,female,iOS,,False,
1903,2024-06-01,6,organic,,False,,25-34,female,Android,,False,
1904,2024-08-07,7,referral,661,True,2024-09-23,18-24,male,Android,59.24,False,
1905,2024-04-19,3,paid_social,,False,,18-24,male,Android,167.56,False,
1906,2024-07-06,4,organic,,False,,35-44,male,iOS,,False,
1907,2024-09-21,2,paid_social,,False,,35-44,female,iOS,185.37,False,
1908,2024-06-15,2,referral,97,False,,18-24,male,Android,53.67,False,
1909,2024-12-02,9,organic,,False,,25-34,female,Android,,False,
1910,2024-04-03,7,organic,,False,,18-24,female,iOS,,False,
1911,2024-12-19,1,organic,,False,,25-34,male,Android,,False,
1912,2024-05-21,6,paid_social,,False,,18-24,male,Android,204.46,False,
1913,2024-06-18,3,organic,,False,,25-34,female,iOS,,False,
1914,2024-05-01,3,referral,1519,False,,25-34,male,Android,53.42,False,
1915,2024-06-15,2,organic,,False,,18-24,male,iOS,,False,
1916,2024-09-16,3,paid_social,,False,,18-24,male,Android,203.21,False,
1917,2024-11-14,5,organic,,False,,35-44,female,Android,,False,
1918,2024-06-06,6,paid_search,,True,2024-07-27,35-44,female,Android,228.62,False,
1919,2024-12-04,6,organic,,False,,25-34,female,Android,,False,
1920,2024-10-16,2,organic,,False,,45+,male,Android,,False,
1921,2024-11-09,8,paid_social,,False,,18-24,female,Android,174.42,False,
1922,2024-04-04,2,referral,222,False,,45+,female,Android,56.74,False,
1923,2024-06-02,3,paid_search,,False,,35-44,male,Android,216.89,False,
1924,2024-10-02,5,paid_social,,False,,35-44,male,Android,167.59,False,
1925,2024-10-27,1,paid_search,,False,,35-44,female,Android,249.98,False,
1926,2024-06-30,1,organic,,False,,18-24,male,iOS,,False,
1927,2024-04-28,4,paid_search,,False,,18-24,female,Android,220.25,False,
1928,2024-12-14,5,organic,,False,,45+,male,Android,,False,
1929,2024-03-08,2,organic,,False,,25-34,female,Android,,False,
1930,2024-11-01,1,push_reactivation,,False,,25-34,female,Android,37.31,False,
1931,2024-10-15,2,paid_social,,False,,25-34,male,Android,185.82,False,
1932,2024-09-02,6,organic,,False,,25-34,male,Android,,False,
1933,2024-09-07,6,paid_search,,False,,25-34,female,iOS,206.84,False,
1934,2024-04-26,5,referral,1747,False,,25-34,female,Android,65.25,False,
1935,2024-05-19,7,organic,,False,,18-24,male,iOS,,False,
1936,2024-11-25,7,organic,,True,2024-12-02,25-34,male,Android,,False,
1937,2024-11-16,3,organic,,True,2024-12-01,25-34,male,Android,,False,
1938,2024-12-11,3,organic,,False,,18-24,male,Android,,False,
1939,2024-07-26,8,organic,,False,,25-34,female,Android,,False,
1940,2024-11-24,3,paid_social,,False,,35-44,male,Android,173.82,False,
1941,2024-09-19,1,paid_social,,False,,25-34,male,Android,175.98,False,
1942,2024-12-28,6,organic,,False,,18-24,female,Android,,False,
1943,2024-07-26,1,organic,,False,,25-34,female,Android,,False,
1944,2024-04-06,2,organic,,False,,25-34,male,Android,,False,
1945,2024-01-18,3,paid_social,,True,2024-10-06,18-24,female,iOS,159.44,False,
1946,2024-10-01,2,organic,,False,,45+,male,Android,,False,
1947,2024-10-26,1,push_reactivation,,False,,25-34,female,Android,43.34,False,
1948,2024-04-26,1,paid_search,,False,,18-24,male,Android,196.58,False,
1949,2024-09-16,1,paid_social,,False,,45+,female,iOS,182.79,False,
1950,2024-07-13,9,organic,,False,,35-44,male,Android,,False,
1951,2024-10-11,2,organic,,False,,18-24,male,iOS,,False,
1952,2024-08-26,2,paid_search,,False,,25-34,male,Android,234.71,False,
1953,2024-10-02,2,paid_social,,False,,18-24,female,iOS,192.35,False,
1954,2024-07-13,5,referral,165,False,,25-34,male,Android,59.86,False,
1955,2024-05-08,1,paid_search,,True,2024-11-05,25-34,female,Android,212.18,False,
1956,2024-11-01,1,paid_search,,False,,18-24,male,Android,209.52,False,
1957,2024-03-03,3,organic,,True,2024-04-27,35-44,male,iOS,,False,
1958,2024-09-08,2,referral,693,False,,25-34,female,iOS,54.32,False,
1959,2024-05-18,1,referral,722,False,,18-24,female,iOS,62.49,False,
1960,2024-07-11,2,paid_social,,False,,18-24,male,Android,159.28,False,
1961,2024-11-21,2,referral,735,False,,35-44,male,Android,51.13,False,
1962,2024-12-23,3,organic,,False,,18-24,female,iOS,,False,
1963,2024-07-28,1,referral,502,False,,25-34,male,iOS,67.36,False,
1964,2024-02-18,2,organic,,True,2024-06-22,18-24,male,Android,,False,
1965,2024-05-12,2,organic,,False,,18-24,other,Android,,False,
1966,2024-11-27,4,paid_social,,False,,25-34,male,Android,159.97,False,
1967,2024-12-21,1,paid_social,,False,,18-24,female,Android,203.16,False,
1968,2024-05-12,1,organic,,True,2024-11-22,35-44,male,iOS,,False,
1969,2024-05-11,3,paid_social,,False,,35-44,female,Android,173.25,False,
1970,2024-08-01,1,paid_search,,False,,18-24,male,Android,187.01,False,
1971,2024-07-27,3,paid_search,,False,,35-44,male,Android,222.41,False,
1972,2024-07-26,2,paid_search,,False,,25-34,female,Android,199.38,False,
1973,2024-09-13,1,referral,1777,False,,25-34,male,Android,62.79,False,
1974,2024-09-11,5,organic,,False,,25-34,female,Android,,False,
1975,2024-10-09,2,referral,1383,True,2024-11-12,18-24,male,Android,54.72,False,
1976,2024-06-30,10,push_reactivation,,False,,45+,female,Android,35.89,False,
1977,2024-12-04,1,organic,,False,,18-24,male,Android,,False,
1978,2024-10-22,2,organic,,False,,25-34,male,iOS,,False,
1979,2024-07-17,4,organic,,False,,25-34,male,Android,,False,
1980,2024-10-04,1,paid_social,,False,,25-34,female,iOS,176.06,False,
1981,2024-05-27,2,referral,1260,False,,45+,male,Android,68.06,False,
1982,2024-06-30,7,organic,,False,,18-24,female,Android,,False,
1983,2024-12-09,1,push_reactivation,,False,,35-44,male,Android,40.81,False,
1984,2024-05-16,2,organic,,False,,25-34,male,Android,,False,
1985,2024-10-10,3,referral,754,False,,35-44,female,Android,67.09,False,
1986,2024-12-18,2,organic,,False,,25-34,female,Android,,False,
1987,2024-01-28,6,paid_search,,False,,25-34,male,iOS,198.55,False,
1988,2024-02-23,2,organic,,True,2024-09-21,35-44,other,Android,,False,
1989,2024-09-22,3,paid_search,,True,2024-12-12,18-24,male,Android,203.83,False,
1990,2024-07-02,5,paid_social,,False,,35-44,female,Android,173.53,False,
1991,2024-04-10,2,organic,,True,2024-08-26,18-24,male,iOS,,False,
1992,2024-11-21,2,paid_search,,False,,35-44,female,iOS,227.57,False,
1993,2024-10-30,1,paid_search,,False,,18-24,male,Android,223.72,False,
1994,2024-05-05,3,organic,,False,,45+,male,Android,,False,
1995,2024-07-30,10,organic,,False,,25-34,male,Android,,False,
1996,2024-02-19,2,referral,1838,False,,18-24,female,iOS,67.84,False,
1997,2024-11-30,2,organic,,False,,18-24,male,Android,,False,
1998,2024-08-08,6,organic,,False,,25-34,other,iOS,,False,
1999,2024-12-01,4,paid_search,,True,2024-12-22,18-24,male,Android,193.99,False,
2000,2024-05-23,9,organic,,False,,25-34,female,Android,,False,
2001,2024-08-25,2,organic,,False,,18-24,male,iOS,,False,
2002,2024-06-02,3,referral,1316,False,,18-24,female,Android,55.92,False,
2003,2024-06-05,2,paid_social,,False,,45+,male,Android,173.82,False,
2004,2024-07-11,5,push_reactivation,,False,,45+,female,Android,39.8,False,
2005,2024-07-12,5,referral,1140,False,,25-34,male,Android,65.92,False,
2006,2024-04-11,2,paid_search,,False,,35-44,male,Android,193.93,False,
2007,2024-12-19,1,organic,,False,,18-24,male,Android,,False,
2008,2024-07-20,4,paid_social,,False,,18-24,female,Android,164.02,False,
2009,2024-08-23,6,organic,,False,,25-34,male,Android,,False,
2010,2024-03-19,6,organic,,False,,18-24,male,Android,,False,
2011,2024-10-28,1,organic,,True,2024-12-26,25-34,female,Android,,False,
2012,2024-10-08,4,paid_search,,False,,18-24,male,Android,249.67,False,
2013,2024-07-27,6,paid_search,,False,,25-34,other,Android,209.91,False,
2014,2024-11-09,8,paid_search,,False,,25-34,male,Android,213.49,False,
2015,2024-03-30,4,referral,1344,False,,25-34,male,Android,65.93,False,
2016,2024-10-12,4,organic,,False,,18-24,female,Android,,False,
2017,2024-07-19,2,paid_search,,False,,35-44,male,Android,220.68,False,
2018,2024-08-03,6,paid_social,,False,,25-34,male,Android,185.93,False,
2019,2024-04-02,7,referral,529,False,,25-34,female,Android,52.91,False,
2020,2024-05-20,3,paid_search,,False,,35-44,female,Android,224.77,False,
2021,2024-12-08,1,organic,,False,,18-24,male,Android,,False,
2022,2024-11-16,2,push_reactivation,,False,,18-24,male,iOS,37.56,False,
2023,2024-03-08,6,push_reactivation,,True,2024-07-08,45+,female,Android,45.13,False,
2024,2024-02-07,7,organic,,False,,25-34,female,iOS,,False,
2025,2024-08-05,5,organic,,False,,35-44,male,Android,,False,
2026,2024-12-21,2,referral,1592,False,,25-34,other,iOS,60.74,False,
2027,2024-06-19,4,paid_social,,False,,25-34,male,iOS,167.89,False,
2028,2024-08-20,2,paid_search,,False,,18-24,female,Android,230.43,False,
2029,2024-04-14,1,paid_search,,False,,35-44,male,Android,217.82,False,
2030,2024-09-30,2,organic,,False,,18-24,male,Android,,False,
2031,2024-01-25,3,push_reactivation,,False,,45+,male,Android,38.74,False,
2032,2024-10-20,1,paid_search,,True,2024-11-30,45+,male,Android,195.56,False,
2033,2024-09-28,7,paid_social,,False,,18-24,female,Android,195.43,False,
2034,2024-06-28,8,paid_search,,False,,35-44,female,Android,217.16,False,
2035,2024-11-03,7,organic,,True,2024-11-17,35-44,male,Android,,False,
2036,2024-10-31,1,paid_social,,False,,35-44,female,iOS,161.02,False,
2037,2024-03-31,1,paid_social,,False,,18-24,male,Android,196.04,False,
2038,2024-05-12,7,push_reactivation,,False,,18-24,female,Android,39.8,False,
2039,2024-12-15,2,paid_social,,False,,25-34,female,Android,195.23,False,
2040,2024-10-24,3,paid_search,,False,,18-24,female,iOS,248.08,False,
2041,2024-08-25,6,organic,,False,,18-24,male,Android,,False,
2042,2024-02-12,4,referral,775,True,2024-05-10,25-34,male,Android,56.86,False,
2043,2024-07-01,6,organic,,False,,18-24,male,Android,,False,
2044,2024-07-07,9,organic,,False,,18-24,male,iOS,,False,
2045,2024-06-28,9,organic,,False,,18-24,female,Android,,False,
2046,2024-08-18,2,paid_search,,False,,25-34,female,Android,197.49,False,
2047,2024-10-08,4,organic,,False,,18-24,female,Android,,False,
2048,2024-09-04,3,organic,,False,,35-44,female,iOS,,False,
2049,2024-08-16,1,referral,1907,False,,25-34,male,Android,51.33,False,
2050,2024-11-05,1,paid_search,,False,,25-34,female,Android,240.32,False,
2051,2024-09-10,1,paid_social,,False,,25-34,female,iOS,187.01,False,
2052,2024-08-11,2,organic,,False,,25-34,male,iOS,,False,
2053,2024-03-28,1,organic,,False,,45+,male,Android,,False,
2054,2024-08-04,2,paid_social,,False,,25-34,female,Android,181.06,False,
2055,2024-10-12,4,paid_social,,False,,45+,male,Android,171.17,False,
2056,2024-09-04,2,paid_search,,False,,35-44,male,Android,211.36,False,
2057,2024-07-29,2,push_reactivation,,True,2024-09-11,35-44,female,Android,42.66,False,
2058,2024-04-26,1,referral,957,False,,18-24,female,Android,58.92,False,
2059,2024-10-05,2,organic,,False,,18-24,female,Android,,False,
2060,2024-11-08,2,organic,,False,,25-34,male,Android,,False,
2061,2024-06-29,2,referral,1344,True,2024-12-02,35-44,female,Android,68.33,False,
2062,2024-09-02,2,push_reactivation,,False,,18-24,female,iOS,40.02,False,
2063,2024-12-10,1,organic,,False,,18-24,female,Android,,False,
2064,2024-10-11,3,paid_social,,False,,18-24,male,iOS,153.49,False,
2065,2024-10-31,2,paid_search,,False,,25-34,male,Android,240.28,False,
2066,2024-09-25,2,referral,658,False,,18-24,female,Android,62.0,False,
2067,2024-12-03,3,organic,,False,,25-34,male,Android,,False,
2068,2024-05-12,6,paid_social,,False,,25-34,female,Android,202.3,False,
2069,2024-11-22,4,paid_social,,False,,18-24,female,iOS,176.77,False,
2070,2024-04-19,3,paid_search,,False,,35-44,female,Android,210.69,False,
2071,2024-06-17,1,organic,,False,,35-44,male,Android,,False,
2072,2024-05-16,2,paid_social,,False,,25-34,other,iOS,172.01,False,
2073,2024-10-20,1,organic,,False,,35-44,female,Android,,False,
2074,2024-05-06,6,paid_search,,False,,25-34,female,Android,212.64,False,
2075,2024-10-19,2,referral,16,True,2024-10-30,25-34,male,Android,60.16,False,
2076,2024-07-18,2,referral,867,False,,18-24,other,Android,51.25,False,
2077,2024-03-12,1,paid_social,,False,,35-44,male,Android,170.89,False,
2078,2024-12-30,4,referral,1198,False,,25-34,female,Android,60.25,False,
2079,2024-11-26,2,paid_social,,False,,35-44,male,iOS,184.45,False,
2080,2024-07-05,2,referral,985,False,,25-34,female,Android,67.07,False,
2081,2024-03-07,4,paid_search,,True,2024-12-13,45+,male,iOS,240.33,False,
2082,2024-11-12,2,paid_search,,False,,25-34,male,Android,242.0,False,
2083,2024-11-03,2,organic,,False,,18-24,female,Android,,False,
2084,2024-11-24,2,push_reactivation,,False,,18-24,female,iOS,39.07,False,
2085,2024-06-24,3,organic,,False,,18-24,female,Android,,False,
2086,2024-12-18,2,push_reactivation,,False,,18-24,female,Android,44.91,False,
2087,2024-12-25,8,paid_social,,False,,35-44,male,iOS,156.17,False,
2088,2024-01-05,3,paid_social,,False,,18-24,male,Android,172.59,False,
2089,2024-06-07,2,paid_social,,False,,25-34,male,Android,184.18,False,
2090,2024-11-23,8,paid_search,,False,,25-34,female,Android,251.61,False,
2091,2024-11-12,1,push_reactivation,,False,,25-34,male,Android,43.56,False,
2092,2024-11-20,6,referral,835,False,,25-34,female,Android,55.5,False,
2093,2024-09-04,4,referral,631,False,,25-34,female,Android,64.16,False,
2094,2024-08-22,9,paid_social,,False,,25-34,female,Android,190.07,False,
2095,2024-09-12,1,paid_search,,False,,35-44,male,iOS,234.73,False,
2096,2024-12-17,1,paid_social,,False,,35-44,female,iOS,155.55,False,
2097,2024-07-28,3,organic,,False,,25-34,male,Android,,False,
2098,2024-04-28,1,organic,,False,,25-34,male,Android,,False,
2099,2024-12-22,4,paid_search,,False,,35-44,female,Android,229.62,False,
2100,2024-09-16,2,paid_social,,False,,25-34,male,Android,174.33,False,
2101,2024-08-28,1,organic,,False,,25-34,female,Android,,False,
2102,2024-01-21,2,organic,,False,,18-24,male,Android,,False,
2103,2024-12-16,2,referral,506,False,,35-44,male,iOS,51.56,False,
2104,2024-09-06,9,organic,,False,,45+,other,iOS,,False,
2105,2024-07-03,8,paid_search,,False,,25-34,female,Android,201.67,False,
2106,2024-08-27,2,organic,,False,,18-24,female,Android,,False,
2107,2024-10-17,4,organic,,False,,18-24,male,Android,,False,
2108,2024-10-06,1,paid_search,,False,,45+,male,iOS,208.93,False,
2109,2024-12-21,2,paid_search,,False,,25-34,female,iOS,224.61,False,
2110,2024-06-08,2,paid_search,,False,,25-34,female,Android,220.41,False,
2111,2024-11-24,2,paid_social,,False,,35-44,male,Android,202.34,False,
2112,2024-12-10,4,organic,,False,,35-44,female,iOS,,False,
2113,2024-10-31,2,paid_search,,False,,35-44,female,Android,219.89,False,
2114,2024-07-19,2,paid_social,,False,,35-44,female,Android,193.75,False,
2115,2024-09-29,2,paid_social,,False,,25-34,female,Android,165.28,False,
2116,2024-03-21,1,paid_social,,False,,25-34,female,Android,198.25,False,
2117,2024-07-05,5,paid_social,,False,,18-24,female,iOS,192.85,False,
2118,2024-12-07,6,paid_search,,False,,25-34,female,Android,238.32,False,
2119,2024-09-08,4,paid_search,,False,,35-44,male,iOS,244.7,False,
2120,2024-12-23,2,organic,,False,,35-44,male,Android,,False,
2121,2024-06-14,2,organic,,False,,35-44,female,iOS,,False,
2122,2024-01-28,2,paid_social,,False,,45+,male,iOS,170.16,False,
2123,2024-01-29,2,organic,,False,,25-34,female,Android,,False,
2124,2024-11-14,6,organic,,False,,25-34,female,Android,,False,
2125,2024-10-04,3,organic,,True,2024-10-26,35-44,male,Android,,False,
2126,2024-09-28,1,paid_social,,True,2024-10-09,25-34,female,Android,175.17,False,
2127,2024-10-23,3,organic,,False,,45+,male,Android,,False,
2128,2024-08-02,7,paid_search,,False,,18-24,male,Android,222.69,False,
2129,2024-10-01,6,paid_search,,False,,25-34,female,iOS,242.75,False,
2130,2024-12-04,2,push_reactivation,,False,,25-34,male,Android,38.84,False,
2131,2024-08-07,8,paid_social,,False,,25-34,male,Android,162.73,False,
2132,2024-09-13,2,organic,,False,,25-34,female,Android,,False,
2133,2024-09-25,2,paid_search,,False,,18-24,male,Android,215.1,False,
2134,2024-09-15,3,push_reactivation,,False,,18-24,female,Android,41.88,False,
2135,2024-06-14,8,push_reactivation,,False,,18-24,male,iOS,39.08,False,
2136,2024-08-23,5,push_reactivation,,False,,35-44,female,Android,35.01,False,
2137,2024-09-19,2,referral,799,False,,25-34,female,Android,66.54,False,
2138,2024-05-09,2,push_reactivation,,False,,25-34,male,Android,36.34,False,
2139,2024-03-11,3,organic,,False,,35-44,male,Android,,False,
2140,2024-09-25,3,organic,,False,,25-34,male,Android,,False,
2141,2024-01-25,3,paid_search,,False,,18-24,female,Android,251.5,False,
2142,2024-03-29,4,paid_search,,False,,45+,male,Android,238.23,False,
2143,2024-05-01,1,organic,,False,,25-34,male,iOS,,False,
2144,2024-12-02,8,paid_search,,False,,25-34,male,iOS,248.58,False,
2145,2024-04-13,2,organic,,False,,18-24,female,iOS,,False,
2146,2024-08-26,6,paid_social,,False,,18-24,male,Android,175.85,False,
2147,2024-09-07,2,paid_social,,True,2024-11-24,25-34,male,iOS,171.04,False,
2148,2024-10-31,1,organic,,False,,18-24,male,Android,,False,
2149,2024-04-15,1,organic,,False,,35-44,female,iOS,,False,
2150,2024-06-30,10,referral,2098,False,,25-34,male,Android,57.82,False,
2151,2024-11-08,7,organic,,False,,35-44,female,Android,,False,
2152,2024-05-22,4,paid_search,,False,,45+,male,Android,224.38,False,
2153,2024-04-06,1,organic,,False,,25-34,male,Android,,False,
2154,2024-11-16,1,paid_search,,False,,18-24,female,Android,189.95,False,
2155,2024-10-23,1,organic,,False,,18-24,male,Android,,False,
2156,2024-07-08,4,referral,430,False,,35-44,female,iOS,63.33,False,
2157,2024-03-21,1,paid_social,,False,,18-24,male,Android,193.43,False,
2158,2024-07-18,2,referral,1005,False,,18-24,female,Android,61.98,False,
2159,2024-04-17,4,organic,,False,,45+,male,Android,,False,
2160,2024-04-22,2,organic,,False,,35-44,male,iOS,,False,
2161,2024-02-28,3,paid_social,,False,,35-44,male,Android,195.5,False,
2162,2024-10-15,3,organic,,False,,25-34,male,iOS,,False,
2163,2024-10-22,2,paid_search,,False,,25-34,other,Android,245.88,False,
2164,2024-08-20,2,paid_search,,False,,25-34,female,Android,193.8,False,
2165,2024-10-14,2,paid_search,,False,,45+,female,iOS,191.43,False,
2166,2024-10-07,3,referral,1941,False,,25-34,male,Android,60.94,False,
2167,2024-09-30,8,organic,,False,,18-24,female,iOS,,False,
2168,2024-10-03,3,paid_search,,False,,18-24,male,Android,245.34,False,
2169,2024-09-21,7,organic,,False,,25-34,male,iOS,,False,
2170,2024-12-20,7,paid_search,,False,,25-34,female,Android,239.25,False,
2171,2024-09-13,4,paid_social,,True,2024-11-28,18-24,male,Android,155.04,False,
2172,2024-08-05,4,paid_search,,False,,18-24,female,Android,227.51,False,
2173,2024-06-27,1,paid_social,,False,,35-44,female,Android,203.22,False,
2174,2024-10-12,2,organic,,False,,45+,female,Android,,False,
2175,2024-06-04,6,organic,,False,,18-24,female,Android,,False,
2176,2024-04-03,4,organic,,False,,25-34,male,Android,,False,
2177,2024-11-12,1,organic,,False,,18-24,female,Android,,False,
2178,2024-12-14,2,push_reactivation,,False,,18-24,female,Android,43.29,False,
2179,2024-06-17,5,paid_social,,False,,35-44,female,iOS,193.07,False,
2180,2024-12-05,2,paid_search,,False,,35-44,female,Android,202.15,False,
2181,2024-07-05,2,organic,,False,,35-44,male,Android,,False,
2182,2024-10-24,6,paid_social,,False,,25-34,other,iOS,160.78,False,
2183,2024-12-27,8,organic,,False,,25-34,female,Android,,False,
2184,2024-05-24,6,organic,,False,,35-44,male,Android,,False,
2185,2024-10-31,3,paid_social,,False,,25-34,female,Android,170.13,False,
2186,2024-10-27,4,organic,,False,,18-24,female,iOS,,False,
2187,2024-10-09,2,paid_social,,False,,25-34,male,Android,158.89,False,
2188,2024-12-29,3,organic,,False,,18-24,female,Android,,False,
2189,2024-11-12,1,paid_social,,False,,18-24,female,Android,153.83,False,
2190,2024-05-25,2,paid_social,,False,,25-34,female,Android,163.54,False,
2191,2024-09-19,9,referral,2152,False,,35-44,female,iOS,53.3,False,
2192,2024-10-26,2,paid_social,,False,,25-34,female,iOS,202.7,False,
2193,2024-12-12,6,organic,,False,,18-24,female,Android,,False,
2194,2024-05-11,7,paid_search,,False,,45+,female,Android,217.48,False,
2195,2024-02-01,2,organic,,True,2024-10-27,25-34,male,Android,,False,
2196,2024-05-10,2,referral,705,True,2024-07-30,25-34,male,Android,67.51,False,
2197,2024-11-01,2,organic,,False,,35-44,male,iOS,,False,
2198,2024-09-28,4,organic,,False,,25-34,male,iOS,,False,
2199,2024-08-26,1,referral,58,True,2024-12-05,25-34,male,iOS,54.92,False,
2200,2024-08-30,9,organic,,False,,25-34,male,iOS,,False,
2201,2024-09-10,2,paid_search,,False,,25-34,female,iOS,240.99,False,
2202,2024-05-15,4,organic,,False,,35-44,female,iOS,,False,
2203,2024-06-17,4,paid_search,,False,,25-34,male,Android,189.17,False,
2204,2024-05-29,2,organic,,False,,18-24,male,Android,,False,
2205,2024-07-03,3,organic,,False,,25-34,male,iOS,,False,
2206,2024-03-24,2,paid_search,,False,,18-24,female,Android,203.39,False,
2207,2024-09-19,3,paid_search,,False,,35-44,female,Android,194.4,False,
2208,2024-09-14,1,paid_search,,False,,35-44,male,Android,238.45,False,
2209,2024-08-23,5,organic,,False,,25-34,male,Android,,False,
2210,2024-06-20,2,organic,,False,,35-44,male,Android,,False,
2211,2024-09-19,1,organic,,False,,18-24,female,Android,,False,
2212,2024-03-31,2,paid_social,,False,,25-34,male,Android,193.96,False,
2213,2024-09-21,5,paid_social,,False,,35-44,female,Android,202.09,False,
2214,2024-08-11,2,paid_search,,False,,35-44,male,iOS,215.01,False,
2215,2024-07-28,2,paid_social,,False,,18-24,male,Android,170.71,False,
2216,2024-07-08,2,referral,1765,True,2024-11-17,18-24,male,Android,51.68,False,
2217,2024-04-21,3,paid_social,,False,,18-24,female,Android,193.17,False,
2218,2024-09-29,4,organic,,False,,25-34,male,Android,,False,
2219,2024-06-29,8,organic,,True,2024-11-08,25-34,male,Android,,False,
2220,2024-06-25,6,paid_social,,False,,25-34,male,Android,203.51,False,
2221,2024-12-13,2,paid_social,,False,,18-24,female,Android,158.36,False,
2222,2024-04-05,6,paid_search,,False,,35-44,female,Android,232.51,False,
2223,2024-12-30,8,paid_social,,False,,25-34,female,Android,162.26,False,
2224,2024-04-07,3,organic,,False,,35-44,male,Android,,False,
2225,2024-07-21,2,organic,,False,,25-34,male,Android,,False,
2226,2024-10-06,3,organic,,False,,25-34,male,Android,,False,
2227,2024-05-28,2,paid_search,,False,,25-34,male,iOS,203.4,False,
2228,2024-07-24,1,organic,,True,2024-08-17,25-34,male,iOS,,False,
2229,2024-08-16,3,paid_social,,False,,35-44,male,iOS,169.14,False,
2230,2024-02-11,7,paid_social,,False,,18-24,female,iOS,156.15,False,
2231,2024-10-08,2,organic,,False,,25-34,male,Android,,False,
2232,2024-11-18,7,paid_social,,False,,25-34,male,iOS,193.96,False,
2233,2024-07-19,7,organic,,False,,35-44,male,Android,,False,
2234,2024-04-18,2,organic,,False,,25-34,female,iOS,,False,
2235,2024-07-14,2,paid_search,,False,,35-44,male,iOS,250.46,False,
2236,2024-03-26,2,referral,516,False,,35-44,female,Android,57.52,False,
2237,2024-10-27,2,paid_search,,False,,35-44,female,Android,229.37,False,
2238,2024-08-21,5,paid_search,,False,,18-24,male,iOS,247.09,False,
2239,2024-12-02,2,paid_social,,False,,35-44,male,Android,159.12,False,
2240,2024-06-26,2,paid_search,,False,,25-34,female,Android,219.57,False,
2241,2024-08-11,8,organic,,False,,35-44,female,Android,,False,
2242,2024-12-07,2,paid_social,,True,2024-12-26,35-44,female,iOS,199.67,False,
2243,2024-10-14,2,paid_search,,False,,25-34,female,Android,233.7,False,
2244,2024-12-05,10,paid_social,,False,,35-44,male,iOS,162.61,False,
2245,2024-03-05,8,paid_social,,False,,35-44,male,Android,196.21,False,
2246,2024-09-20,3,paid_search,,False,,25-34,female,iOS,193.18,False,
2247,2024-11-26,2,paid_social,,False,,35-44,female,iOS,183.47,False,
2248,2024-12-03,9,organic,,False,,45+,male,Android,,False,
2249,2024-08-29,7,referral,1942,False,,18-24,male,Android,65.91,False,
2250,2024-12-05,2,organic,,False,,25-34,female,Android,,False,
2251,2024-10-25,3,referral,1835,False,,25-34,male,iOS,52.63,False,
2252,2024-07-02,2,paid_search,,False,,18-24,male,Android,196.68,False,
2253,2024-10-05,3,organic,,False,,25-34,female,Android,,False,
2254,2024-09-27,3,paid_search,,False,,25-34,female,Android,201.5,False,
2255,2024-08-07,6,referral,1877,False,,25-34,female,Android,59.29,False,
2256,2024-07-19,3,push_reactivation,,True,2024-09-17,25-34,male,iOS,44.95,False,
2257,2024-08-11,4,paid_social,,False,,18-24,female,Android,167.74,False,
2258,2024-09-16,1,paid_search,,False,,25-34,female,Android,199.22,False,
2259,2024-11-14,2,paid_social,,False,,18-24,male,iOS,183.34,False,
2260,2024-08-02,1,paid_social,,True,2024-09-08,25-34,male,iOS,204.02,False,
2261,2024-12-22,2,organic,,False,,18-24,other,iOS,,False,
2262,2024-05-24,2,paid_social,,False,,25-34,female,Android,196.11,False,
2263,2024-04-11,3,organic,,False,,25-34,male,Android,,False,
2264,2024-05-16,1,referral,934,False,,25-34,female,Android,52.95,False,
2265,2024-11-26,3,organic,,False,,18-24,male,Android,,False,
2266,2024-05-28,1,paid_social,,False,,25-34,female,Android,196.32,False,
2267,2024-02-22,3,paid_search,,False,,18-24,male,Android,201.61,False,
2268,2024-06-27,2,paid_social,,False,,18-24,male,Android,193.58,False,
2269,2024-03-31,1,paid_social,,False,,18-24,female,Android,186.73,False,
2270,2024-11-29,3,organic,,False,,35-44,male,Android,,False,
2271,2024-10-15,10,organic,,False,,25-34,female,Android,,False,
2272,2024-08-29,2,organic,,False,,25-34,male,Android,,False,
2273,2024-07-01,8,organic,,False,,18-24,female,Android,,False,
2274,2024-12-05,2,organic,,False,,18-24,female,Android,,False,
2275,2024-10-01,2,referral,1459,False,,35-44,male,iOS,56.12,False,
2276,2024-12-06,9,push_reactivation,,False,,25-34,male,iOS,43.7,False,
2277,2024-04-28,1,paid_search,,False,,18-24,female,Android,202.88,False,
2278,2024-05-17,3,organic,,False,,45+,male,Android,,False,
2279,2024-05-06,1,organic,,False,,18-24,male,Android,,False,
2280,2024-07-02,2,paid_search,,False,,25-34,female,Android,191.42,False,
2281,2024-11-13,1,paid_search,,False,,18-24,female,iOS,251.45,False,
2282,2024-05-24,4,organic,,False,,18-24,female,Android,,False,
2283,2024-10-27,5,organic,,False,,25-34,female,Android,,False,
2284,2024-04-06,8,organic,,True,2024-08-08,45+,male,Android,,False,
2285,2024-11-17,2,organic,,False,,25-34,male,iOS,,False,
2286,2024-10-05,2,organic,,False,,35-44,male,iOS,,False,
2287,2024-08-03,6,paid_social,,True,2024-12-01,18-24,female,Android,192.62,False,
2288,2024-07-05,2,organic,,False,,25-34,male,Android,,False,
2289,2024-09-19,3,organic,,False,,25-34,male,Android,,False,
2290,2024-05-31,1,organic,,False,,18-24,female,Android,,False,
2291,2024-05-22,3,push_reactivation,,False,,25-34,female,Android,40.56,False,
2292,2024-08-06,5,paid_social,,False,,25-34,female,iOS,168.13,False,
2293,2024-03-30,5,paid_social,,False,,25-34,male,iOS,153.29,False,
2294,2024-08-22,2,referral,184,False,,35-44,female,Android,66.91,False,
2295,2024-06-25,1,organic,,False,,18-24,female,Android,,False,
2296,2024-10-31,2,organic,,False,,18-24,male,iOS,,False,
2297,2024-06-16,3,organic,,False,,35-44,male,Android,,False,
2298,2024-05-28,2,organic,,False,,18-24,male,Android,,False,
2299,2024-11-28,3,paid_social,,False,,35-44,male,iOS,164.62,False,
2300,2024-06-14,4,organic,,False,,18-24,female,Android,,False,
2301,2024-12-07,1,organic,,False,,25-34,male,iOS,,False,
2302,2024-10-26,2,paid_search,,False,,18-24,male,iOS,236.37,False,
2303,2024-07-06,2,organic,,False,,18-24,male,Android,,False,
2304,2024-08-31,5,paid_social,,False,,18-24,female,iOS,200.54,False,
2305,2024-10-12,4,paid_search,,False,,25-34,male,Android,240.01,False,
2306,2024-12-20,6,referral,1120,False,,35-44,male,iOS,56.63,False,
2307,2024-07-11,2,paid_social,,False,,18-24,male,Android,178.88,False,
2308,2024-12-05,3,organic,,False,,45+,female,Android,,False,
2309,2024-07-15,4,paid_social,,False,,35-44,male,iOS,189.39,False,
2310,2024-03-07,1,paid_search,,True,2024-07-24,18-24,male,Android,189.85,False,
2311,2024-10-10,5,paid_search,,False,,25-34,female,Android,221.62,False,
2312,2024-06-26,7,organic,,False,,25-34,male,Android,,False,
2313,2024-11-21,2,organic,,False,,25-34,female,Android,,False,
2314,2024-03-08,5,paid_search,,False,,25-34,female,Android,214.32,False,
2315,2024-07-13,4,organic,,False,,45+,male,iOS,,False,
2316,2024-05-08,7,paid_search,,False,,18-24,male,Android,248.26,False,
2317,2024-09-26,1,push_reactivation,,False,,18-24,female,Android,38.5,False,
2318,2024-05-31,10,paid_search,,False,,25-34,male,Android,192.81,False,
2319,2024-10-14,1,paid_social,,False,,18-24,female,iOS,196.09,False,
2320,2024-03-30,10,paid_search,,True,2024-09-11,18-24,female,iOS,238.18,False,
2321,2024-07-19,4,paid_social,,False,,35-44,male,Android,165.29,False,
2322,2024-07-14,1,referral,2312,False,,25-34,female,Android,63.64,False,
2323,2024-10-16,4,paid_social,,False,,18-24,female,Android,199.81,False,
2324,2024-12-09,2,referral,1861,False,,35-44,female,Android,67.54,False,
2325,2024-07-17,5,organic,,False,,45+,male,iOS,,False,
2326,2024-08-31,2,organic,,False,,18-24,female,Android,,False,
2327,2024-03-19,2,organic,,False,,18-24,female,Android,,False,
2328,2024-04-02,9,organic,,True,2024-08-24,35-44,male,Android,,False,
2329,2024-09-10,1,paid_social,,True,2024-12-09,25-34,female,Android,187.73,False,
2330,2024-06-18,2,organic,,False,,18-24,female,Android,,False,
2331,2024-06-03,6,paid_social,,False,,18-24,male,Android,164.73,False,
2332,2024-02-16,5,referral,71,False,,18-24,male,Android,64.51,False,
2333,2024-12-06,1,paid_social,,False,,18-24,male,Android,169.3,False,
2334,2024-10-02,2,referral,1142,False,,25-34,male,iOS,56.85,False,
2335,2024-11-04,5,paid_search,,False,,25-34,male,Android,234.55,False,
2336,2024-08-01,3,organic,,True,2024-08-11,35-44,male,Android,,False,
2337,2024-11-11,1,referral,552,False,,35-44,female,Android,54.05,False,
2338,2024-02-17,3,referral,724,False,,25-34,female,iOS,55.06,False,
2339,2024-09-21,3,paid_search,,False,,35-44,female,iOS,229.36,False,
2340,2024-06-05,2,organic,,False,,18-24,female,Android,,False,
2341,2024-05-05,2,organic,,False,,18-24,female,iOS,,False,
2342,2024-10-08,8,paid_social,,False,,18-24,male,iOS,154.53,False,
2343,2024-06-26,1,organic,,False,,18-24,male,Android,,False,
2344,2024-11-12,8,paid_search,,False,,18-24,female,Android,236.87,False,
2345,2024-12-11,2,paid_search,,False,,25-34,male,Android,207.0,False,
2346,2024-12-25,3,organic,,True,2024-12-31,25-34,male,Android,,False,
2347,2024-09-26,2,organic,,True,2024-12-29,35-44,male,Android,,False,
2348,2024-11-29,6,organic,,False,,35-44,female,Android,,False,
2349,2024-07-04,5,referral,2175,False,,25-34,male,Android,67.66,False,
2350,2024-10-20,2,paid_search,,False,,45+,male,Android,239.71,False,
2351,2024-09-13,8,paid_social,,False,,18-24,male,Android,193.93,False,
2352,2024-10-20,3,paid_social,,True,2024-11-07,25-34,male,Android,172.2,False,
2353,2024-06-13,7,organic,,True,2024-11-19,35-44,male,Android,,False,
2354,2024-12-29,2,paid_social,,False,,18-24,male,iOS,180.58,False,
2355,2024-08-20,1,referral,840,True,2024-12-19,18-24,male,iOS,68.26,False,
2356,2024-03-15,1,push_reactivation,,False,,18-24,female,Android,40.97,False,
2357,2024-05-25,2,paid_social,,False,,25-34,male,iOS,153.69,False,
2358,2024-10-24,2,paid_search,,False,,25-34,female,Android,249.13,False,
2359,2024-10-25,2,organic,,False,,35-44,female,Android,,False,
2360,2024-12-28,6,referral,1734,False,,18-24,male,Android,65.53,False,
2361,2024-10-10,3,referral,282,False,,18-24,female,Android,56.85,False,
2362,2024-08-04,2,organic,,False,,35-44,male,Android,,False,
2363,2024-09-27,3,paid_social,,False,,35-44,female,Android,186.24,False,
2364,2024-11-15,1,organic,,False,,25-34,male,iOS,,False,
2365,2024-04-17,2,paid_search,,False,,25-34,female,Android,249.59,False,
2366,2024-03-23,3,paid_search,,False,,18-24,other,iOS,208.73,False,
2367,2024-07-13,9,organic,,False,,25-34,female,iOS,,False,
2368,2024-11-05,1,organic,,False,,45+,male,iOS,,False,
2369,2024-08-01,5,push_reactivation,,True,2024-11-13,25-34,male,Android,41.84,False,
2370,2024-12-12,2,organic,,False,,18-24,female,iOS,,False,
2371,2024-10-09,4,paid_search,,False,,35-44,male,Android,252.41,False,
2372,2024-06-22,5,paid_search,,False,,45+,male,iOS,231.72,False,
2373,2024-04-02,1,organic,,False,,25-34,female,iOS,,False,
2374,2024-11-22,2,organic,,False,,18-24,male,Android,,False,
2375,2024-07-02,1,paid_search,,False,,18-24,female,Android,249.61,False,
2376,2024-07-21,2,paid_social,,False,,18-24,female,iOS,203.92,False,
2377,2024-03-07,8,paid_search,,False,,35-44,male,iOS,201.32,False,
2378,2024-03-25,2,referral,359,False,,35-44,female,Android,62.18,False,
2379,2024-05-04,2,referral,1883,True,2024-11-30,25-34,male,iOS,59.95,False,
2380,2024-09-19,5,referral,1617,False,,25-34,male,Android,53.75,False,
2381,2024-06-01,6,organic,,True,2024-12-22,18-24,male,iOS,,False,
2382,2024-09-17,2,organic,,False,,18-24,male,iOS,,False,
2383,2024-10-26,6,referral,2143,True,2024-11-07,25-34,female,iOS,56.07,False,
2384,2024-07-12,5,paid_search,,False,,18-24,female,Android,223.89,False,
2385,2024-10-20,6,referral,524,False,,25-34,male,iOS,59.2,False,
2386,2024-03-18,6,push_reactivation,,False,,35-44,male,Android,34.4,False,
2387,2024-04-28,2,referral,1863,True,2024-11-01,25-34,male,iOS,61.42,False,
2388,2024-04-05,2,paid_social,,False,,45+,male,iOS,179.02,False,
2389,2024-08-13,1,referral,1066,False,,18-24,male,iOS,57.58,False,
2390,2024-11-12,8,organic,,False,,35-44,male,Android,,False,
2391,2024-10-26,2,organic,,False,,18-24,male,Android,,False,
2392,2024-10-23,2,push_reactivation,,False,,45+,female,iOS,36.17,False,
2393,2024-12-29,2,paid_search,,False,,25-34,female,iOS,252.95,False,
2394,2024-04-07,7,organic,,False,,35-44,male,Android,,False,
2395,2024-09-03,6,organic,,False,,25-34,male,Android,,False,
2396,2024-11-14,2,referral,641,False,,45+,female,Android,59.36,False,
2397,2024-08-12,1,push_reactivation,,False,,45+,female,iOS,42.52,False,
2398,2024-11-07,5,paid_social,,False,,25-34,male,Android,180.4,False,
2399,2024-12-19,5,organic,,False,,18-24,male,Android,,False,
2400,2024-08-07,6,paid_social,,False,,25-34,male,Android,170.29,False,
2401,2024-04-02,2,organic,,True,2024-04-25,25-34,female,iOS,,False,
2402,2024-09-07,2,organic,,True,2024-11-28,25-34,male,Android,,False,
2403,2024-12-25,5,organic,,True,2024-12-30,25-34,male,Android,,False,
2404,2024-07-30,2,push_reactivation,,False,,25-34,male,Android,42.33,False,
2405,2024-06-09,1,organic,,False,,35-44,female,iOS,,False,
2406,2024-09-06,2,paid_search,,True,2024-12-26,25-34,male,iOS,248.14,False,
2407,2024-12-15,8,paid_search,,False,,18-24,male,Android,206.53,False,
2408,2024-11-13,3,paid_search,,False,,25-34,male,iOS,206.83,False,
2409,2024-07-09,2,organic,,False,,35-44,female,Android,,False,
2410,2024-05-07,2,paid_search,,False,,18-24,other,Android,223.36,False,
2411,2024-05-26,3,organic,,False,,18-24,male,Android,,False,
2412,2024-04-10,4,paid_social,,False,,35-44,male,iOS,179.25,False,
2413,2024-12-10,1,push_reactivation,,False,,25-34,male,Android,36.17,False,
2414,2024-03-17,2,referral,2278,False,,45+,female,Android,65.48,False,
2415,2024-07-31,2,organic,,False,,35-44,female,Android,,False,
2416,2024-06-20,4,paid_search,,False,,25-34,male,Android,247.9,False,
2417,2024-04-21,1,paid_social,,False,,18-24,male,Android,196.1,False,
2418,2024-12-28,3,paid_search,,False,,25-34,male,Android,218.73,False,
2419,2024-06-25,3,organic,,False,,25-34,female,Android,,False,
2420,2024-09-07,10,push_reactivation,,False,,18-24,female,Android,37.87,False,
2421,2024-05-22,3,organic,,False,,25-34,female,Android,,False,
2422,2024-10-06,5,paid_social,,False,,25-34,female,Android,165.9,False,
2423,2024-08-09,8,push_reactivation,,False,,45+,male,iOS,44.73,False,
2424,2024-05-11,1,paid_social,,True,2024-08-02,25-34,male,iOS,206.13,False,
2425,2024-09-11,5,paid_search,,True,2024-12-14,18-24,male,Android,244.36,False,
2426,2024-03-16,6,paid_social,,False,,35-44,male,Android,196.99,False,
2427,2024-05-09,1,organic,,False,,18-24,female,iOS,,False,
2428,2024-03-21,4,paid_search,,True,2024-09-02,18-24,female,Android,250.3,False,
2429,2024-11-19,6,paid_search,,False,,18-24,female,Android,251.57,False,
2430,2024-04-15,5,organic,,False,,25-34,male,iOS,,False,
2431,2024-11-17,3,organic,,False,,35-44,female,Android,,False,
2432,2024-09-01,2,organic,,False,,25-34,male,Android,,False,
2433,2024-10-08,8,paid_social,,False,,45+,male,Android,175.99,False,
2434,2024-05-14,1,referral,295,False,,35-44,female,Android,58.85,False,
2435,2024-08-19,4,push_reactivation,,False,,35-44,female,iOS,45.48,False,
2436,2024-03-22,1,push_reactivation,,False,,25-34,male,iOS,42.44,False,
2437,2024-10-10,3,organic,,False,,18-24,male,Android,,False,
2438,2024-10-05,6,organic,,True,2024-12-27,18-24,female,iOS,,False,
2439,2024-11-10,2,referral,1862,True,2024-11-29,25-34,male,Android,56.94,False,
2440,2024-10-15,6,organic,,True,2024-12-24,25-34,male,Android,,False,
2441,2024-11-21,2,push_reactivation,,True,2024-12-29,18-24,female,Android,38.44,False,
2442,2024-07-30,2,paid_search,,False,,45+,male,Android,209.52,False,
2443,2024-12-05,2,paid_social,,True,2024-12-20,25-34,male,Android,170.17,False,
2444,2024-06-18,2,paid_social,,False,,25-34,female,iOS,187.69,False,
2445,2024-05-03,5,organic,,True,2024-05-11,45+,male,iOS,,False,
2446,2024-03-24,2,paid_social,,False,,25-34,female,Android,171.98,False,
2447,2024-11-25,2,paid_search,,False,,18-24,male,Android,218.8,False,
2448,2024-09-20,3,paid_social,,False,,18-24,female,Android,183.67,False,
2449,2024-08-26,1,organic,,False,,25-34,female,Android,,False,
2450,2024-04-28,6,paid_search,,False,,25-34,female,Android,230.78,False,
2451,2024-10-16,7,paid_social,,False,,35-44,female,Android,160.44,False,
2452,2024-10-24,2,organic,,False,,18-24,male,Android,,False,
2453,2024-11-04,1,organic,,False,,45+,male,Android,,False,
2454,2024-08-17,6,paid_search,,False,,18-24,female,Android,218.97,False,
2455,2024-11-21,1,organic,,False,,25-34,male,Android,,False,
2456,2024-06-19,3,paid_search,,False,,25-34,male,Android,235.11,False,
2457,2024-11-13,2,paid_search,,False,,18-24,female,Android,245.46,False,
2458,2024-03-08,1,organic,,False,,25-34,other,Android,,False,
2459,2024-06-17,10,paid_social,,False,,45+,male,iOS,195.24,False,
2460,2024-11-21,6,paid_social,,False,,35-44,female,Android,193.03,False,
2461,2024-05-26,10,push_reactivation,,False,,45+,male,Android,45.36,False,
2462,2024-08-17,3,organic,,False,,25-34,male,Android,,False,
2463,2024-10-26,2,paid_search,,False,,35-44,male,Android,252.07,False,
2464,2024-10-28,1,paid_social,,False,,18-24,male,Android,195.87,False,
2465,2024-06-18,2,organic,,False,,35-44,male,Android,,False,
2466,2024-09-21,6,paid_social,,False,,35-44,male,iOS,179.15,False,
2467,2024-03-09,2,paid_social,,False,,18-24,male,Android,180.62,False,
2468,2024-09-18,1,organic,,False,,35-44,male,Android,,False,
2469,2024-08-01,2,paid_search,,False,,45+,male,Android,213.39,False,
2470,2024-12-07,2,paid_search,,False,,25-34,male,Android,219.79,False,
2471,2024-05-30,1,referral,1657,False,,35-44,male,Android,64.68,False,
2472,2024-09-06,1,organic,,True,2024-10-20,35-44,male,Android,,False,
2473,2024-08-31,3,push_reactivation,,False,,25-34,female,Android,42.14,False,
2474,2024-10-05,4,referral,1412,False,,45+,male,Android,63.67,False,
2475,2024-03-23,3,paid_social,,False,,35-44,male,iOS,155.16,False,
2476,2024-12-26,6,organic,,False,,45+,female,Android,,False,
2477,2024-12-05,2,referral,1833,False,,25-34,male,Android,56.26,False,
2478,2024-05-09,3,paid_search,,False,,18-24,male,Android,233.53,False,
2479,2024-10-02,3,organic,,False,,18-24,male,iOS,,False,
2480,2024-07-19,2,organic,,True,2024-10-29,25-34,female,Android,,False,
2481,2024-12-04,6,referral,2164,False,,25-34,female,Android,65.03,False,
2482,2024-01-19,2,referral,2174,False,,18-24,male,Android,55.72,False,
2483,2024-04-30,1,organic,,True,2024-10-11,25-34,male,iOS,,False,
2484,2024-11-17,1,organic,,False,,25-34,male,Android,,False,
2485,2024-10-14,5,referral,1129,False,,18-24,female,iOS,57.43,False,
2486,2024-06-24,2,paid_search,,False,,18-24,female,Android,240.69,False,
2487,2024-05-22,2,referral,2454,True,2024-11-06,18-24,male,Android,58.86,False,
2488,2024-04-09,2,referral,820,False,,25-34,female,iOS,62.67,False,
2489,2024-04-08,4,paid_social,,False,,35-44,male,iOS,180.91,False,
2490,2024-07-22,2,organic,,False,,25-34,female,Android,,False,
2491,2024-11-14,6,push_reactivation,,False,,35-44,male,iOS,37.24,False,
2492,2024-09-21,1,organic,,False,,25-34,male,Android,,False,
2493,2024-11-11,1,paid_search,,False,,18-24,female,Android,211.96,False,
2494,2024-08-06,1,organic,,False,,25-34,male,Android,,False,
2495,2024-08-26,7,paid_social,,False,,18-24,male,Android,182.47,False,
2496,2024-10-03,4,paid_social,,False,,25-34,male,iOS,164.92,False,
2497,2024-08-08,2,paid_search,,False,,35-44,male,Android,199.76,False,
2498,2024-10-09,2,paid_social,,False,,35-44,female,iOS,174.07,False,
2499,2024-11-19,4,referral,688,False,,25-34,male,Android,62.63,False,
2500,2024-04-03,3,paid_search,,False,,18-24,male,Android,229.68,False,
2501,2024-10-15,1,referral,1557,False,,25-34,male,iOS,59.99,False,
2502,2024-12-07,2,paid_search,,True,2024-12-31,45+,other,Android,208.1,False,
2503,2024-10-18,6,paid_social,,False,,45+,other,Android,161.02,False,
2504,2024-08-26,4,paid_search,,False,,25-34,male,Android,231.56,False,
2505,2024-11-29,8,organic,,False,,25-34,female,Android,,False,
2506,2024-02-12,4,referral,504,False,,25-34,male,Android,55.37,False,
2507,2024-10-20,2,paid_social,,False,,25-34,male,Android,183.11,False,
2508,2024-08-10,2,organic,,False,,18-24,female,Android,,False,
2509,2024-02-29,4,referral,248,False,,45+,female,Android,57.51,False,
2510,2024-12-13,1,referral,159,False,,45+,female,Android,66.75,False,
2511,2024-12-30,1,referral,994,True,2025-01-04,25-34,female,Android,67.35,False,
2512,2024-11-06,7,referral,162,False,,18-24,female,iOS,55.95,False,
2513,2024-08-24,5,paid_social,,False,,35-44,male,Android,174.71,False,
2514,2024-06-26,1,referral,14,True,2024-11-01,18-24,male,Android,65.66,False,
2515,2024-11-09,8,paid_social,,False,,35-44,male,Android,155.88,False,
2516,2024-11-06,3,organic,,False,,35-44,female,Android,,False,
2517,2024-04-05,3,paid_search,,False,,25-34,male,Android,218.37,False,
2518,2024-12-18,2,referral,1469,False,,25-34,male,Android,59.36,False,
2519,2024-03-08,3,organic,,False,,18-24,male,Android,,False,
2520,2024-06-21,2,paid_social,,False,,35-44,male,iOS,167.1,False,
2521,2024-04-29,6,organic,,False,,18-24,male,iOS,,False,
2522,2024-11-13,1,push_reactivation,,False,,18-24,male,Android,45.22,False,
2523,2024-11-29,1,organic,,False,,25-34,female,Android,,False,
2524,2024-10-27,2,paid_social,,False,,35-44,female,Android,173.14,False,
2525,2024-06-14,2,organic,,True,2024-08-07,18-24,male,Android,,False,
2526,2024-11-19,3,referral,499,False,,45+,male,Android,64.02,False,
2527,2024-04-28,2,paid_search,,False,,25-34,female,Android,193.75,False,
2528,2024-11-11,3,paid_social,,False,,35-44,female,Android,198.96,False,
2529,2024-12-26,5,paid_search,,False,,25-34,male,Android,242.82,False,
2530,2024-12-02,4,paid_search,,False,,25-34,male,Android,251.74,False,
2531,2024-08-21,1,paid_search,,False,,25-34,male,iOS,198.44,False,
2532,2024-09-25,10,referral,114,False,,18-24,male,iOS,57.94,False,
2533,2024-12-24,2,paid_search,,False,,18-24,male,iOS,192.74,False,
2534,2024-12-09,1,paid_search,,False,,18-24,male,Android,241.45,False,
2535,2024-08-25,8,organic,,False,,25-34,female,Android,,False,
2536,2024-07-02,1,referral,1307,False,,18-24,female,iOS,63.32,False,
2537,2024-05-19,6,paid_social,,False,,18-24,female,Android,185.13,False,
2538,2024-05-15,7,paid_search,,False,,18-24,male,Android,218.06,False,
2539,2024-12-25,2,referral,1015,True,2024-12-31,25-34,female,Android,65.96,False,
2540,2024-10-01,8,organic,,True,2024-12-11,35-44,male,Android,,False,
2541,2024-12-11,10,organic,,False,,35-44,female,Android,,False,
2542,2024-09-15,1,paid_social,,False,,45+,male,Android,171.9,False,
2543,2024-10-30,3,paid_social,,False,,18-24,female,iOS,195.94,False,
2544,2024-03-29,2,paid_search,,True,2024-04-19,18-24,female,Android,212.43,False,
2545,2024-08-23,2,organic,,False,,45+,male,Android,,False,
2546,2024-12-27,3,organic,,False,,25-34,female,Android,,False,
2547,2024-06-24,5,organic,,True,2024-10-01,18-24,other,Android,,False,
2548,2024-02-04,5,organic,,False,,25-34,male,iOS,,False,
2549,2024-11-21,2,organic,,False,,25-34,male,iOS,,False,
2550,2024-12-06,10,paid_social,,False,,25-34,female,Android,179.36,False,
2551,2024-12-13,1,referral,47,False,,35-44,male,Android,52.74,False,
2552,2024-11-29,2,push_reactivation,,False,,35-44,other,Android,37.37,False,
2553,2024-08-29,5,paid_search,,False,,25-34,male,iOS,187.21,False,
2554,2024-03-12,2,paid_search,,False,,25-34,male,iOS,205.69,False,
2555,2024-11-10,4,organic,,False,,25-34,other,Android,,False,
2556,2024-12-19,2,organic,,False,,25-34,male,iOS,,False,
2557,2024-05-03,5,paid_search,,False,,45+,female,Android,193.82,False,
2558,2024-09-23,7,organic,,False,,18-24,male,Android,,False,
2559,2024-10-20,9,paid_search,,False,,18-24,male,iOS,241.85,False,
2560,2024-03-21,1,referral,1975,False,,25-34,male,iOS,57.61,False,
2561,2024-12-24,1,paid_social,,False,,25-34,male,Android,195.99,False,
2562,2024-10-21,1,organic,,False,,35-44,male,Android,,False,
2563,2024-10-26,2,paid_social,,False,,25-34,female,iOS,166.94,False,
2564,2024-11-29,7,organic,,False,,25-34,female,Android,,False,
2565,2024-09-12,3,paid_social,,False,,18-24,male,Android,170.63,False,
2566,2024-09-01,2,organic,,False,,18-24,female,Android,,False,
2567,2024-06-05,1,paid_social,,False,,18-24,female,Android,201.96,False,
2568,2024-05-23,8,paid_search,,True,2024-08-06,35-44,female,iOS,246.08,False,
2569,2024-08-30,5,paid_search,,False,,25-34,female,Android,200.22,False,
2570,2024-08-09,4,paid_search,,False,,18-24,female,Android,207.61,False,
2571,2024-07-30,4,paid_social,,False,,18-24,female,iOS,203.8,False,
2572,2024-11-01,6,paid_social,,False,,25-34,male,Android,156.77,False,
2573,2024-05-31,2,referral,1048,False,,35-44,male,Android,53.02,False,
2574,2024-04-22,9,paid_social,,False,,35-44,other,Android,196.93,False,
2575,2024-10-20,7,paid_social,,False,,25-34,female,Android,179.65,False,
2576,2024-07-02,6,organic,,False,,35-44,female,Android,,False,
2577,2024-06-19,2,paid_search,,True,2024-12-07,25-34,male,Android,236.01,False,
2578,2024-04-14,4,referral,2407,False,,25-34,male,Android,68.04,False,
2579,2024-12-15,4,push_reactivation,,False,,18-24,female,Android,34.07,False,
2580,2024-07-16,2,paid_social,,False,,45+,male,Android,186.89,False,
2581,2024-12-18,2,paid_social,,False,,18-24,male,Android,174.53,False,
2582,2024-09-03,3,paid_social,,False,,25-34,female,iOS,200.47,False,
2583,2024-12-14,7,referral,1872,False,,45+,male,iOS,54.57,False,
2584,2024-10-26,1,organic,,False,,45+,male,Android,,False,
2585,2024-12-26,3,organic,,False,,25-34,female,Android,,False,
2586,2024-03-08,2,organic,,False,,25-34,male,iOS,,False,
2587,2024-02-11,2,paid_search,,False,,25-34,male,Android,247.83,False,
2588,2024-07-21,3,organic,,False,,18-24,male,Android,,False,
2589,2024-08-15,2,organic,,True,2024-10-23,25-34,male,Android,,False,
2590,2024-09-29,2,push_reactivation,,False,,25-34,female,iOS,41.02,False,
2591,2024-02-23,2,organic,,True,2024-05-21,35-44,male,iOS,,False,
2592,2024-02-05,6,referral,1773,False,,25-34,female,Android,55.96,False,
2593,2024-08-05,9,referral,1527,False,,35-44,male,iOS,67.66,False,
2594,2024-08-24,6,paid_search,,False,,18-24,female,Android,239.99,False,
2595,2024-09-26,1,push_reactivation,,False,,25-34,male,Android,40.54,False,
2596,2024-12-09,2,organic,,False,,35-44,male,iOS,,False,
2597,2024-11-06,1,paid_social,,False,,25-34,male,Android,166.24,False,
2598,2024-12-15,3,referral,2211,False,,18-24,male,Android,64.25,False,
2599,2024-08-10,2,organic,,False,,18-24,male,Android,,False,
2600,2024-10-05,2,organic,,True,2024-11-12,45+,male,Android,,False,
2601,2024-09-20,3,organic,,False,,18-24,male,Android,,False,
2602,2024-06-19,2,paid_search,,False,,18-24,female,Android,219.69,False,
2603,2024-06-03,2,referral,2496,False,,25-34,male,Android,63.64,False,
2604,2024-09-16,9,organic,,False,,18-24,female,Android,,False,
2605,2024-06-15,5,paid_search,,False,,25-34,male,iOS,235.53,False,
2606,2024-06-07,6,push_reactivation,,False,,25-34,male,Android,36.78,False,
2607,2024-11-10,2,organic,,False,,18-24,female,Android,,False,
2608,2024-08-20,2,referral,2457,False,,25-34,female,Android,64.38,False,
2609,2024-03-15,8,organic,,False,,45+,male,Android,,False,
2610,2024-06-08,2,paid_social,,False,,35-44,female,Android,193.48,False,
2611,2024-08-31,1,organic,,False,,35-44,male,Android,,False,
2612,2024-08-15,2,push_reactivation,,False,,25-34,female,Android,35.32,False,
2613,2024-06-04,8,paid_search,,False,,18-24,female,Android,193.02,False,
2614,2024-09-28,2,organic,,False,,18-24,male,iOS,,False,
2615,2024-08-17,2,paid_social,,False,,35-44,male,iOS,186.57,False,
2616,2024-12-03,9,paid_social,,False,,35-44,male,Android,172.75,False,
2617,2024-04-25,2,paid_search,,False,,25-34,female,iOS,234.15,False,
2618,2024-05-09,8,organic,,False,,25-34,male,Android,,False,
2619,2024-11-10,1,paid_social,,False,,18-24,male,Android,161.66,False,
2620,2024-04-08,1,organic,,False,,35-44,male,Android,,False,
2621,2024-03-29,2,paid_search,,False,,25-34,male,Android,245.05,False,
2622,2024-08-28,1,organic,,False,,25-34,male,Android,,False,
2623,2024-11-14,2,paid_social,,False,,18-24,female,Android,181.6,False,
2624,2024-05-16,3,push_reactivation,,False,,18-24,other,iOS,38.85,False,
2625,2024-03-15,6,paid_social,,False,,25-34,male,Android,160.96,False,
2626,2024-12-11,2,organic,,True,2024-12-30,45+,male,Android,,False,
2627,2024-09-10,3,organic,,False,,18-24,male,Android,,False,
2628,2024-11-25,2,organic,,False,,25-34,male,Android,,False,
2629,2024-06-08,2,referral,1025,False,,45+,male,iOS,57.29,False,
2630,2024-05-20,2,organic,,True,2024-08-17,25-34,female,Android,,False,
2631,2024-08-02,1,paid_search,,False,,25-34,female,Android,250.24,False,
2632,2024-12-08,2,push_reactivation,,False,,18-24,female,iOS,41.98,False,
2633,2024-11-02,4,paid_search,,False,,18-24,male,Android,220.22,False,
2634,2024-07-07,4,paid_social,,True,2024-11-29,35-44,male,iOS,196.1,False,
2635,2024-05-19,1,referral,12,False,,18-24,male,Android,61.65,False,
2636,2024-05-19,2,organic,,False,,18-24,male,Android,,False,
2637,2024-08-17,2,paid_social,,False,,25-34,male,Android,188.89,False,
2638,2024-10-24,6,organic,,False,,25-34,female,Android,,False,
2639,2024-12-15,3,paid_social,,False,,25-34,male,Android,176.06,False,
2640,2024-06-05,1,paid_search,,True,2024-08-19,45+,female,Android,205.44,False,
2641,2024-12-12,3,paid_social,,False,,25-34,female,iOS,195.93,False,
2642,2024-05-19,3,organic,,False,,25-34,male,Android,,False,
2643,2024-11-25,1,referral,1483,False,,45+,male,Android,68.16,False,
2644,2024-10-15,6,paid_social,,False,,25-34,female,Android,183.39,False,
2645,2024-10-21,5,organic,,False,,25-34,male,iOS,,False,
2646,2024-12-28,5,paid_social,,False,,35-44,male,iOS,174.68,False,
2647,2024-12-28,2,organic,,False,,25-34,male,Android,,False,
2648,2024-10-27,1,organic,,False,,25-34,female,iOS,,False,
2649,2024-10-31,2,paid_social,,False,,25-34,female,Android,174.74,False,
2650,2024-08-01,5,paid_search,,False,,18-24,male,Android,211.05,False,
2651,2024-08-31,2,paid_search,,False,,25-34,male,Android,214.93,False,
2652,2024-06-17,3,paid_social,,False,,25-34,male,iOS,202.03,False,
2653,2024-06-15,1,paid_social,,True,2024-06-23,25-34,male,iOS,169.21,False,
2654,2024-06-13,6,push_reactivation,,False,,25-34,male,iOS,39.91,False,
2655,2024-04-12,2,paid_search,,False,,18-24,female,Android,190.03,False,
2656,2024-12-17,4,paid_social,,False,,25-34,female,Android,155.2,False,
2657,2024-10-31,4,organic,,False,,18-24,female,Android,,False,
2658,2024-11-11,4,paid_search,,False,,25-34,female,Android,244.86,False,
2659,2024-10-01,2,organic,,False,,25-34,female,Android,,False,
2660,2024-07-31,1,paid_search,,False,,18-24,male,Android,223.07,False,
2661,2024-07-29,1,referral,2556,False,,18-24,female,iOS,53.68,False,
2662,2024-02-04,4,paid_social,,False,,18-24,male,iOS,179.61,False,
2663,2024-09-06,1,referral,235,False,,18-24,male,Android,57.55,False,
2664,2024-08-20,2,referral,1155,False,,35-44,male,iOS,55.12,False,
2665,2024-10-06,1,organic,,False,,35-44,female,Android,,False,
2666,2024-09-09,2,paid_search,,False,,18-24,female,iOS,226.52,False,
2667,2024-12-11,10,paid_search,,False,,18-24,male,Android,209.39,False,
2668,2024-12-14,2,organic,,False,,25-34,male,Android,,False,
2669,2024-01-11,1,paid_social,,False,,35-44,female,Android,178.88,False,
2670,2024-04-22,2,paid_social,,False,,18-24,female,iOS,205.01,False,
2671,2024-04-26,8,paid_search,,False,,25-34,female,Android,215.36,False,
2672,2024-11-08,1,organic,,False,,25-34,female,iOS,,False,
2673,2024-11-04,1,referral,439,False,,25-34,male,Android,55.57,False,
2674,2024-07-27,2,paid_social,,False,,45+,female,Android,171.88,False,
2675,2024-12-22,7,paid_social,,False,,25-34,female,Android,173.92,False,
2676,2024-07-31,2,organic,,False,,18-24,male,Android,,False,
2677,2024-10-08,2,paid_social,,False,,18-24,male,Android,194.45,False,
2678,2024-10-27,4,paid_search,,False,,18-24,female,iOS,209.53,False,
2679,2024-11-03,4,organic,,False,,45+,male,Android,,False,
2680,2024-12-17,4,paid_search,,False,,45+,male,iOS,227.18,False,
2681,2024-08-08,3,paid_search,,False,,25-34,male,iOS,247.44,False,
2682,2024-10-01,10,organic,,False,,45+,female,Android,,False,
2683,2024-12-25,2,paid_search,,False,,25-34,female,iOS,193.88,False,
2684,2024-10-08,5,organic,,True,2024-12-20,25-34,female,Android,,False,
2685,2024-05-22,2,referral,1177,True,2024-07-26,18-24,female,Android,56.11,False,
2686,2024-11-29,3,organic,,False,,35-44,other,Android,,False,
2687,2024-11-30,5,paid_search,,False,,18-24,male,iOS,247.16,False,
2688,2024-11-30,5,paid_social,,True,2024-12-29,45+,male,Android,156.22,False,
2689,2024-09-09,6,paid_search,,False,,25-34,female,iOS,241.94,False,
2690,2024-09-22,1,organic,,False,,25-34,male,iOS,,False,
2691,2024-05-30,6,paid_search,,True,2024-10-08,25-34,female,iOS,215.06,False,
2692,2024-09-09,2,organic,,False,,25-34,male,iOS,,False,
2693,2024-04-12,8,organic,,False,,25-34,male,iOS,,False,
2694,2024-06-12,2,push_reactivation,,False,,18-24,male,Android,34.23,False,
2695,2024-11-30,3,paid_search,,True,2024-12-28,25-34,female,iOS,236.15,False,
2696,2024-05-09,2,paid_social,,False,,35-44,female,Android,203.01,False,
2697,2024-07-25,6,paid_social,,False,,25-34,male,iOS,196.69,False,
2698,2024-12-06,3,referral,435,False,,45+,male,Android,68.29,False,
2699,2024-12-05,2,paid_social,,False,,25-34,male,Android,173.04,False,
2700,2024-08-01,4,organic,,False,,25-34,female,Android,,False,
2701,2024-07-24,1,referral,1578,False,,18-24,female,Android,53.83,False,
2702,2024-08-13,1,paid_social,,False,,45+,female,Android,198.02,False,
2703,2024-05-31,4,organic,,False,,18-24,male,Android,,False,
2704,2024-10-19,1,organic,,False,,18-24,male,Android,,False,
2705,2024-06-26,4,organic,,False,,25-34,female,Android,,False,
2706,2024-05-11,7,paid_social,,False,,25-34,other,Android,205.16,False,
2707,2024-07-02,1,referral,114,False,,18-24,female,Android,59.93,False,
2708,2024-11-16,2,paid_search,,False,,35-44,male,Android,243.05,False,
2709,2024-07-10,4,paid_social,,False,,35-44,female,Android,169.34,False,
2710,2024-11-11,2,referral,2384,False,,18-24,male,iOS,68.8,False,
2711,2024-10-25,6,paid_search,,False,,35-44,female,iOS,239.35,False,
2712,2024-07-23,7,organic,,True,2024-12-10,25-34,female,iOS,,False,
2713,2024-07-31,4,organic,,False,,35-44,female,Android,,False,
2714,2024-07-17,2,paid_social,,False,,45+,male,Android,182.07,False,
2715,2024-07-27,2,organic,,False,,18-24,male,iOS,,False,
2716,2024-04-03,5,paid_search,,False,,18-24,male,Android,207.23,False,
2717,2024-11-23,1,paid_search,,True,2024-11-29,35-44,male,Android,191.06,False,
2718,2024-12-06,1,paid_search,,False,,25-34,male,Android,231.24,False,
2719,2024-11-10,8,organic,,False,,25-34,female,Android,,False,
2720,2024-07-16,3,organic,,False,,18-24,male,iOS,,False,
2721,2024-11-02,1,referral,2014,False,,25-34,male,Android,63.49,False,
2722,2024-08-11,9,organic,,False,,25-34,male,iOS,,False,
2723,2024-10-22,8,paid_social,,False,,18-24,male,Android,203.0,False,
2724,2024-05-21,6,paid_search,,False,,25-34,male,iOS,207.08,False,
2725,2024-10-19,2,paid_search,,False,,25-34,female,Android,226.99,False,
2726,2024-08-10,6,organic,,False,,18-24,other,Android,,False,
2727,2024-07-24,3,organic,,False,,25-34,female,Android,,False,
2728,2024-06-13,2,organic,,False,,45+,male,iOS,,False,
2729,2024-08-17,1,paid_social,,True,2024-09-11,35-44,male,Android,197.49,False,
2730,2024-12-10,2,organic,,False,,45+,male,Android,,False,
2731,2024-11-18,7,organic,,False,,18-24,male,Android,,False,
2732,2024-11-02,6,referral,1283,False,,25-34,male,Android,61.96,False,
2733,2024-07-04,2,paid_social,,True,2024-09-24,18-24,female,Android,164.21,False,
2734,2024-01-18,4,paid_search,,False,,25-34,male,Android,226.59,False,
2735,2024-07-31,3,paid_social,,False,,18-24,female,Android,168.0,False,
2736,2024-12-25,2,organic,,False,,25-34,female,iOS,,False,
2737,2024-08-25,7,paid_social,,False,,25-34,female,Android,193.22,False,
2738,2024-10-10,8,referral,503,False,,25-34,female,Android,53.11,False,
2739,2024-08-13,3,organic,,True,2024-11-20,18-24,male,Android,,False,
2740,2024-04-12,1,referral,652,True,2024-08-04,18-24,male,iOS,61.9,False,
2741,2024-09-04,10,organic,,False,,25-34,male,iOS,,False,
2742,2024-08-06,2,organic,,False,,25-34,male,iOS,,False,
2743,2024-12-09,2,organic,,True,2024-12-24,25-34,female,Android,,False,
2744,2024-06-15,6,push_reactivation,,False,,35-44,male,Android,37.69,False,
2745,2024-05-25,1,paid_search,,False,,25-34,male,iOS,210.17,False,
2746,2024-08-11,2,referral,1926,True,2024-12-25,18-24,female,Android,58.64,False,
2747,2024-08-15,5,organic,,False,,35-44,female,iOS,,False,
2748,2024-01-31,5,organic,,False,,18-24,female,iOS,,False,
2749,2024-04-03,7,paid_search,,False,,25-34,female,Android,188.97,False,
2750,2024-12-17,2,paid_search,,False,,25-34,female,Android,221.28,False,
2751,2024-09-22,2,paid_search,,False,,45+,male,Android,227.33,False,
2752,2024-12-30,4,organic,,True,2025-01-04,25-34,female,Android,,False,
2753,2024-08-25,5,organic,,False,,25-34,male,iOS,,False,
2754,2024-10-04,3,paid_search,,False,,35-44,male,iOS,246.79,False,
2755,2024-09-03,5,organic,,False,,25-34,male,iOS,,False,
2756,2024-08-24,1,organic,,True,2024-09-04,35-44,male,Android,,False,
2757,2024-11-06,9,paid_search,,False,,18-24,female,Android,220.74,False,
2758,2024-10-26,2,organic,,False,,25-34,male,Android,,False,
2759,2024-11-14,2,organic,,False,,18-24,female,Android,,False,
2760,2024-06-22,3,paid_search,,False,,25-34,female,Android,187.76,False,
2761,2024-10-06,2,paid_search,,False,,35-44,female,Android,223.64,False,
2762,2024-10-12,5,referral,2110,False,,25-34,female,Android,64.53,False,
2763,2024-08-31,9,push_reactivation,,False,,35-44,female,iOS,36.75,False,
2764,2024-10-09,1,organic,,False,,18-24,female,Android,,False,
2765,2024-09-10,2,paid_social,,False,,25-34,male,iOS,160.25,False,
2766,2024-12-10,2,organic,,False,,25-34,male,Android,,False,
2767,2024-11-17,5,referral,1180,False,,35-44,female,Android,55.29,False,
2768,2024-11-19,7,referral,703,False,,25-34,female,Android,53.26,False,
2769,2024-07-08,10,organic,,False,,35-44,female,Android,,False,
2770,2024-05-30,2,organic,,False,,25-34,female,Android,,False,
2771,2024-01-18,6,referral,2402,False,,18-24,female,Android,61.82,False,
2772,2024-11-06,2,referral,1713,False,,25-34,male,Android,58.49,False,
2773,2024-03-24,1,paid_search,,False,,35-44,male,iOS,209.12,False,
2774,2024-08-05,4,organic,,True,2024-11-06,18-24,male,Android,,False,
2775,2024-06-29,2,paid_social,,True,2024-07-11,18-24,male,Android,165.58,False,
2776,2024-04-25,6,paid_social,,False,,18-24,female,Android,202.8,False,
2777,2024-02-28,4,paid_search,,False,,45+,female,Android,234.21,False,
2778,2024-08-01,4,paid_search,,False,,18-24,female,Android,223.49,False,
2779,2024-11-18,2,organic,,False,,18-24,female,Android,,False,
2780,2024-07-07,1,paid_social,,False,,35-44,male,iOS,165.07,False,
2781,2024-10-24,1,organic,,False,,35-44,female,iOS,,False,
2782,2024-09-20,4,push_reactivation,,True,2024-12-10,18-24,female,Android,36.15,False,
2783,2024-07-07,2,paid_search,,False,,25-34,female,iOS,196.37,False,
2784,2024-05-31,2,paid_search,,False,,18-24,male,Android,227.23,False,
2785,2024-09-19,2,organic,,False,,25-34,male,Android,,False,
2786,2024-06-23,2,paid_search,,False,,45+,female,Android,226.55,False,
2787,2024-10-06,4,push_reactivation,,False,,18-24,female,Android,34.28,False,
2788,2024-12-17,2,referral,1708,False,,45+,male,Android,51.31,False,
2789,2024-10-26,1,paid_social,,False,,25-34,female,Android,155.57,False,
2790,2024-08-25,3,paid_search,,False,,25-34,male,Android,205.38,False,
2791,2024-10-20,2,paid_search,,False,,25-34,male,Android,204.75,False,
2792,2024-12-06,5,paid_search,,False,,18-24,male,Android,219.58,False,
2793,2024-12-06,1,paid_social,,False,,18-24,female,iOS,161.5,False,
2794,2024-11-21,1,paid_search,,False,,35-44,male,Android,193.31,False,
2795,2024-10-12,5,paid_search,,False,,45+,female,Android,194.29,False,
2796,2024-05-27,1,referral,1602,True,2024-10-29,35-44,male,Android,56.79,False,
2797,2024-12-19,2,paid_social,,False,,25-34,male,Android,202.24,False,
2798,2024-07-09,2,paid_search,,True,2024-12-18,25-34,male,Android,247.71,False,
2799,2024-06-11,1,organic,,False,,18-24,female,Android,,False,
2800,2024-08-07,8,paid_social,,False,,25-34,female,Android,164.41,False,
2801,2024-08-08,2,organic,,False,,25-34,male,Android,,False,
2802,2024-06-16,5,organic,,False,,25-34,female,Android,,False,
2803,2024-03-05,3,organic,,True,2024-04-08,25-34,male,iOS,,False,
2804,2024-11-28,3,paid_social,,False,,45+,male,iOS,202.73,False,
2805,2024-05-10,10,paid_social,,False,,18-24,male,Android,203.51,False,
2806,2024-07-15,1,paid_social,,False,,18-24,female,Android,182.29,False,
2807,2024-11-04,2,paid_search,,False,,25-34,female,Android,246.61,False,
2808,2024-03-30,3,referral,1534,False,,25-34,female,Android,65.4,False,
2809,2024-05-16,7,paid_social,,False,,25-34,male,iOS,184.75,False,
2810,2024-11-13,1,paid_search,,False,,35-44,male,Android,221.72,False,
2811,2024-03-03,1,paid_social,,False,,25-34,male,Android,190.04,False,
2812,2024-08-12,7,paid_search,,False,,18-24,male,Android,246.27,False,
2813,2024-10-06,2,referral,1619,False,,25-34,female,Android,65.15,False,
2814,2024-11-16,1,referral,2132,False,,35-44,female,Android,53.52,False,
2815,2024-04-22,3,referral,1885,True,2024-11-19,18-24,female,Android,52.93,False,
2816,2024-03-20,1,paid_social,,True,2024-07-15,25-34,male,Android,155.92,False,
2817,2024-10-01,3,paid_social,,False,,35-44,female,Android,184.7,False,
2818,2024-10-18,2,paid_search,,False,,35-44,male,iOS,191.35,False,
2819,2024-08-03,3,referral,2772,False,,25-34,female,Android,67.18,False,
2820,2024-06-22,3,paid_search,,False,,18-24,male,Android,213.28,False,
2821,2024-09-05,8,organic,,False,,45+,female,iOS,,False,
2822,2024-04-19,2,paid_social,,True,2024-12-25,45+,male,iOS,189.75,False,
2823,2024-05-16,9,organic,,True,2024-08-26,45+,female,iOS,,False,
2824,2024-07-18,7,paid_search,,False,,35-44,female,Android,225.41,False,
2825,2024-04-11,2,paid_search,,False,,25-34,male,Android,204.22,False,
2826,2024-09-18,4,paid_social,,False,,18-24,male,iOS,197.75,False,
2827,2024-12-06,2,paid_social,,True,2024-12-28,35-44,male,Android,202.92,False,
2828,2024-10-18,1,organic,,False,,18-24,female,Android,,False,
2829,2024-08-24,1,push_reactivation,,False,,25-34,male,Android,43.11,False,
2830,2024-04-24,6,organic,,True,2024-10-13,25-34,male,Android,,False,
2831,2024-12-01,1,organic,,False,,25-34,female,Android,,False,
2832,2024-01-01,9,paid_search,,True,2024-10-26,25-34,male,Android,218.38,False,
2833,2024-09-06,2,referral,2547,False,,35-44,male,Android,65.58,False,
2834,2024-10-10,2,referral,455,False,,45+,male,Android,51.21,False,
2835,2024-11-08,5,paid_search,,True,2024-11-29,25-34,male,Android,225.67,False,
2836,2024-09-22,3,referral,1389,False,,25-34,male,Android,54.41,False,
2837,2024-05-28,5,paid_search,,False,,25-34,female,Android,217.66,False,
2838,2024-03-28,9,organic,,True,2024-09-05,25-34,female,Android,,False,
2839,2024-11-21,3,push_reactivation,,False,,18-24,female,iOS,41.84,False,
2840,2024-09-15,2,organic,,False,,25-34,male,iOS,,False,
2841,2024-09-19,4,organic,,False,,25-34,male,Android,,False,
2842,2024-09-28,6,referral,1145,False,,25-34,male,Android,51.0,False,
2843,2024-07-02,1,paid_social,,False,,45+,male,Android,196.84,False,
2844,2024-09-11,2,paid_search,,False,,25-34,female,iOS,245.63,False,
2845,2024-12-30,9,organic,,True,2025-01-04,25-34,female,Android,,False,
2846,2024-07-21,7,paid_social,,False,,18-24,female,Android,164.48,False,
2847,2024-09-25,2,paid_social,,False,,35-44,male,Android,169.01,False,
2848,2024-10-24,4,organic,,False,,25-34,male,Android,,False,
2849,2024-06-16,2,organic,,False,,25-34,female,Android,,False,
2850,2024-04-11,2,referral,1897,False,,18-24,male,Android,60.56,False,
2851,2024-10-05,1,paid_social,,True,2024-12-18,25-34,male,Android,158.32,False,
2852,2024-06-24,3,organic,,False,,45+,male,Android,,False,
2853,2024-11-23,6,organic,,False,,18-24,female,Android,,False,
2854,2024-11-24,5,referral,2135,False,,35-44,female,iOS,60.56,False,
2855,2024-03-02,1,referral,1418,False,,18-24,female,Android,63.67,False,
2856,2024-12-03,2,referral,2673,False,,18-24,male,iOS,66.34,False,
2857,2024-04-18,1,referral,2427,False,,25-34,female,Android,68.78,False,
2858,2024-08-28,2,paid_social,,False,,18-24,female,Android,195.27,False,
2859,2024-11-25,1,paid_social,,False,,35-44,female,Android,198.7,False,
2860,2024-06-29,2,paid_search,,False,,18-24,female,Android,202.25,False,
2861,2024-09-24,2,paid_social,,False,,35-44,female,iOS,163.99,False,
2862,2024-11-11,1,referral,2602,False,,25-34,male,iOS,61.14,False,
2863,2024-12-17,8,paid_social,,False,,35-44,male,iOS,160.41,False,
2864,2024-09-06,2,organic,,False,,25-34,female,Android,,False,
2865,2024-11-19,1,organic,,False,,35-44,male,iOS,,False,
2866,2024-08-28,6,paid_social,,False,,25-34,female,Android,202.11,False,
2867,2024-06-01,9,organic,,False,,25-34,male,Android,,False,
2868,2024-02-29,2,paid_social,,True,2024-12-30,35-44,female,iOS,193.39,False,
2869,2024-12-20,3,organic,,False,,18-24,male,Android,,False,
2870,2024-10-24,5,paid_search,,False,,25-34,male,Android,233.56,False,
2871,2024-09-06,5,referral,2774,False,,18-24,female,Android,52.96,False,
2872,2024-05-19,2,organic,,False,,25-34,female,Android,,False,
2873,2024-09-01,1,paid_social,,False,,18-24,female,iOS,188.06,False,
2874,2024-08-10,2,paid_social,,True,2024-11-22,18-24,female,Android,154.57,False,
2875,2024-05-12,4,organic,,True,2024-10-03,25-34,female,Android,,False,
2876,2024-08-16,2,paid_search,,False,,35-44,female,Android,206.11,False,
2877,2024-06-17,2,organic,,True,2024-09-08,35-44,female,Android,,False,
2878,2024-04-30,3,organic,,False,,25-34,male,iOS,,False,
2879,2024-10-26,5,paid_search,,False,,45+,male,Android,243.95,False,
2880,2024-05-03,4,referral,861,True,2024-10-07,35-44,female,Android,63.26,False,
2881,2024-04-28,2,paid_social,,False,,25-34,male,Android,161.6,False,
2882,2024-09-20,5,paid_social,,True,2024-12-14,45+,male,Android,205.03,False,
2883,2024-12-30,2,referral,2047,False,,25-34,female,Android,62.6,False,
2884,2024-11-13,1,paid_search,,False,,25-34,male,Android,243.61,False,
2885,2024-11-30,2,referral,607,False,,18-24,female,iOS,58.83,False,
2886,2024-05-30,1,organic,,False,,18-24,other,Android,,False,
2887,2024-05-31,2,organic,,False,,25-34,female,iOS,,False,
2888,2024-09-28,6,organic,,True,2024-12-30,18-24,female,iOS,,False,
2889,2024-10-03,2,referral,801,False,,25-34,male,Android,68.11,False,
2890,2024-07-26,3,paid_search,,False,,18-24,female,Android,229.12,False,
2891,2024-10-30,1,organic,,False,,25-34,male,Android,,False,
2892,2024-06-30,7,organic,,True,2024-12-07,25-34,male,Android,,False,
2893,2024-10-22,10,paid_social,,False,,25-34,female,iOS,157.81,False,
2894,2024-11-07,4,paid_social,,False,,35-44,male,Android,182.43,False,
2895,2024-11-30,4,paid_search,,False,,25-34,male,Android,195.23,False,
2896,2024-08-21,9,organic,,False,,35-44,female,iOS,,False,
2897,2024-12-11,1,push_reactivation,,False,,35-44,female,Android,39.9,False,
2898,2024-12-25,10,organic,,False,,25-34,male,iOS,,False,
2899,2024-11-06,2,referral,1394,False,,18-24,male,Android,62.06,False,
2900,2024-07-08,6,paid_social,,False,,18-24,male,iOS,160.06,False,
2901,2024-12-29,3,paid_search,,False,,18-24,female,iOS,190.59,False,
2902,2024-07-23,8,paid_search,,False,,18-24,female,Android,233.75,False,
2903,2024-03-16,1,organic,,False,,18-24,female,Android,,False,
2904,2024-06-26,1,paid_social,,False,,18-24,male,iOS,194.96,False,
2905,2024-10-20,8,paid_social,,False,,35-44,male,iOS,166.26,False,
2906,2024-11-29,2,organic,,False,,25-34,female,Android,,False,
2907,2024-12-09,2,paid_social,,False,,25-34,female,Android,196.37,False,
2908,2024-03-08,1,paid_search,,False,,45+,male,Android,202.0,False,
2909,2024-12-26,1,paid_search,,False,,25-34,male,Android,221.67,False,
2910,2024-07-07,5,organic,,False,,35-44,male,Android,,False,
2911,2024-01-20,10,organic,,False,,25-34,male,iOS,,False,
2912,2024-02-11,5,paid_social,,False,,18-24,female,Android,196.45,False,
2913,2024-10-15,2,organic,,False,,25-34,female,iOS,,False,
2914,2024-11-28,10,paid_search,,True,2024-12-13,18-24,female,iOS,206.12,False,
2915,2024-09-15,2,organic,,False,,25-34,male,Android,,False,
2916,2024-03-22,9,referral,1837,False,,18-24,male,Android,52.09,False,
2917,2024-01-29,2,paid_search,,True,2024-08-12,18-24,female,Android,240.08,False,
2918,2024-08-19,2,organic,,False,,45+,male,iOS,,False,
2919,2024-11-30,1,push_reactivation,,False,,25-34,female,Android,43.19,False,
2920,2024-11-01,5,referral,2856,False,,18-24,male,Android,52.08,False,
2921,2024-06-17,6,organic,,False,,18-24,male,Android,,False,
2922,2024-08-13,8,organic,,False,,25-34,male,Android,,False,
2923,2024-11-28,2,paid_social,,False,,25-34,male,iOS,166.44,False,
2924,2024-12-30,7,paid_social,,False,,45+,female,Android,156.67,False,
2925,2024-05-14,10,organic,,False,,25-34,male,Android,,False,
2926,2024-06-17,1,paid_search,,False,,35-44,female,Android,214.04,False,
2927,2024-11-20,2,organic,,True,2024-11-26,35-44,female,Android,,False,
2928,2024-11-10,6,referral,407,False,,18-24,female,iOS,68.61,False,
2929,2024-10-23,1,paid_search,,False,,18-24,male,Android,211.5,False,
2930,2024-04-29,2,organic,,False,,35-44,male,Android,,False,
2931,2024-01-13,2,paid_social,,False,,45+,male,Android,168.19,False,
2932,2024-10-23,6,organic,,False,,18-24,male,iOS,,False,
2933,2024-08-23,1,paid_social,,False,,45+,male,iOS,164.3,False,
2934,2024-02-24,6,organic,,False,,45+,male,iOS,,False,
2935,2024-05-04,2,referral,335,False,,18-24,male,iOS,61.56,False,
2936,2024-09-17,2,organic,,False,,18-24,male,Android,,False,
2937,2024-04-18,3,paid_social,,False,,35-44,male,iOS,187.53,False,
2938,2024-06-19,2,referral,2596,True,2024-07-03,25-34,male,Android,51.09,False,
2939,2024-10-05,2,organic,,False,,25-34,female,iOS,,False,
2940,2024-07-06,6,paid_search,,True,2024-08-09,18-24,male,Android,210.38,False,
2941,2024-11-21,2,paid_search,,False,,25-34,female,Android,250.47,False,
2942,2024-07-24,6,organic,,False,,25-34,male,Android,,False,
2943,2024-10-30,1,referral,245,False,,45+,female,Android,54.94,False,
2944,2024-10-06,1,push_reactivation,,False,,25-34,female,Android,38.08,False,
2945,2024-05-21,3,organic,,False,,25-34,male,Android,,False,
2946,2024-11-04,2,organic,,False,,18-24,female,Android,,False,
2947,2024-10-06,6,organic,,False,,35-44,female,iOS,,False,
2948,2024-09-15,2,paid_social,,False,,35-44,male,Android,199.35,False,
2949,2024-11-10,1,organic,,False,,18-24,male,Android,,False,
2950,2024-01-24,6,organic,,False,,18-24,male,Android,,False,
2951,2024-11-26,1,referral,1892,False,,18-24,male,Android,56.33,False,
2952,2024-12-09,5,referral,1087,False,,25-34,female,Android,59.62,False,
2953,2024-11-26,4,organic,,False,,18-24,female,Android,,False,
2954,2024-09-09,3,referral,1058,False,,18-24,female,Android,62.13,False,
2955,2024-10-15,2,organic,,False,,25-34,female,Android,,False,
2956,2024-03-26,2,referral,2404,False,,25-34,female,iOS,54.49,False,
2957,2024-12-14,7,organic,,True,2024-12-26,35-44,male,Android,,False,
2958,2024-12-26,1,organic,,False,,35-44,female,iOS,,False,
2959,2024-10-04,4,organic,,False,,35-44,female,Android,,False,
2960,2024-08-29,7,organic,,False,,45+,female,Android,,False,
2961,2024-12-21,5,paid_social,,False,,35-44,female,Android,198.9,False,
2962,2024-11-27,3,paid_social,,False,,18-24,female,iOS,198.86,False,
2963,2024-12-09,3,organic,,True,2024-12-18,35-44,female,iOS,,False,
2964,2024-08-25,2,paid_search,,False,,25-34,male,Android,201.12,False,
2965,2024-11-11,6,organic,,True,2024-12-09,35-44,female,Android,,False,
2966,2024-04-23,2,referral,2379,False,,18-24,male,Android,53.1,False,
2967,2024-03-31,1,organic,,False,,18-24,male,Android,,False,
2968,2024-11-03,4,paid_search,,False,,35-44,female,Android,218.16,False,
2969,2024-03-08,1,organic,,False,,25-34,female,Android,,False,
2970,2024-09-09,2,push_reactivation,,False,,45+,male,Android,41.43,False,
2971,2024-08-08,10,organic,,False,,18-24,female,Android,,False,
2972,2024-12-15,2,organic,,False,,18-24,female,iOS,,False,
2973,2024-09-24,2,organic,,False,,25-34,female,Android,,False,
2974,2024-12-23,3,push_reactivation,,False,,18-24,female,iOS,40.25,False,
2975,2024-08-09,1,organic,,False,,25-34,other,Android,,False,
2976,2024-04-11,1,organic,,True,2024-10-01,25-34,male,Android,,False,
2977,2024-12-09,2,paid_search,,False,,45+,female,iOS,224.9,False,
2978,2024-03-16,3,organic,,True,2024-09-23,35-44,female,Android,,False,
2979,2024-12-25,6,push_reactivation,,False,,25-34,male,Android,36.7,False,
2980,2024-05-27,2,paid_search,,False,,35-44,male,Android,242.34,False,
2981,2024-10-23,5,organic,,False,,25-34,male,Android,,False,
2982,2024-10-18,1,paid_social,,False,,35-44,female,Android,187.66,False,
2983,2024-08-09,1,paid_social,,False,,18-24,female,iOS,155.75,False,
2984,2024-09-05,6,paid_search,,False,,35-44,other,Android,231.27,False,
2985,2024-06-05,2,paid_social,,False,,25-34,female,Android,175.42,False,
2986,2024-08-11,1,paid_search,,False,,18-24,male,Android,210.94,False,
2987,2024-07-29,5,referral,2730,False,,35-44,male,Android,62.01,False,
2988,2024-11-28,1,organic,,False,,18-24,female,Android,,False,
2989,2024-05-09,2,paid_social,,False,,35-44,male,Android,193.52,False,
2990,2024-07-16,4,organic,,False,,35-44,male,iOS,,False,
2991,2024-04-05,1,paid_social,,False,,18-24,male,Android,185.74,False,
2992,2024-06-23,10,referral,590,True,2024-08-19,18-24,female,iOS,65.77,False,
2993,2024-10-13,3,push_reactivation,,True,2024-12-20,18-24,male,Android,43.86,False,
2994,2024-10-01,9,paid_social,,False,,18-24,male,iOS,189.57,False,
2995,2024-07-12,4,organic,,True,2024-12-24,18-24,female,Android,,False,
2996,2024-03-12,2,referral,1568,False,,18-24,other,Android,62.43,False,
2997,2024-12-24,2,organic,,False,,25-34,female,iOS,,False,
2998,2024-08-24,2,organic,,False,,18-24,female,Android,,False,
2999,2024-04-11,3,paid_social,,False,,25-34,female,Android,157.17,False,
3000,2024-09-16,2,paid_social,,False,,18-24,female,Android,190.12,False,
3001,2024-07-14,4,paid_social,,False,,25-34,male,Android,190.01,False,
3002,2024-04-26,2,paid_search,,False,,25-34,female,iOS,209.08,False,
3003,2024-06-03,2,paid_social,,True,2024-12-29,25-34,female,iOS,155.2,False,
3004,2024-06-10,7,referral,1670,True,2024-10-25,25-34,male,Android,55.04,False,
3005,2024-01-18,1,paid_social,,True,2024-02-10,35-44,female,Android,197.15,False,
3006,2024-02-29,10,paid_search,,False,,35-44,female,iOS,218.51,False,
3007,2024-11-22,2,organic,,False,,25-34,female,Android,,False,
3008,2024-03-04,6,paid_social,,False,,35-44,male,Android,193.87,False,
3009,2024-09-15,3,paid_social,,False,,25-34,male,Android,189.73,False,
3010,2024-12-11,2,referral,2316,False,,35-44,male,iOS,65.46,False,
3011,2024-12-04,3,paid_search,,False,,18-24,male,Android,194.69,False,
3012,2024-08-24,2,organic,,False,,25-34,female,Android,,False,
3013,2024-10-23,2,paid_social,,False,,35-44,male,Android,156.71,False,
3014,2024-12-11,6,paid_search,,False,,45+,female,Android,227.82,False,
3015,2024-10-05,2,paid_search,,True,2024-12-05,35-44,male,iOS,232.55,False,
3016,2024-10-27,9,paid_search,,True,2024-12-26,35-44,male,iOS,249.25,False,
3017,2024-12-03,2,paid_search,,False,,18-24,male,Android,238.43,False,
3018,2024-11-22,5,referral,1782,False,,25-34,male,iOS,62.03,False,
3019,2024-11-30,4,paid_social,,False,,18-24,female,iOS,196.66,False,
3020,2024-03-03,4,organic,,False,,18-24,male,Android,,False,
3021,2024-12-13,4,organic,,False,,18-24,male,iOS,,False,
3022,2024-08-12,6,organic,,False,,35-44,male,Android,,False,
3023,2024-11-26,7,referral,1247,True,2024-12-13,18-24,male,iOS,68.02,False,
3024,2024-10-24,1,organic,,False,,35-44,male,Android,,False,
3025,2024-05-12,4,organic,,False,,18-24,male,Android,,False,
3026,2024-03-06,1,referral,863,False,,35-44,female,Android,57.01,False,
3027,2024-11-20,2,referral,2584,True,2024-12-23,18-24,male,Android,57.82,False,
3028,2024-12-14,2,push_reactivation,,False,,35-44,male,iOS,35.72,False,
3029,2024-10-25,1,paid_social,,False,,45+,male,Android,164.31,False,
3030,2024-06-13,8,paid_social,,False,,25-34,female,Android,173.63,False,
3031,2024-09-04,6,organic,,False,,35-44,female,Android,,False,
3032,2024-12-10,4,paid_search,,False,,35-44,female,Android,194.4,False,
3033,2024-05-28,2,paid_social,,True,2024-06-24,25-34,male,Android,166.59,False,
3034,2024-03-09,4,paid_social,,False,,18-24,female,iOS,195.8,False,
3035,2024-09-27,2,push_reactivation,,True,2024-11-28,35-44,male,Android,36.95,False,
3036,2024-03-05,1,organic,,True,2024-12-14,45+,male,iOS,,False,
3037,2024-02-04,3,organic,,False,,18-24,male,iOS,,False,
3038,2024-04-12,3,organic,,False,,25-34,female,Android,,False,
3039,2024-05-27,3,paid_social,,False,,35-44,female,Android,189.46,False,
3040,2024-08-16,2,referral,588,True,2024-09-14,35-44,male,iOS,64.17,False,
3041,2024-12-21,2,organic,,False,,25-34,male,iOS,,False,
3042,2024-04-22,1,referral,1388,False,,18-24,female,Android,67.97,False,
3043,2024-09-08,2,organic,,False,,18-24,male,Android,,False,
3044,2024-12-12,6,paid_social,,False,,25-34,male,Android,191.24,False,
3045,2024-08-16,3,paid_search,,False,,35-44,female,Android,203.42,False,
3046,2024-12-15,2,referral,2963,False,,18-24,female,Android,60.15,False,
3047,2024-11-15,1,paid_search,,True,2024-12-20,35-44,female,iOS,227.74,False,
3048,2024-07-24,2,paid_social,,False,,25-34,male,iOS,199.58,False,
3049,2024-11-11,1,paid_social,,False,,25-34,male,Android,182.5,False,
3050,2024-11-26,2,paid_social,,False,,18-24,male,Android,197.0,False,
3051,2024-10-20,2,paid_search,,False,,35-44,female,Android,237.36,False,
3052,2024-10-25,1,paid_social,,False,,35-44,male,iOS,156.82,False,
3053,2024-03-03,8,referral,1711,False,,45+,female,iOS,68.43,False,
3054,2024-12-20,1,referral,1324,False,,25-34,male,Android,59.91,False,
3055,2024-07-22,4,paid_search,,False,,18-24,female,Android,249.4,False,
3056,2024-05-08,6,paid_social,,False,,18-24,female,iOS,172.59,False,
3057,2024-10-30,1,organic,,False,,45+,male,Android,,False,
3058,2024-12-26,5,paid_search,,False,,25-34,female,Android,236.26,False,
3059,2024-05-15,2,organic,,False,,18-24,female,Android,,False,
3060,2024-04-27,2,push_reactivation,,False,,45+,male,Android,45.58,False,
3061,2024-05-20,5,paid_social,,False,,18-24,male,iOS,195.72,False,
3062,2024-09-22,10,organic,,False,,25-34,male,Android,,False,
3063,2024-08-30,6,paid_social,,True,2024-10-09,18-24,male,iOS,180.87,False,
3064,2024-11-13,2,organic,,False,,25-34,male,Android,,False,
3065,2024-12-30,3,organic,,False,,25-34,female,Android,,False,
3066,2024-10-05,5,organic,,False,,25-34,male,iOS,,False,
3067,2024-11-22,6,paid_social,,False,,18-24,female,Android,206.49,False,
3068,2024-10-09,1,paid_search,,True,2024-11-14,35-44,male,Android,219.47,False,
3069,2024-06-27,1,referral,1381,False,,18-24,male,Android,52.55,False,
3070,2024-04-06,1,referral,508,True,2024-08-16,25-34,male,Android,53.84,False,
3071,2024-08-08,8,paid_social,,False,,25-34,female,iOS,182.41,False,
3072,2024-08-23,3,paid_search,,False,,45+,male,iOS,223.21,False,
3073,2024-08-28,2,referral,2683,False,,18-24,female,Android,59.1,False,
3074,2024-12-02,9,organic,,False,,25-34,male,Android,,False,
3075,2024-12-16,4,paid_search,,False,,25-34,female,Android,219.68,False,
3076,2024-09-07,8,organic,,True,2024-12-29,35-44,female,Android,,False,
3077,2024-09-07,1,organic,,False,,18-24,female,Android,,False,
3078,2024-04-04,8,organic,,False,,35-44,other,Android,,False,
3079,2024-09-07,3,paid_search,,False,,35-44,male,Android,191.21,False,
3080,2024-05-19,2,paid_social,,False,,25-34,male,iOS,203.83,False,
3081,2024-07-04,1,organic,,False,,25-34,male,Android,,False,
3082,2024-06-05,2,paid_search,,False,,45+,male,Android,242.9,False,
3083,2024-10-21,1,organic,,False,,18-24,male,Android,,False,
3084,2024-12-11,1,referral,1518,False,,25-34,female,Android,61.75,False,
3085,2024-11-10,2,organic,,False,,45+,male,Android,,False,
3086,2024-09-03,7,paid_search,,False,,35-44,female,Android,197.74,False,
3087,2024-07-28,4,paid_social,,False,,45+,female,Android,203.49,False,
3088,2024-09-28,8,referral,2947,False,,18-24,female,Android,66.11,False,
3089,2024-12-01,2,paid_social,,False,,35-44,male,Android,178.63,False,
3090,2024-11-07,2,push_reactivation,,False,,25-34,male,Android,34.14,False,
3091,2024-09-09,3,referral,2275,False,,45+,male,iOS,58.49,False,
3092,2024-06-21,6,paid_search,,False,,25-34,female,Android,241.36,False,
3093,2024-11-08,4,organic,,False,,45+,male,Android,,False,
3094,2024-04-23,2,push_reactivation,,False,,25-34,female,Android,35.92,False,
3095,2024-12-27,6,organic,,False,,25-34,male,iOS,,False,
3096,2024-09-12,1,organic,,True,2024-12-29,18-24,female,Android,,False,
3097,2024-12-10,1,organic,,False,,35-44,male,Android,,False,
3098,2024-11-16,4,organic,,False,,35-44,female,iOS,,False,
3099,2024-12-06,7,paid_social,,False,,35-44,female,Android,195.1,False,
3100,2024-12-29,1,paid_social,,False,,18-24,male,iOS,186.44,False,
3101,2024-07-27,3,referral,2614,False,,35-44,male,Android,61.21,False,
3102,2024-10-24,5,organic,,False,,25-34,male,iOS,,False,
3103,2024-12-15,4,referral,2110,False,,25-34,female,Android,54.62,False,
3104,2024-05-07,3,referral,314,True,2024-11-17,25-34,other,iOS,67.33,False,
3105,2024-12-13,3,referral,1439,False,,18-24,female,Android,66.79,False,
3106,2024-08-24,8,organic,,False,,35-44,male,iOS,,False,
3107,2024-07-19,7,organic,,True,2024-09-13,25-34,male,Android,,False,
3108,2024-11-14,8,paid_social,,False,,25-34,male,Android,201.24,False,
3109,2024-10-10,2,paid_social,,False,,25-34,male,Android,189.99,False,
3110,2024-07-22,7,paid_search,,False,,25-34,male,Android,232.03,False,
3111,2024-05-19,2,organic,,True,2024-12-15,35-44,male,Android,,False,
3112,2024-04-14,4,organic,,True,2024-07-10,18-24,male,iOS,,False,
3113,2024-07-08,2,organic,,False,,18-24,female,Android,,False,
3114,2024-12-07,2,paid_search,,False,,25-34,male,iOS,234.06,False,
3115,2024-02-13,3,referral,2570,False,,25-34,male,Android,56.82,False,
3116,2024-09-24,1,organic,,True,2024-12-30,25-34,female,Android,,False,
3117,2024-09-30,2,referral,1239,False,,25-34,male,iOS,51.27,False,
3118,2024-06-02,2,organic,,False,,35-44,male,Android,,False,
3119,2024-01-16,4,referral,1555,False,,25-34,male,iOS,59.37,False,
3120,2024-02-21,3,organic,,False,,25-34,male,Android,,False,
3121,2024-07-22,6,referral,1227,False,,25-34,male,Android,67.33,False,
3122,2024-11-13,2,paid_search,,False,,25-34,female,Android,240.56,False,
3123,2024-12-25,2,paid_social,,False,,25-34,female,iOS,167.13,False,
3124,2024-12-03,2,paid_social,,False,,18-24,male,iOS,180.93,False,
3125,2024-12-12,3,push_reactivation,,False,,45+,male,Android,34.75,False,
3126,2024-07-10,1,paid_search,,False,,25-34,male,iOS,221.19,False,
3127,2024-09-30,1,referral,1940,False,,18-24,female,Android,58.88,False,
3128,2024-08-27,2,paid_social,,False,,18-24,female,Android,206.35,False,
3129,2024-11-13,1,push_reactivation,,False,,25-34,male,Android,42.93,False,
3130,2024-11-02,3,organic,,False,,18-24,male,iOS,,False,
3131,2024-04-24,5,paid_search,,False,,45+,female,iOS,211.59,False,
3132,2024-06-12,2,paid_social,,False,,35-44,female,Android,192.57,False,
3133,2024-06-22,2,paid_search,,False,,25-34,female,iOS,223.55,False,
3134,2024-06-12,1,paid_search,,False,,35-44,male,Android,206.8,False,
3135,2024-10-13,8,push_reactivation,,False,,25-34,male,iOS,35.57,False,
3136,2024-09-13,2,paid_search,,False,,35-44,male,iOS,236.09,False,
3137,2024-10-08,3,organic,,False,,35-44,male,Android,,False,
3138,2024-09-09,1,paid_social,,False,,35-44,female,Android,200.3,False,
3139,2024-09-09,3,organic,,False,,25-34,male,iOS,,False,
3140,2024-09-29,9,organic,,False,,35-44,male,Android,,False,
3141,2024-03-29,2,paid_search,,False,,25-34,male,iOS,216.66,False,
3142,2024-01-29,2,organic,,True,2024-11-14,25-34,female,Android,,False,
3143,2024-11-27,1,paid_search,,False,,25-34,male,iOS,192.06,False,
3144,2024-08-29,1,paid_social,,False,,35-44,female,Android,192.15,False,
3145,2024-09-09,1,organic,,False,,25-34,female,iOS,,False,
3146,2024-09-08,2,referral,1439,True,2024-09-25,25-34,female,Android,61.3,False,
3147,2024-04-04,10,paid_social,,False,,35-44,male,iOS,163.58,False,
3148,2024-08-14,1,paid_social,,True,2024-12-25,25-34,male,Android,169.17,False,
3149,2024-09-13,1,organic,,False,,25-34,male,iOS,,False,
3150,2024-01-26,2,organic,,False,,25-34,female,iOS,,False,
3151,2024-11-03,2,paid_social,,True,2024-11-27,25-34,male,Android,176.16,False,
3152,2024-11-04,3,paid_social,,False,,18-24,female,Android,161.08,False,
3153,2024-12-19,7,paid_search,,False,,18-24,male,Android,213.81,False,
3154,2024-09-28,6,organic,,False,,45+,female,Android,,False,
3155,2024-09-05,2,organic,,False,,45+,other,Android,,False,
3156,2024-05-23,5,paid_social,,True,2024-11-23,18-24,male,Android,177.08,False,
3157,2024-11-25,1,paid_search,,False,,35-44,male,iOS,222.4,False,
3158,2024-02-29,3,paid_search,,False,,18-24,female,Android,196.16,False,
3159,2024-02-03,1,paid_search,,False,,25-34,female,iOS,193.7,False,
3160,2024-08-18,2,paid_search,,False,,25-34,male,Android,247.5,False,
3161,2024-08-16,1,organic,,False,,25-34,female,Android,,False,
3162,2024-01-08,1,paid_search,,False,,25-34,male,Android,222.79,False,
3163,2024-10-21,1,organic,,False,,18-24,male,Android,,False,
3164,2024-10-02,2,referral,1445,False,,35-44,male,Android,55.15,False,
3165,2024-06-19,1,organic,,False,,35-44,male,Android,,False,
3166,2024-06-14,4,organic,,False,,18-24,male,Android,,False,
3167,2024-08-01,2,paid_social,,False,,25-34,male,iOS,181.09,False,
3168,2024-03-13,4,paid_social,,False,,25-34,female,iOS,163.46,False,
3169,2024-08-26,4,organic,,False,,18-24,male,iOS,,False,
3170,2024-07-30,3,paid_social,,True,2024-10-05,18-24,male,Android,159.46,False,
3171,2024-07-21,1,organic,,False,,25-34,male,iOS,,False,
3172,2024-06-30,1,paid_search,,False,,45+,female,Android,205.67,False,
3173,2024-07-28,2,paid_search,,False,,25-34,female,Android,192.68,False,
3174,2024-08-25,5,push_reactivation,,False,,18-24,female,Android,35.4,False,
3175,2024-06-13,2,paid_social,,False,,18-24,male,Android,200.49,False,
3176,2024-10-16,3,paid_social,,False,,25-34,male,Android,166.11,False,
3177,2024-09-08,2,push_reactivation,,False,,35-44,male,iOS,41.11,False,
3178,2024-07-05,4,paid_search,,False,,18-24,female,iOS,245.01,False,
3179,2024-07-08,4,paid_social,,False,,35-44,male,Android,187.56,False,
3180,2024-05-12,5,paid_social,,False,,35-44,male,Android,195.73,False,
3181,2024-11-01,8,organic,,False,,45+,female,iOS,,False,
3182,2024-08-31,1,paid_social,,False,,35-44,male,iOS,197.28,False,
3183,2024-09-09,2,paid_search,,False,,45+,male,Android,219.55,False,
3184,2024-03-27,1,paid_social,,False,,18-24,male,iOS,186.0,False,
3185,2024-10-20,2,organic,,True,2024-12-31,18-24,female,iOS,,False,
3186,2024-10-05,1,referral,2770,False,,25-34,male,iOS,66.46,False,
3187,2024-09-13,5,paid_social,,False,,25-34,female,iOS,196.72,False,
3188,2024-04-29,2,paid_social,,False,,25-34,male,Android,201.9,False,
3189,2024-07-21,3,organic,,False,,35-44,female,Android,,False,
3190,2024-06-29,2,paid_search,,False,,25-34,male,Android,197.79,False,
3191,2024-06-30,7,paid_search,,False,,25-34,male,Android,190.73,False,
3192,2024-02-01,8,organic,,False,,45+,male,Android,,False,
3193,2024-12-27,1,paid_search,,False,,35-44,female,Android,237.83,False,
3194,2024-11-12,3,paid_social,,False,,25-34,male,iOS,204.48,False,
3195,2024-07-03,1,paid_social,,False,,45+,male,iOS,157.68,False,
3196,2024-11-29,1,organic,,False,,25-34,female,Android,,False,
3197,2024-04-20,4,organic,,False,,18-24,female,Android,,False,
3198,2024-11-10,7,referral,2069,False,,25-34,female,Android,66.58,False,
3199,2024-04-17,2,organic,,False,,25-34,female,iOS,,False,
3200,2024-10-27,7,push_reactivation,,False,,18-24,female,Android,42.34,False,
3201,2024-12-14,5,organic,,False,,35-44,female,iOS,,False,
3202,2024-04-01,7,paid_social,,False,,18-24,female,Android,187.9,False,
3203,2024-11-02,1,organic,,False,,18-24,female,iOS,,False,
3204,2024-06-10,3,organic,,False,,25-34,female,Android,,False,
3205,2024-05-08,2,paid_search,,False,,45+,female,Android,198.0,False,
3206,2024-06-03,6,referral,2179,False,,25-34,male,Android,57.07,False,
3207,2024-10-19,8,paid_search,,False,,25-34,female,iOS,211.39,False,
3208,2024-12-03,2,push_reactivation,,False,,18-24,female,Android,40.35,False,
3209,2024-11-07,2,paid_search,,False,,35-44,female,Android,205.83,False,
3210,2024-12-28,2,paid_search,,False,,35-44,female,Android,230.11,False,
3211,2024-12-30,2,organic,,False,,25-34,male,Android,,False,
3212,2024-07-08,2,paid_social,,True,2024-08-13,25-34,male,Android,156.06,False,
3213,2024-05-17,8,organic,,False,,25-34,male,Android,,False,
3214,2024-04-08,3,referral,3211,True,2024-10-20,18-24,female,Android,68.45,False,
3215,2024-04-15,8,referral,499,False,,35-44,male,Android,62.14,False,
3216,2024-10-31,2,referral,716,False,,25-34,female,Android,61.8,False,
3217,2024-07-30,2,paid_search,,False,,18-24,male,iOS,204.11,False,
3218,2024-10-03,1,organic,,False,,35-44,other,Android,,False,
3219,2024-03-24,6,paid_social,,True,2024-07-07,25-34,male,Android,179.46,False,
3220,2024-02-12,2,paid_social,,False,,25-34,male,Android,178.68,False,
3221,2024-12-05,2,paid_social,,False,,25-34,male,iOS,174.49,False,
3222,2024-09-23,2,paid_search,,False,,18-24,male,Android,218.06,False,
3223,2024-05-13,3,paid_social,,True,2024-12-01,25-34,female,Android,168.3,False,
3224,2024-11-09,6,organic,,True,2024-12-25,45+,male,Android,,False,
3225,2024-11-27,3,paid_social,,False,,18-24,female,Android,159.32,False,
3226,2024-06-26,5,organic,,True,2024-12-20,35-44,female,Android,,False,
3227,2024-11-08,4,organic,,False,,25-34,male,Android,,False,
3228,2024-11-26,9,organic,,False,,35-44,female,Android,,False,
3229,2024-05-06,2,paid_search,,False,,18-24,male,Android,197.11,False,
3230,2024-11-21,3,paid_social,,False,,25-34,male,Android,205.42,False,
3231,2024-09-19,2,referral,217,False,,25-34,male,Android,54.68,False,
3232,2024-04-22,2,organic,,False,,35-44,male,Android,,False,
3233,2024-08-26,2,organic,,False,,25-34,female,Android,,False,
3234,2024-12-24,3,paid_search,,False,,25-34,male,Android,235.3,False,
3235,2024-11-18,10,paid_search,,False,,18-24,male,Android,219.24,False,
3236,2024-08-05,2,organic,,False,,25-34,male,Android,,False,
3237,2024-06-04,4,referral,1550,True,2024-10-05,35-44,female,Android,66.33,False,
3238,2024-07-14,3,paid_search,,False,,25-34,male,Android,218.68,False,
3239,2024-12-08,1,paid_social,,False,,18-24,male,iOS,168.38,False,
3240,2024-12-20,6,referral,73,False,,35-44,female,Android,58.34,False,
3241,2024-12-01,3,referral,3168,True,2024-12-27,18-24,female,Android,51.58,False,
3242,2024-10-25,1,organic,,False,,25-34,female,Android,,False,
3243,2024-11-12,3,referral,737,False,,25-34,female,Android,60.37,False,
3244,2024-10-10,8,paid_search,,False,,25-34,female,Android,246.35,False,
3245,2024-12-17,9,organic,,True,2024-12-26,25-34,male,Android,,False,
3246,2024-12-26,3,paid_social,,False,,25-34,male,Android,206.56,False,
3247,2024-03-09,2,organic,,False,,35-44,male,Android,,False,
3248,2024-08-12,8,paid_social,,False,,35-44,male,Android,194.88,False,
3249,2024-11-22,5,paid_search,,False,,35-44,other,Android,222.84,False,
3250,2024-05-03,3,paid_search,,False,,25-34,female,iOS,233.89,False,
3251,2024-11-10,1,organic,,False,,35-44,male,Android,,False,
3252,2024-09-10,1,organic,,False,,18-24,female,Android,,False,
3253,2024-08-30,1,paid_search,,False,,18-24,other,Android,200.35,False,
3254,2024-09-12,3,organic,,False,,18-24,male,Android,,False,
3255,2024-01-21,2,referral,13,True,2024-10-15,45+,female,Android,59.16,False,
3256,2024-08-10,5,paid_social,,False,,25-34,female,iOS,183.78,False,
3257,2024-12-28,1,paid_social,,False,,35-44,male,Android,189.64,False,
3258,2024-05-30,1,organic,,False,,35-44,male,Android,,False,
3259,2024-06-05,1,paid_search,,False,,25-34,female,Android,247.57,False,
3260,2024-12-01,4,paid_social,,False,,18-24,female,iOS,164.32,False,
3261,2024-06-27,1,paid_social,,False,,25-34,female,Android,196.16,False,
3262,2024-12-09,2,referral,1002,False,,35-44,female,Android,53.75,False,
3263,2024-10-31,1,paid_search,,False,,35-44,female,Android,209.91,False,
3264,2024-12-03,2,organic,,False,,25-34,male,iOS,,False,
3265,2024-11-09,6,organic,,False,,45+,female,Android,,False,
3266,2024-05-13,2,paid_search,,False,,25-34,male,Android,247.31,False,
3267,2024-10-06,6,organic,,False,,25-34,male,iOS,,False,
3268,2024-04-19,6,organic,,False,,25-34,male,iOS,,False,
3269,2024-06-09,1,organic,,False,,45+,male,Android,,False,
3270,2024-07-15,4,organic,,False,,25-34,male,Android,,False,
3271,2024-11-05,1,organic,,False,,35-44,male,Android,,False,
3272,2024-01-27,1,paid_social,,False,,25-34,male,Android,185.4,False,
3273,2024-11-21,2,push_reactivation,,False,,35-44,male,Android,40.49,False,
3274,2024-12-17,2,organic,,False,,25-34,female,Android,,False,
3275,2024-05-03,3,referral,661,False,,18-24,male,Android,55.36,False,
3276,2024-05-20,7,referral,1267,False,,18-24,male,Android,55.13,False,
3277,2024-07-09,8,organic,,False,,35-44,male,Android,,False,
3278,2024-02-10,2,organic,,False,,25-34,female,iOS,,False,
3279,2024-03-20,2,organic,,True,2024-11-11,25-34,male,Android,,False,
3280,2024-04-11,1,referral,3261,False,,25-34,male,Android,51.35,False,
3281,2024-09-02,7,paid_social,,False,,25-34,male,Android,179.26,False,
3282,2024-09-30,3,referral,2186,False,,35-44,male,Android,67.94,False,
3283,2024-10-04,6,organic,,False,,25-34,male,Android,,False,
3284,2024-11-13,2,paid_social,,True,2024-11-24,45+,female,Android,154.44,False,
3285,2024-05-12,2,paid_social,,False,,25-34,female,Android,169.5,False,
3286,2024-12-01,2,paid_social,,False,,25-34,female,Android,175.54,False,
3287,2024-12-15,4,paid_social,,False,,18-24,female,Android,170.53,False,
3288,2024-07-08,6,organic,,False,,45+,female,Android,,False,
3289,2024-08-15,1,organic,,False,,18-24,female,iOS,,False,
3290,2024-10-24,2,paid_search,,False,,25-34,male,iOS,209.4,False,
3291,2024-08-21,7,paid_search,,False,,18-24,male,Android,244.97,False,
3292,2024-10-19,3,referral,186,False,,35-44,female,iOS,63.98,False,
3293,2024-11-18,2,referral,664,False,,25-34,male,Android,53.22,False,
3294,2024-07-07,2,organic,,False,,35-44,female,iOS,,False,
3295,2024-11-20,5,paid_social,,False,,18-24,female,iOS,195.46,False,
3296,2024-04-08,4,paid_search,,False,,25-34,male,iOS,192.13,False,
3297,2024-09-02,4,organic,,False,,35-44,male,iOS,,False,
3298,2024-02-23,4,organic,,False,,18-24,male,iOS,,False,
3299,2024-11-21,9,paid_social,,False,,35-44,male,Android,184.14,False,
3300,2024-05-15,10,organic,,False,,25-34,female,iOS,,False,
3301,2024-08-05,4,paid_social,,False,,18-24,female,Android,161.28,False,
3302,2024-11-04,2,organic,,False,,35-44,female,Android,,False,
3303,2024-12-11,3,organic,,False,,18-24,male,iOS,,False,
3304,2024-11-24,2,paid_search,,False,,25-34,male,Android,206.73,False,
3305,2024-06-02,4,organic,,False,,18-24,female,Android,,False,
3306,2024-10-22,6,organic,,False,,25-34,female,iOS,,False,
3307,2024-07-15,3,paid_search,,False,,18-24,male,Android,227.41,False,
3308,2024-11-16,2,organic,,False,,25-34,female,Android,,False,
3309,2024-10-29,5,organic,,False,,18-24,male,Android,,False,
3310,2024-05-29,4,referral,52,False,,18-24,male,Android,63.22,False,
3311,2024-12-09,2,referral,1257,True,2024-12-19,35-44,female,Android,53.49,False,
3312,2024-09-04,5,organic,,False,,25-34,female,Android,,False,
3313,2024-11-09,2,organic,,False,,18-24,female,Android,,False,
3314,2024-10-12,6,paid_search,,False,,25-34,male,Android,212.49,False,
3315,2024-02-26,6,organic,,False,,18-24,male,Android,,False,
3316,2024-02-08,7,paid_search,,False,,35-44,female,Android,236.99,False,
3317,2024-06-30,1,referral,2543,False,,18-24,male,Android,53.51,False,
3318,2024-04-29,3,organic,,False,,18-24,male,Android,,False,
3319,2024-12-16,10,referral,3164,False,,25-34,female,Android,61.36,False,
3320,2024-11-30,1,referral,151,True,2024-12-27,18-24,male,iOS,55.77,False,
3321,2024-11-05,1,paid_search,,False,,35-44,male,Android,230.81,False,
3322,2024-07-31,3,organic,,False,,18-24,male,Android,,False,
3323,2024-12-12,5,organic,,False,,18-24,other,iOS,,False,
3324,2024-12-10,2,paid_social,,False,,25-34,female,Android,187.27,False,
3325,2024-02-20,2,paid_search,,False,,18-24,male,Android,194.26,False,
3326,2024-08-26,8,paid_search,,False,,25-34,female,Android,244.79,False,
3327,2024-04-10,6,paid_social,,False,,18-24,female,iOS,195.67,False,
3328,2024-10-09,3,referral,211,False,,35-44,male,Android,67.81,False,
3329,2024-11-22,1,referral,3231,False,,35-44,male,iOS,56.21,False,
3330,2024-03-16,1,referral,648,False,,35-44,female,Android,68.98,False,
3331,2024-10-15,6,organic,,False,,25-34,male,Android,,False,
3332,2024-07-14,1,organic,,False,,25-34,male,iOS,,False,
3333,2024-03-14,8,paid_search,,False,,35-44,female,iOS,202.92,False,
3334,2024-10-21,1,organic,,False,,25-34,female,iOS,,False,
3335,2024-07-01,1,referral,2889,False,,25-34,male,iOS,57.09,False,
3336,2024-06-06,2,paid_search,,False,,25-34,male,Android,232.51,False,
3337,2024-12-05,6,organic,,False,,25-34,male,Android,,False,
3338,2024-10-05,3,paid_social,,False,,25-34,male,Android,198.61,False,
3339,2024-08-20,7,referral,1561,True,2024-10-18,25-34,male,iOS,68.15,False,
3340,2024-06-17,10,paid_search,,False,,35-44,male,iOS,223.47,False,
3341,2024-11-17,7,paid_social,,False,,25-34,female,Android,167.64,False,
3342,2024-07-29,8,paid_search,,False,,18-24,male,Android,237.91,False,
3343,2024-11-19,5,paid_search,,False,,35-44,female,Android,244.16,False,
3344,2024-02-22,2,organic,,False,,25-34,male,Android,,False,
3345,2024-11-11,2,paid_search,,False,,25-34,female,Android,236.61,False,
3346,2024-11-27,7,paid_search,,False,,18-24,male,Android,232.3,False,
3347,2024-02-28,1,paid_social,,False,,25-34,female,Android,155.3,False,
3348,2024-05-28,3,organic,,False,,18-24,female,Android,,False,
3349,2024-07-14,4,organic,,False,,18-24,female,Android,,False,
3350,2024-06-08,5,organic,,False,,25-34,female,Android,,False,
3351,2024-12-01,4,organic,,False,,35-44,male,Android,,False,
3352,2024-09-11,3,organic,,False,,25-34,male,Android,,False,
3353,2024-08-27,4,referral,663,False,,25-34,female,Android,59.54,False,
3354,2024-10-06,6,paid_search,,False,,18-24,female,iOS,227.99,False,
3355,2024-11-07,6,referral,833,False,,25-34,other,iOS,51.06,False,
3356,2024-08-08,2,referral,483,False,,25-34,male,Android,62.09,False,
3357,2024-10-29,6,paid_social,,False,,35-44,female,iOS,193.81,False,
3358,2024-08-07,3,push_reactivation,,False,,25-34,male,Android,38.86,False,
3359,2024-08-19,1,organic,,False,,18-24,other,Android,,False,
3360,2024-05-07,4,paid_search,,False,,25-34,male,Android,226.72,False,
3361,2024-11-07,2,paid_search,,True,2024-12-08,35-44,male,Android,236.76,False,
3362,2024-06-16,8,paid_search,,False,,35-44,female,Android,251.83,False,
3363,2024-06-24,6,referral,3167,True,2024-12-05,25-34,female,Android,56.12,False,
3364,2024-09-02,1,paid_search,,False,,25-34,female,Android,189.12,False,
3365,2024-12-25,3,paid_search,,False,,18-24,female,Android,219.0,False,
3366,2024-08-07,1,organic,,False,,25-34,male,Android,,False,
3367,2024-04-20,8,paid_social,,False,,25-34,female,Android,195.07,False,
3368,2024-11-21,3,organic,,False,,45+,female,Android,,False,
3369,2024-09-05,2,paid_search,,False,,25-34,male,Android,222.97,False,
3370,2024-02-12,2,referral,1685,True,2024-11-21,18-24,female,Android,58.03,False,
3371,2024-10-08,8,paid_search,,False,,25-34,male,Android,228.35,False,
3372,2024-05-21,3,paid_search,,False,,25-34,male,Android,220.63,False,
3373,2024-11-30,1,paid_search,,False,,25-34,male,Android,233.43,False,
3374,2024-09-19,1,organic,,True,2024-12-10,18-24,male,Android,,False,
3375,2024-08-21,2,paid_social,,False,,35-44,male,Android,163.77,False,
3376,2024-09-09,2,organic,,False,,25-34,male,iOS,,False,
3377,2024-11-26,9,paid_social,,False,,25-34,other,iOS,177.18,False,
3378,2024-06-13,2,organic,,True,2024-06-20,35-44,male,Android,,False,
3379,2024-09-09,3,paid_search,,True,2024-11-02,25-34,female,Android,236.55,False,
3380,2024-09-11,5,paid_search,,True,2024-10-22,35-44,male,iOS,215.71,False,
3381,2024-07-27,2,paid_social,,False,,18-24,female,Android,170.88,False,
3382,2024-06-26,9,paid_social,,False,,25-34,female,Android,176.33,False,
3383,2024-08-23,2,organic,,False,,35-44,male,iOS,,False,
3384,2024-04-29,7,referral,3175,False,,25-34,male,iOS,63.74,False,
3385,2024-08-28,2,paid_social,,False,,45+,male,Android,155.75,False,
3386,2024-05-14,5,referral,2853,False,,25-34,male,Android,64.33,False,
3387,2024-06-13,1,referral,715,True,2024-09-13,25-34,female,Android,68.53,False,
3388,2024-08-18,4,organic,,False,,25-34,female,Android,,False,
3389,2024-08-27,7,push_reactivation,,False,,45+,male,iOS,40.38,False,
3390,2024-04-06,3,paid_search,,False,,45+,female,Android,198.92,False,
3391,2024-01-05,3,organic,,False,,25-34,male,iOS,,False,
3392,2024-11-06,7,paid_search,,False,,25-34,male,Android,220.78,False,
3393,2024-11-23,5,referral,2426,False,,18-24,female,Android,56.86,False,
3394,2024-12-03,5,paid_social,,False,,45+,female,Android,175.23,False,
3395,2024-07-15,3,referral,2412,False,,25-34,female,Android,65.7,False,
3396,2024-03-25,5,organic,,True,2024-07-15,25-34,male,Android,,False,
3397,2024-09-29,5,organic,,False,,18-24,male,iOS,,False,
3398,2024-02-11,2,organic,,False,,25-34,male,iOS,,False,
3399,2024-09-26,5,paid_social,,False,,25-34,male,Android,200.86,False,
3400,2024-12-26,3,referral,2590,False,,18-24,female,Android,54.89,False,
3401,2024-12-13,10,organic,,False,,45+,female,Android,,False,
3402,2024-08-23,2,paid_search,,False,,25-34,female,Android,231.26,False,
3403,2024-05-11,10,paid_social,,False,,25-34,female,Android,192.36,False,
3404,2024-12-22,2,paid_social,,False,,18-24,male,Android,191.74,False,
3405,2024-11-12,1,referral,2861,False,,45+,male,iOS,51.91,False,
3406,2024-04-27,1,organic,,False,,18-24,female,Android,,False,
3407,2024-10-18,2,referral,7,False,,25-34,female,Android,63.22,False,
3408,2024-07-13,3,paid_social,,False,,25-34,male,Android,176.77,False,
3409,2024-11-22,2,paid_search,,False,,45+,female,Android,209.28,False,
3410,2024-07-20,6,paid_social,,False,,25-34,female,iOS,191.81,False,
3411,2024-09-12,2,paid_search,,False,,35-44,male,Android,240.78,False,
3412,2024-12-29,6,paid_social,,False,,25-34,male,Android,177.87,False,
3413,2024-09-04,5,organic,,True,2024-11-30,25-34,female,Android,,False,
3414,2024-08-30,8,referral,2885,False,,25-34,male,Android,59.1,False,
3415,2024-08-27,2,organic,,False,,18-24,female,Android,,False,
3416,2024-09-12,10,paid_social,,False,,25-34,male,Android,174.4,False,
3417,2024-04-20,5,paid_search,,True,2024-11-15,45+,male,Android,235.34,False,
3418,2024-05-07,6,paid_search,,False,,25-34,male,Android,201.61,False,
3419,2024-03-28,8,referral,1957,False,,18-24,female,Android,58.11,False,
3420,2024-09-06,6,paid_social,,False,,18-24,female,Android,171.2,False,
3421,2024-01-08,4,organic,,True,2024-06-12,25-34,male,Android,,False,
3422,2024-09-19,1,paid_social,,False,,35-44,female,iOS,198.63,False,
3423,2024-09-13,8,paid_social,,False,,25-34,female,Android,192.27,False,
3424,2024-03-02,7,paid_social,,False,,25-34,male,Android,161.68,False,
3425,2024-02-03,4,paid_social,,False,,25-34,male,iOS,154.56,False,
3426,2024-10-03,2,organic,,False,,18-24,male,iOS,,False,
3427,2024-10-15,4,paid_search,,False,,35-44,male,Android,228.06,False,
3428,2024-07-28,3,organic,,False,,18-24,female,Android,,False,
3429,2024-11-13,1,paid_social,,False,,25-34,female,iOS,153.28,False,
3430,2024-02-18,2,organic,,True,2024-08-19,18-24,female,iOS,,False,
3431,2024-07-18,2,referral,2023,False,,18-24,female,iOS,67.55,False,
3432,2024-05-01,7,paid_social,,False,,25-34,male,iOS,161.66,False,
3433,2024-08-21,3,referral,866,False,,18-24,male,iOS,62.52,False,
3434,2024-10-06,2,organic,,False,,35-44,male,Android,,False,
3435,2024-09-10,1,organic,,False,,25-34,male,Android,,False,
3436,2024-05-27,4,paid_social,,False,,35-44,female,Android,166.34,False,
3437,2024-07-24,1,paid_search,,False,,45+,female,iOS,211.67,False,
3438,2024-07-31,4,paid_social,,False,,18-24,female,Android,177.33,False,
3439,2024-09-20,2,paid_search,,False,,25-34,male,Android,238.05,False,
3440,2024-02-23,2,referral,3291,False,,25-34,male,Android,65.04,False,
3441,2024-12-27,3,paid_search,,False,,18-24,female,Android,250.2,False,
3442,2024-07-12,6,organic,,True,2024-12-05,45+,female,iOS,,False,
3443,2024-06-01,1,referral,3063,True,2024-08-24,25-34,male,iOS,58.31,False,
3444,2024-11-24,2,organic,,False,,25-34,male,Android,,False,
3445,2024-11-05,3,paid_search,,False,,18-24,male,Android,196.85,False,
3446,2024-03-06,1,organic,,False,,25-34,male,Android,,False,
3447,2024-12-19,4,paid_search,,False,,18-24,female,Android,195.2,False,
3448,2024-03-31,3,referral,264,False,,25-34,male,Android,63.81,False,
3449,2024-06-22,6,paid_search,,False,,25-34,male,Android,236.62,False,
3450,2024-10-26,5,organic,,False,,18-24,female,Android,,False,
3451,2024-08-14,2,paid_social,,False,,25-34,female,Android,197.69,False,
3452,2024-08-09,3,organic,,False,,25-34,female,iOS,,False,
3453,2024-11-29,6,organic,,False,,18-24,male,Android,,False,
3454,2024-07-26,2,paid_social,,False,,18-24,male,Android,187.24,False,
3455,2024-01-03,6,referral,3100,False,,35-44,male,Android,57.1,False,
3456,2024-12-13,9,organic,,False,,45+,female,Android,,False,
3457,2024-05-30,2,organic,,False,,25-34,male,Android,,False,
3458,2024-11-10,2,paid_social,,False,,25-34,male,Android,205.03,False,
3459,2024-07-04,2,organic,,False,,18-24,female,Android,,False,
3460,2024-08-16,6,referral,509,False,,35-44,female,Android,53.69,False,
3461,2024-11-24,3,paid_search,,False,,25-34,male,Android,241.19,False,
3462,2024-08-09,2,paid_search,,False,,45+,male,Android,206.83,False,
3463,2024-12-21,4,organic,,False,,18-24,male,Android,,False,
3464,2024-06-25,3,paid_search,,False,,25-34,female,Android,198.57,False,
3465,2024-11-08,2,organic,,False,,35-44,female,Android,,False,
3466,2024-12-17,1,paid_social,,False,,18-24,female,iOS,192.56,False,
3467,2024-11-30,1,paid_social,,False,,45+,male,Android,198.43,False,
3468,2024-04-08,4,referral,806,False,,35-44,male,iOS,57.55,False,
3469,2024-10-16,2,paid_social,,False,,18-24,male,Android,171.53,False,
3470,2024-08-12,2,push_reactivation,,False,,35-44,female,Android,34.16,False,
3471,2024-05-14,4,paid_search,,False,,18-24,female,Android,236.14,False,
3472,2024-10-06,4,paid_search,,False,,18-24,male,Android,198.47,False,
3473,2024-03-16,2,paid_social,,False,,25-34,male,iOS,189.46,False,
3474,2024-07-26,3,organic,,False,,45+,male,iOS,,False,
3475,2024-06-09,1,organic,,True,2024-12-04,25-34,female,iOS,,False,
3476,2024-08-30,4,organic,,False,,18-24,female,iOS,,False,
3477,2024-08-22,8,organic,,False,,18-24,male,Android,,False,
3478,2024-06-09,3,organic,,False,,25-34,male,iOS,,False,
3479,2024-04-08,7,organic,,False,,18-24,female,Android,,False,
3480,2024-09-05,1,organic,,False,,35-44,male,iOS,,False,
3481,2024-11-21,1,referral,819,False,,35-44,male,iOS,51.98,False,
3482,2024-04-18,2,push_reactivation,,False,,25-34,male,Android,34.85,False,
3483,2024-01-25,4,paid_search,,False,,25-34,male,Android,189.48,False,
3484,2024-06-26,2,push_reactivation,,False,,35-44,female,iOS,43.42,False,
3485,2024-08-15,5,paid_search,,False,,25-34,male,Android,189.84,False,
3486,2024-09-08,2,paid_social,,False,,25-34,female,Android,200.01,False,
3487,2024-11-22,5,organic,,True,2024-12-24,45+,male,Android,,False,
3488,2024-07-03,2,paid_social,,False,,18-24,female,Android,198.25,False,
3489,2024-06-17,1,paid_social,,False,,25-34,male,Android,176.64,False,
3490,2024-12-05,2,organic,,False,,25-34,male,iOS,,False,
3491,2024-07-25,2,referral,3068,False,,25-34,female,Android,67.27,False,
3492,2024-11-09,7,organic,,True,2024-12-29,18-24,female,Android,,False,
3493,2024-01-21,6,referral,1821,False,,18-24,male,Android,60.01,False,
3494,2024-08-12,6,organic,,False,,18-24,female,Android,,False,
3495,2024-10-20,8,organic,,True,2024-11-30,25-34,male,Android,,False,
3496,2024-07-06,1,organic,,False,,18-24,male,Android,,False,
3497,2024-06-27,1,paid_social,,False,,25-34,male,Android,186.68,False,
3498,2024-11-13,3,organic,,False,,25-34,female,Android,,False,
3499,2024-12-09,2,organic,,False,,18-24,female,Android,,False,
3500,2024-11-23,8,paid_social,,False,,25-34,male,Android,200.01,False,
3501,2024-12-29,2,paid_search,,False,,18-24,male,Android,196.14,False,
3502,2024-11-24,1,organic,,False,,45+,male,Android,,False,
3503,2024-09-06,2,organic,,False,,25-34,male,iOS,,False,
3504,2024-06-27,4,organic,,False,,18-24,male,Android,,False,
3505,2024-07-02,3,paid_social,,False,,25-34,male,Android,190.0,False,
3506,2024-12-18,4,paid_search,,False,,25-34,female,iOS,235.89,False,
3507,2024-10-24,8,paid_social,,False,,18-24,male,Android,156.95,False,
3508,2024-08-09,1,paid_social,,False,,18-24,male,iOS,185.18,False,
3509,2024-08-12,2,paid_search,,False,,25-34,female,iOS,212.17,False,
3510,2024-08-11,2,paid_search,,False,,18-24,male,iOS,245.25,False,
3511,2024-10-29,2,push_reactivation,,False,,35-44,female,Android,37.51,False,
3512,2024-04-21,7,referral,3424,False,,18-24,female,Android,61.88,False,
3513,2024-08-05,1,referral,1612,False,,25-34,male,Android,68.49,False,
3514,2024-06-23,3,paid_search,,True,2024-10-03,18-24,male,Android,211.85,False,
3515,2024-03-14,3,organic,,False,,35-44,female,Android,,False,
3516,2024-02-28,4,paid_search,,True,2024-11-22,25-34,male,Android,218.1,False,
3517,2024-06-08,4,organic,,False,,18-24,female,Android,,False,
3518,2024-09-24,4,organic,,False,,25-34,female,Android,,False,
3519,2024-09-07,4,paid_search,,False,,25-34,female,Android,200.62,False,
3520,2024-12-18,1,referral,2859,False,,25-34,male,Android,61.1,False,
3521,2024-06-20,6,referral,1397,False,,18-24,female,iOS,64.75,False,
3522,2024-11-29,3,referral,691,False,,25-34,female,Android,55.82,False,
3523,2024-04-30,4,organic,,False,,25-34,female,Android,,False,
3524,2024-03-21,1,organic,,True,2024-05-11,35-44,other,Android,,False,
3525,2024-06-13,4,paid_search,,False,,25-34,female,Android,204.96,False,
3526,2024-12-26,2,push_reactivation,,False,,25-34,male,iOS,34.27,False,
3527,2024-05-08,2,organic,,True,2024-08-15,25-34,female,Android,,False,
3528,2024-10-09,2,organic,,False,,25-34,male,Android,,False,
3529,2024-12-25,2,referral,1820,False,,18-24,male,Android,63.31,False,
3530,2024-10-22,5,referral,3405,False,,18-24,female,iOS,56.41,False,
3531,2024-09-04,5,referral,1671,False,,18-24,male,iOS,63.47,False,
3532,2024-01-31,2,paid_social,,False,,18-24,female,Android,173.37,False,
3533,2024-12-14,2,paid_social,,False,,25-34,male,Android,175.38,False,
3534,2024-09-20,6,paid_social,,False,,25-34,male,Android,192.86,False,
3535,2024-09-18,1,organic,,True,2024-11-11,18-24,male,iOS,,False,
3536,2024-10-22,4,paid_search,,False,,45+,male,Android,210.12,False,
3537,2024-05-06,3,paid_search,,False,,25-34,female,Android,205.58,False,
3538,2024-09-03,4,push_reactivation,,False,,18-24,male,Android,36.42,False,
3539,2024-07-06,3,organic,,False,,25-34,male,Android,,False,
3540,2024-12-19,8,organic,,True,2024-12-30,18-24,female,iOS,,False,
3541,2024-08-21,3,organic,,False,,25-34,male,Android,,False,
3542,2024-07-03,1,referral,792,False,,45+,male,Android,68.61,False,
3543,2024-11-30,2,paid_social,,False,,35-44,female,Android,156.32,False,
3544,2024-09-21,4,organic,,False,,35-44,male,Android,,False,
3545,2024-08-01,2,paid_search,,False,,25-34,male,Android,198.93,False,
3546,2024-01-25,1,organic,,False,,18-24,male,Android,,False,
3547,2024-02-16,4,organic,,False,,25-34,female,Android,,False,
3548,2024-12-23,9,organic,,True,2024-12-29,18-24,female,Android,,False,
3549,2024-07-12,1,referral,45,False,,18-24,male,Android,60.85,False,
3550,2024-02-08,1,paid_social,,False,,25-34,female,Android,180.92,False,
3551,2024-03-21,3,push_reactivation,,False,,18-24,male,Android,35.56,False,
3552,2024-02-14,8,referral,305,False,,35-44,female,Android,55.69,False,
3553,2024-07-08,6,organic,,False,,25-34,female,Android,,False,
3554,2024-07-20,2,organic,,True,2024-12-02,25-34,male,Android,,False,
3555,2024-09-10,2,paid_social,,False,,25-34,male,iOS,175.75,False,
3556,2024-08-23,3,paid_social,,False,,25-34,male,Android,201.04,False,
3557,2024-08-10,6,organic,,True,2024-12-06,25-34,male,Android,,False,
3558,2024-07-30,1,paid_social,,False,,45+,male,Android,178.17,False,
3559,2024-11-28,2,referral,2188,False,,35-44,male,Android,68.7,False,
3560,2024-09-21,6,paid_social,,False,,18-24,male,iOS,194.18,False,
3561,2024-11-24,1,paid_search,,False,,25-34,male,Android,227.95,False,
3562,2024-08-09,7,paid_search,,False,,25-34,female,Android,216.89,False,
3563,2024-09-03,6,organic,,False,,25-34,female,Android,,False,
3564,2024-12-25,1,paid_search,,False,,18-24,male,Android,206.41,False,
3565,2024-12-06,2,paid_search,,False,,35-44,male,iOS,202.21,False,
3566,2024-12-28,2,push_reactivation,,False,,18-24,other,Android,42.9,False,
3567,2024-08-10,2,organic,,False,,18-24,female,Android,,False,
3568,2024-08-04,3,paid_social,,False,,45+,female,Android,184.31,False,
3569,2024-11-23,5,paid_social,,False,,25-34,male,Android,187.46,False,
3570,2024-06-29,1,referral,141,False,,35-44,male,Android,57.37,False,
3571,2024-09-15,6,organic,,False,,35-44,male,Android,,False,
3572,2024-02-18,3,organic,,False,,45+,male,Android,,False,
3573,2024-08-02,2,paid_social,,False,,18-24,male,Android,186.45,False,
3574,2024-11-19,9,paid_social,,False,,25-34,female,Android,190.39,False,
3575,2024-12-16,3,organic,,False,,25-34,female,Android,,False,
3576,2024-12-05,3,organic,,False,,35-44,male,Android,,False,
3577,2024-08-18,2,paid_search,,False,,35-44,male,Android,238.62,False,
3578,2024-11-03,2,referral,2026,False,,25-34,female,Android,62.82,False,
3579,2024-07-15,3,paid_search,,False,,35-44,male,Android,207.33,False,
3580,2024-05-08,8,organic,,False,,18-24,female,Android,,False,
3581,2024-11-15,1,push_reactivation,,False,,18-24,female,iOS,37.98,False,
3582,2024-11-17,3,organic,,False,,18-24,female,Android,,False,
3583,2024-08-31,2,organic,,False,,25-34,male,Android,,False,
3584,2024-08-06,6,paid_social,,False,,35-44,male,Android,180.32,False,
3585,2024-05-23,2,organic,,False,,35-44,male,Android,,False,
3586,2024-07-16,2,referral,1604,False,,18-24,female,Android,54.37,False,
3587,2024-07-02,3,organic,,False,,45+,male,Android,,False,
3588,2024-12-27,3,organic,,True,2025-01-01,18-24,male,iOS,,False,
3589,2024-02-01,2,referral,213,True,2024-07-17,35-44,female,Android,55.69,False,
3590,2024-05-19,1,organic,,False,,25-34,male,Android,,False,
3591,2024-11-06,1,organic,,False,,25-34,male,Android,,False,
3592,2024-09-03,1,paid_social,,False,,18-24,male,Android,201.66,False,
3593,2024-07-07,1,paid_search,,False,,18-24,female,Android,199.53,False,
3594,2024-09-03,9,organic,,False,,35-44,male,iOS,,False,
3595,2024-12-11,2,organic,,False,,25-34,male,iOS,,False,
3596,2024-09-08,3,organic,,False,,25-34,male,Android,,False,
3597,2024-01-31,1,paid_search,,True,2024-11-10,18-24,female,Android,194.73,False,
3598,2024-11-20,1,organic,,True,2024-12-24,18-24,female,iOS,,False,
3599,2024-06-21,1,organic,,True,2024-10-28,18-24,female,Android,,False,
3600,2024-12-04,10,organic,,False,,25-34,male,iOS,,False,
3601,2024-06-10,2,paid_search,,False,,35-44,male,Android,236.65,False,
3602,2024-10-20,4,organic,,False,,18-24,female,Android,,False,
3603,2024-03-05,3,push_reactivation,,False,,18-24,female,Android,44.13,False,
3604,2024-09-27,1,paid_search,,False,,18-24,male,Android,204.98,False,
3605,2024-04-29,2,push_reactivation,,False,,25-34,male,Android,42.67,False,
3606,2024-09-14,1,organic,,False,,18-24,male,Android,,False,
3607,2024-12-30,6,referral,675,False,,18-24,female,Android,68.73,False,
3608,2024-04-03,4,paid_search,,False,,18-24,female,Android,229.91,False,
3609,2024-07-11,7,paid_search,,False,,35-44,female,Android,214.14,False,
3610,2024-04-30,2,paid_search,,False,,18-24,male,iOS,224.12,False,
3611,2024-08-21,1,paid_search,,False,,25-34,female,Android,201.52,False,
3612,2024-07-06,1,paid_social,,False,,25-34,male,Android,155.16,False,
3613,2024-03-02,1,referral,1893,False,,25-34,female,Android,65.43,False,
3614,2024-08-06,2,organic,,False,,18-24,male,Android,,False,
3615,2024-10-08,2,organic,,False,,25-34,female,Android,,False,
3616,2024-06-09,6,paid_search,,False,,18-24,male,Android,190.63,False,
3617,2024-09-06,1,paid_search,,False,,25-34,female,Android,224.45,False,
3618,2024-08-11,1,paid_social,,False,,35-44,male,Android,182.6,False,
3619,2024-11-01,1,paid_search,,False,,45+,male,Android,229.42,False,
3620,2024-09-23,8,paid_social,,False,,18-24,male,Android,182.99,False,
3621,2024-08-29,2,referral,2888,False,,45+,male,Android,68.19,False,
3622,2024-06-28,1,paid_search,,False,,25-34,male,Android,199.31,False,
3623,2024-12-06,2,organic,,False,,18-24,male,Android,,False,
3624,2024-09-19,2,paid_social,,False,,18-24,female,Android,187.73,False,
3625,2024-03-21,8,organic,,True,2024-05-27,18-24,male,Android,,False,
3626,2024-12-08,5,paid_search,,False,,45+,male,Android,225.14,False,
3627,2024-10-09,10,paid_search,,True,2024-12-29,18-24,male,Android,239.6,False,
3628,2024-10-20,1,organic,,False,,35-44,male,iOS,,False,
3629,2024-08-15,4,paid_social,,False,,45+,male,Android,157.34,False,
3630,2024-11-13,10,organic,,False,,35-44,male,iOS,,False,
3631,2024-02-28,4,paid_search,,False,,25-34,female,iOS,251.5,False,
3632,2024-05-01,7,organic,,False,,25-34,female,Android,,False,
3633,2024-12-25,2,organic,,False,,25-34,female,Android,,False,
3634,2024-10-06,4,paid_search,,True,2024-12-08,25-34,male,Android,238.93,False,
3635,2024-10-23,3,push_reactivation,,False,,18-24,male,Android,41.61,False,
3636,2024-11-26,3,organic,,False,,35-44,male,Android,,False,
3637,2024-09-02,2,organic,,False,,25-34,female,Android,,False,
3638,2024-07-15,9,referral,1353,True,2024-08-25,18-24,male,iOS,51.64,False,
3639,2024-08-15,9,paid_social,,True,2024-09-26,35-44,female,iOS,166.76,False,
3640,2024-02-06,3,organic,,False,,25-34,male,Android,,False,
3641,2024-03-25,4,paid_search,,False,,25-34,female,Android,244.88,False,
3642,2024-11-13,1,paid_social,,False,,25-34,female,iOS,204.75,False,
3643,2024-12-19,3,paid_social,,False,,25-34,male,Android,190.76,False,
3644,2024-12-13,5,paid_search,,False,,25-34,male,Android,219.77,False,
3645,2024-12-10,3,paid_social,,False,,18-24,male,Android,157.83,False,
3646,2024-05-03,2,paid_social,,False,,35-44,female,iOS,191.86,False,
3647,2024-12-21,6,paid_search,,False,,18-24,female,iOS,241.95,False,
3648,2024-11-20,6,referral,996,False,,25-34,male,Android,65.94,False,
3649,2024-02-17,1,organic,,False,,18-24,female,Android,,False,
3650,2024-10-21,5,organic,,False,,25-34,female,Android,,False,
3651,2024-09-09,3,paid_social,,False,,25-34,female,Android,193.2,False,
3652,2024-06-16,3,organic,,False,,25-34,female,Android,,False,
3653,2024-12-23,3,organic,,False,,18-24,male,Android,,False,
3654,2024-10-16,2,referral,1497,False,,25-34,male,Android,55.29,False,
3655,2024-09-02,2,paid_search,,False,,45+,female,Android,251.76,False,
3656,2024-11-23,2,paid_social,,False,,35-44,female,iOS,191.29,False,
3657,2024-07-03,2,push_reactivation,,False,,35-44,male,Android,41.94,False,
3658,2024-11-23,1,paid_search,,False,,18-24,male,Android,236.9,False,
3659,2024-12-05,2,paid_social,,False,,45+,female,Android,174.17,False,
3660,2024-08-28,3,paid_social,,False,,18-24,male,Android,169.76,False,
3661,2024-08-19,1,paid_social,,False,,18-24,female,iOS,189.9,False,
3662,2024-02-26,5,organic,,False,,18-24,female,iOS,,False,
3663,2024-04-12,7,organic,,False,,18-24,male,Android,,False,
3664,2024-09-25,6,paid_search,,True,2024-12-16,25-34,male,iOS,230.36,False,
3665,2024-10-02,6,organic,,False,,25-34,male,Android,,False,
3666,2024-07-21,1,organic,,False,,35-44,female,Android,,False,
3667,2024-10-23,2,referral,1019,False,,18-24,male,Android,60.26,False,
3668,2024-07-03,2,paid_social,,False,,45+,female,Android,157.22,False,
3669,2024-10-11,1,referral,613,False,,25-34,male,Android,59.9,False,
3670,2024-08-20,9,organic,,False,,35-44,male,Android,,False,
3671,2024-05-02,7,organic,,False,,18-24,male,iOS,,False,
3672,2024-08-21,5,referral,3503,False,,25-34,male,Android,62.53,False,
3673,2024-06-01,1,referral,2424,True,2024-10-08,25-34,male,Android,52.95,False,
3674,2024-02-11,2,referral,360,False,,35-44,male,Android,66.3,False,
3675,2024-07-22,7,paid_social,,False,,25-34,female,Android,199.74,False,
3676,2024-10-06,5,organic,,False,,18-24,female,Android,,False,
3677,2024-12-26,1,push_reactivation,,False,,25-34,female,Android,43.52,False,
3678,2024-12-03,2,paid_search,,False,,25-34,female,Android,207.66,False,
3679,2024-02-25,2,referral,2992,False,,25-34,male,Android,51.8,False,
3680,2024-11-02,7,paid_search,,False,,18-24,male,Android,233.06,False,
3681,2024-10-27,8,organic,,False,,25-34,female,Android,,False,
3682,2024-10-30,1,paid_social,,False,,18-24,female,Android,182.09,False,
3683,2024-11-02,2,organic,,True,2024-12-01,25-34,male,iOS,,False,
3684,2024-12-22,1,organic,,False,,18-24,male,Android,,False,
3685,2024-11-22,6,paid_search,,False,,25-34,male,Android,189.67,False,
3686,2024-11-22,6,paid_search,,False,,25-34,female,iOS,213.59,False,
3687,2024-08-20,1,paid_social,,False,,18-24,male,Android,167.83,False,
3688,2024-07-24,3,organic,,False,,35-44,female,Android,,False,
3689,2024-11-26,7,paid_search,,False,,25-34,male,Android,194.32,False,
3690,2024-01-21,3,paid_social,,False,,18-24,female,Android,168.75,False,
3691,2024-05-23,1,paid_search,,False,,25-34,male,Android,189.49,False,
3692,2024-03-19,3,referral,3166,True,2024-04-13,18-24,female,Android,63.7,False,
3693,2024-06-27,1,referral,664,False,,18-24,female,Android,52.09,False,
3694,2024-04-26,5,paid_social,,False,,18-24,female,Android,205.53,False,
3695,2024-03-04,3,organic,,False,,18-24,male,iOS,,False,
3696,2024-09-28,2,organic,,False,,18-24,male,Android,,False,
3697,2024-10-01,2,paid_search,,False,,25-34,female,iOS,210.0,False,
3698,2024-11-11,6,push_reactivation,,False,,25-34,male,Android,43.9,False,
3699,2024-05-18,4,organic,,False,,25-34,female,Android,,False,
3700,2024-01-12,2,paid_search,,False,,18-24,male,iOS,225.9,False,
3701,2024-05-31,4,paid_search,,False,,18-24,male,Android,204.44,False,
3702,2024-07-08,2,push_reactivation,,False,,35-44,male,iOS,42.65,False,
3703,2024-08-06,3,organic,,False,,18-24,female,Android,,False,
3704,2024-04-23,1,paid_search,,True,2024-07-23,18-24,female,Android,201.08,False,
3705,2024-06-06,1,paid_social,,False,,25-34,female,Android,167.17,False,
3706,2024-11-12,3,organic,,False,,18-24,female,Android,,False,
3707,2024-04-04,10,paid_social,,False,,35-44,male,Android,202.59,False,
3708,2024-05-31,8,referral,2621,False,,35-44,male,Android,55.7,False,
3709,2024-07-05,5,organic,,False,,18-24,male,Android,,False,
3710,2024-10-31,7,paid_social,,False,,18-24,male,iOS,206.34,False,
3711,2024-05-27,3,paid_social,,False,,35-44,female,Android,204.14,False,
3712,2024-10-21,3,paid_search,,True,2024-12-09,18-24,female,Android,201.95,False,
3713,2024-12-06,2,organic,,False,,18-24,female,Android,,False,
3714,2024-11-02,2,organic,,True,2024-12-20,35-44,male,iOS,,False,
3715,2024-06-13,1,paid_social,,True,2024-06-30,25-34,male,Android,167.14,False,
3716,2024-09-26,3,organic,,False,,25-34,male,Android,,False,
3717,2024-03-27,2,organic,,True,2024-11-13,18-24,female,iOS,,False,
3718,2024-01-22,1,paid_social,,True,2024-08-15,45+,male,Android,153.55,False,
3719,2024-11-27,1,paid_search,,False,,35-44,female,Android,223.19,False,
3720,2024-11-23,1,paid_social,,True,2024-12-08,18-24,male,Android,167.01,False,
3721,2024-12-18,7,organic,,False,,35-44,male,iOS,,False,
3722,2024-09-09,1,referral,938,False,,25-34,male,Android,53.9,False,
3723,2024-07-25,2,referral,411,False,,35-44,male,iOS,60.17,False,
3724,2024-11-21,7,organic,,False,,25-34,female,Android,,False,
3725,2024-07-28,6,paid_search,,False,,25-34,female,Android,226.65,False,
3726,2024-09-05,8,referral,2585,False,,25-34,female,iOS,60.19,False,
3727,2024-04-20,3,organic,,False,,35-44,male,Android,,False,
3728,2024-05-04,9,organic,,False,,25-34,male,Android,,False,
3729,2024-12-20,1,push_reactivation,,False,,25-34,male,Android,44.0,False,
3730,2024-11-28,8,referral,2015,False,,18-24,female,Android,62.48,False,
3731,2024-03-17,2,referral,2734,True,2024-07-02,18-24,female,iOS,63.68,False,
3732,2024-08-21,3,paid_search,,False,,25-34,female,iOS,208.08,False,
3733,2024-06-20,6,organic,,False,,18-24,female,Android,,False,
3734,2024-03-18,3,referral,2420,False,,18-24,male,Android,59.69,False,
3735,2024-06-15,9,referral,2967,True,2024-12-19,18-24,male,iOS,57.53,False,
3736,2024-10-09,4,organic,,False,,25-34,male,Android,,False,
3737,2024-12-17,1,organic,,False,,18-24,male,iOS,,False,
3738,2024-12-29,6,organic,,False,,35-44,male,Android,,False,
3739,2024-05-16,3,paid_search,,False,,25-34,male,Android,198.37,False,
3740,2024-07-10,3,referral,796,True,2024-12-28,35-44,male,Android,57.62,False,
3741,2024-01-31,2,paid_social,,False,,35-44,male,iOS,195.26,False,
3742,2024-05-23,4,organic,,False,,18-24,male,Android,,False,
3743,2024-11-02,2,paid_search,,False,,25-34,female,Android,227.64,False,
3744,2024-08-27,4,organic,,False,,25-34,female,iOS,,False,
3745,2024-12-29,2,paid_social,,False,,25-34,male,Android,177.47,False,
3746,2024-06-02,3,organic,,False,,25-34,male,Android,,False,
3747,2024-04-26,3,paid_search,,False,,35-44,male,Android,245.47,False,
3748,2024-08-28,3,paid_social,,False,,45+,male,Android,192.57,False,
3749,2024-11-30,2,paid_social,,False,,35-44,female,Android,193.69,False,
3750,2024-07-17,5,paid_search,,False,,25-34,male,Android,225.26,False,
3751,2024-12-24,2,organic,,False,,18-24,male,Android,,False,
3752,2024-10-18,6,organic,,False,,18-24,male,iOS,,False,
3753,2024-12-09,2,paid_search,,False,,35-44,male,iOS,244.1,False,
3754,2024-09-29,8,organic,,False,,18-24,male,Android,,False,
3755,2024-12-27,5,organic,,False,,25-34,male,Android,,False,
3756,2024-08-05,1,paid_social,,True,2024-12-15,35-44,female,Android,165.61,False,
3757,2024-10-07,3,paid_search,,False,,18-24,male,iOS,198.36,False,
3758,2024-11-18,2,paid_social,,False,,18-24,male,Android,171.01,False,
3759,2024-11-27,3,referral,138,False,,18-24,male,iOS,62.24,False,
3760,2024-12-12,6,paid_social,,False,,25-34,male,Android,159.59,False,
3761,2024-01-27,4,referral,1093,True,2024-05-09,18-24,male,Android,62.02,False,
3762,2024-06-27,6,organic,,False,,45+,male,Android,,False,
3763,2024-11-30,2,organic,,False,,25-34,female,Android,,False,
3764,2024-06-05,5,paid_search,,True,2024-12-21,45+,female,Android,235.33,False,
3765,2024-05-18,3,organic,,True,2024-09-25,35-44,female,iOS,,False,
3766,2024-03-10,2,push_reactivation,,False,,35-44,male,Android,45.6,False,
3767,2024-04-28,2,organic,,True,2024-06-11,25-34,male,Android,,False,
3768,2024-10-12,2,paid_search,,False,,45+,female,iOS,213.93,False,
3769,2024-09-29,2,push_reactivation,,False,,25-34,male,iOS,37.6,False,
3770,2024-11-22,4,paid_search,,False,,25-34,female,Android,247.84,False,
3771,2024-03-19,4,paid_social,,False,,35-44,male,iOS,184.44,False,
3772,2024-09-25,4,push_reactivation,,False,,35-44,male,Android,38.17,False,
3773,2024-03-01,5,organic,,False,,25-34,female,Android,,False,
3774,2024-02-22,4,organic,,False,,35-44,female,iOS,,False,
3775,2024-12-22,1,paid_search,,False,,18-24,female,Android,229.54,False,
3776,2024-04-25,1,organic,,False,,18-24,female,iOS,,False,
3777,2024-10-18,4,organic,,False,,25-34,male,Android,,False,
3778,2024-04-20,7,referral,2320,False,,45+,male,iOS,67.25,False,
3779,2024-11-08,1,organic,,False,,45+,male,iOS,,False,
3780,2024-05-28,2,organic,,False,,25-34,male,Android,,False,
3781,2024-12-20,4,paid_social,,False,,18-24,female,Android,197.45,False,
3782,2024-08-17,5,push_reactivation,,False,,25-34,male,Android,37.8,False,
3783,2024-08-14,1,organic,,False,,25-34,female,iOS,,False,
3784,2024-11-06,10,paid_social,,False,,18-24,male,Android,205.36,False,
3785,2024-03-23,1,paid_social,,False,,25-34,male,iOS,171.4,False,
3786,2024-09-01,1,organic,,True,2024-11-25,25-34,male,Android,,False,
3787,2024-11-27,2,referral,2135,False,,25-34,male,Android,66.51,False,
3788,2024-08-08,3,paid_social,,False,,25-34,female,Android,174.12,False,
3789,2024-12-09,2,paid_social,,False,,25-34,female,iOS,192.47,False,
3790,2024-11-05,2,paid_search,,False,,35-44,female,iOS,215.8,False,
3791,2024-10-29,3,paid_social,,False,,25-34,male,iOS,182.83,False,
3792,2024-08-30,1,paid_social,,False,,25-34,male,Android,160.95,False,
3793,2024-07-06,4,paid_social,,False,,35-44,female,iOS,165.65,False,
3794,2024-04-11,2,organic,,True,2024-09-24,18-24,male,Android,,False,
3795,2024-07-16,2,paid_social,,False,,25-34,male,Android,187.57,False,
3796,2024-03-14,2,organic,,False,,18-24,male,Android,,False,
3797,2024-11-19,3,organic,,False,,45+,male,iOS,,False,
3798,2024-05-02,4,paid_search,,False,,45+,female,Android,187.03,False,
3799,2024-11-13,6,paid_search,,False,,18-24,female,Android,219.16,False,
3800,2024-06-30,2,organic,,True,2024-10-23,25-34,male,Android,,False,
3801,2024-04-24,6,organic,,True,2024-06-21,35-44,male,Android,,False,
3802,2024-09-16,3,referral,512,False,,18-24,male,Android,63.2,False,
3803,2024-03-31,2,push_reactivation,,False,,45+,female,Android,40.84,False,
3804,2024-12-03,2,paid_social,,False,,45+,female,Android,159.15,False,
3805,2024-11-28,3,paid_social,,False,,18-24,male,iOS,189.97,False,
3806,2024-12-28,3,organic,,False,,18-24,female,Android,,False,
3807,2024-09-13,4,organic,,True,2024-10-06,45+,female,Android,,False,
3808,2024-05-22,1,organic,,True,2024-07-27,35-44,male,Android,,False,
3809,2024-09-08,1,organic,,False,,35-44,male,iOS,,False,
3810,2024-06-13,4,organic,,True,2024-06-27,25-34,male,iOS,,False,
3811,2024-04-18,4,referral,1277,False,,25-34,male,Android,51.23,False,
3812,2024-09-15,2,referral,3655,True,2024-11-23,25-34,male,Android,63.7,False,
3813,2024-07-10,4,paid_social,,True,2024-07-27,18-24,male,Android,181.0,False,
3814,2024-11-12,6,organic,,False,,35-44,male,Android,,False,
3815,2024-11-03,5,referral,1317,False,,25-34,male,Android,68.02,False,
3816,2024-04-11,5,paid_social,,True,2024-11-01,25-34,male,iOS,202.51,False,
3817,2024-09-08,1,paid_social,,False,,18-24,female,iOS,179.98,False,
3818,2024-10-20,6,paid_search,,True,2024-12-23,35-44,female,Android,242.75,False,
3819,2024-08-01,2,referral,1558,False,,25-34,female,Android,68.76,False,
3820,2024-11-30,4,referral,939,False,,25-34,female,Android,67.86,False,
3821,2024-06-03,6,organic,,False,,18-24,male,Android,,False,
3822,2024-02-15,4,paid_social,,True,2024-09-02,18-24,female,Android,196.17,False,
3823,2024-11-18,1,referral,1256,False,,25-34,male,Android,66.8,False,
3824,2024-09-04,4,referral,1475,False,,25-34,female,Android,53.36,False,
3825,2024-07-17,2,paid_social,,False,,35-44,male,Android,174.34,False,
3826,2024-10-16,5,paid_search,,False,,25-34,female,Android,187.72,False,
3827,2024-11-10,8,referral,1566,False,,25-34,female,Android,66.17,False,
3828,2024-11-25,1,paid_social,,False,,18-24,female,Android,158.81,False,
3829,2024-08-26,5,push_reactivation,,False,,25-34,male,Android,42.12,False,
3830,2024-09-21,6,paid_social,,False,,45+,female,Android,165.11,False,
3831,2024-12-26,8,paid_social,,False,,35-44,male,Android,171.85,False,
3832,2024-12-22,2,referral,965,False,,25-34,male,iOS,64.75,False,
3833,2024-06-07,2,organic,,False,,18-24,male,Android,,False,
3834,2024-11-25,1,push_reactivation,,False,,35-44,female,Android,35.42,False,
3835,2024-07-06,3,paid_social,,False,,18-24,female,Android,154.91,False,
3836,2024-10-07,1,paid_search,,False,,25-34,female,iOS,191.96,False,
3837,2024-07-23,2,paid_search,,True,2024-11-02,18-24,female,Android,201.54,False,
3838,2024-08-23,1,referral,3669,True,2024-11-28,18-24,male,Android,51.18,False,
3839,2024-11-11,1,paid_search,,False,,25-34,male,Android,248.05,False,
3840,2024-09-29,2,paid_social,,False,,18-24,female,Android,190.3,False,
3841,2024-12-26,2,referral,1555,False,,18-24,female,Android,51.78,False,
3842,2024-11-21,1,organic,,False,,18-24,female,iOS,,False,
3843,2024-05-25,2,organic,,False,,25-34,female,Android,,False,
3844,2024-12-02,8,paid_search,,True,2024-12-09,18-24,other,iOS,238.43,False,
3845,2024-10-02,4,paid_search,,False,,25-34,female,iOS,189.62,False,
3846,2024-08-24,2,organic,,False,,35-44,male,iOS,,False,
3847,2024-06-30,5,paid_social,,False,,35-44,female,Android,205.63,False,
3848,2024-06-14,3,paid_search,,False,,25-34,male,Android,220.12,False,
3849,2024-09-30,2,paid_search,,False,,25-34,female,Android,217.16,False,
3850,2024-09-14,3,referral,2791,False,,35-44,male,Android,58.48,False,
3851,2024-03-09,2,referral,2880,False,,45+,female,Android,67.21,False,
3852,2024-06-09,5,referral,24,False,,25-34,male,Android,63.16,False,
3853,2024-10-04,2,referral,3085,False,,35-44,male,Android,65.64,False,
3854,2024-11-16,1,push_reactivation,,False,,18-24,female,iOS,45.19,False,
3855,2024-08-30,5,organic,,False,,18-24,male,Android,,False,
3856,2024-04-19,2,referral,12,False,,25-34,female,Android,62.18,False,
3857,2024-12-06,1,paid_social,,False,,18-24,male,iOS,185.11,False,
3858,2024-08-05,6,organic,,False,,18-24,female,iOS,,False,
3859,2024-11-12,3,paid_social,,False,,35-44,male,Android,155.37,False,
3860,2024-09-01,1,organic,,False,,45+,male,iOS,,False,
3861,2024-11-15,2,referral,159,False,,45+,male,Android,68.44,False,
3862,2024-09-12,2,organic,,False,,25-34,male,Android,,False,
3863,2024-04-19,6,organic,,True,2024-05-13,35-44,male,Android,,False,
3864,2024-10-08,1,organic,,True,2024-12-28,25-34,male,iOS,,False,
3865,2024-06-02,2,paid_social,,False,,45+,male,Android,175.69,False,
3866,2024-10-11,2,organic,,True,2024-12-26,18-24,male,Android,,False,
3867,2024-08-14,2,paid_search,,False,,35-44,female,Android,205.22,False,
3868,2024-10-03,2,referral,2982,True,2024-12-03,25-34,male,Android,56.46,False,
3869,2024-09-18,2,organic,,False,,25-34,female,iOS,,False,
3870,2024-07-02,2,organic,,False,,25-34,female,Android,,False,
3871,2024-04-04,8,organic,,False,,45+,male,Android,,False,
3872,2024-12-02,1,paid_search,,False,,45+,male,Android,217.28,False,
3873,2024-05-21,2,paid_social,,False,,45+,male,iOS,158.79,False,
3874,2024-12-09,2,paid_search,,False,,25-34,male,iOS,227.13,False,
3875,2024-08-29,5,paid_search,,False,,35-44,female,Android,212.95,False,
3876,2024-12-03,2,paid_social,,False,,18-24,male,Android,153.69,False,
3877,2024-06-04,9,push_reactivation,,False,,25-34,male,iOS,35.36,False,
3878,2024-05-19,2,paid_social,,False,,25-34,female,iOS,195.69,False,
3879,2024-08-21,2,referral,1278,False,,25-34,male,Android,57.56,False,
3880,2024-05-04,2,organic,,False,,18-24,female,Android,,False,
3881,2024-04-20,2,organic,,True,2024-09-20,18-24,female,Android,,False,
3882,2024-07-21,8,organic,,False,,25-34,male,iOS,,False,
3883,2024-05-03,1,organic,,False,,45+,male,Android,,False,
3884,2024-03-03,1,paid_search,,False,,25-34,male,iOS,226.24,False,
3885,2024-03-21,2,paid_social,,False,,18-24,female,Android,154.87,False,
3886,2024-08-16,1,paid_social,,False,,25-34,male,Android,180.88,False,
3887,2024-11-18,1,organic,,False,,35-44,female,Android,,False,
3888,2024-09-15,4,paid_search,,False,,25-34,male,Android,211.14,False,
3889,2024-06-03,5,referral,1481,False,,45+,male,Android,59.5,False,
3890,2024-05-18,2,organic,,False,,18-24,female,iOS,,False,
3891,2024-07-02,2,paid_search,,False,,18-24,female,Android,226.58,False,
3892,2024-01-23,4,paid_search,,False,,18-24,female,Android,206.44,False,
3893,2024-05-10,2,referral,757,False,,25-34,female,iOS,54.7,False,
3894,2024-04-14,5,organic,,False,,18-24,female,Android,,False,
3895,2024-12-05,3,paid_social,,False,,35-44,male,Android,203.47,False,
3896,2024-06-29,10,organic,,False,,18-24,female,iOS,,False,
3897,2024-10-31,2,paid_social,,False,,18-24,female,iOS,166.99,False,
3898,2024-05-13,2,organic,,True,2024-09-30,25-34,male,Android,,False,
3899,2024-04-07,2,organic,,False,,45+,male,Android,,False,
3900,2024-06-24,4,paid_search,,False,,25-34,female,Android,220.39,False,
3901,2024-04-30,5,paid_social,,True,2024-10-11,25-34,female,iOS,179.35,False,
3902,2024-09-01,2,paid_search,,False,,25-34,female,iOS,235.63,False,
3903,2024-10-24,2,organic,,False,,25-34,female,Android,,False,
3904,2024-09-02,8,organic,,False,,18-24,male,Android,,False,
3905,2024-09-30,4,organic,,False,,35-44,male,iOS,,False,
3906,2024-08-26,2,organic,,False,,25-34,female,Android,,False,
3907,2024-11-20,3,paid_social,,False,,25-34,male,iOS,198.48,False,
3908,2024-06-02,9,paid_social,,False,,35-44,female,Android,188.42,False,
3909,2024-11-08,2,paid_social,,False,,25-34,female,iOS,185.28,False,
3910,2024-12-17,1,referral,180,False,,18-24,female,Android,52.42,False,
3911,2024-12-26,2,organic,,True,2024-12-31,35-44,male,Android,,False,
3912,2024-09-11,2,push_reactivation,,False,,18-24,female,Android,37.21,False,
3913,2024-09-23,2,paid_social,,False,,25-34,male,Android,203.16,False,
3914,2024-07-01,6,paid_social,,False,,25-34,male,Android,163.36,False,
3915,2024-09-07,2,paid_search,,False,,18-24,other,Android,201.83,False,
3916,2024-08-21,4,referral,2009,False,,25-34,female,iOS,59.55,False,
3917,2024-08-29,3,paid_search,,False,,25-34,male,iOS,196.84,False,
3918,2024-11-22,4,paid_search,,False,,35-44,male,iOS,228.92,False,
3919,2024-02-13,4,paid_search,,True,2024-11-28,18-24,male,Android,233.46,False,
3920,2024-12-01,2,organic,,False,,18-24,male,Android,,False,
3921,2024-11-29,9,referral,1375,False,,18-24,male,Android,67.46,False,
3922,2024-02-22,2,organic,,False,,18-24,female,Android,,False,
3923,2024-10-27,2,paid_social,,False,,18-24,male,Android,191.08,False,
3924,2024-08-17,1,referral,1812,False,,18-24,male,iOS,65.13,False,
3925,2024-06-30,4,paid_social,,False,,25-34,male,Android,157.08,False,
3926,2024-10-25,2,paid_social,,False,,25-34,female,iOS,205.31,False,
3927,2024-07-19,8,paid_search,,False,,25-34,female,iOS,220.39,False,
3928,2024-07-03,2,referral,1931,False,,25-34,male,Android,62.31,False,
3929,2024-03-02,3,organic,,False,,18-24,female,Android,,False,
3930,2024-07-19,1,paid_search,,False,,35-44,male,Android,206.89,False,
3931,2024-07-04,7,paid_social,,False,,25-34,male,Android,184.36,False,
3932,2024-05-03,1,paid_social,,False,,45+,female,Android,153.14,False,
3933,2024-08-14,2,referral,458,False,,25-34,male,Android,63.25,False,
3934,2024-12-13,3,referral,397,False,,45+,male,iOS,66.56,False,
3935,2024-12-05,2,paid_search,,False,,35-44,female,iOS,248.98,False,
3936,2024-11-06,2,paid_search,,False,,35-44,female,Android,215.28,False,
3937,2024-11-27,5,paid_search,,False,,25-34,female,Android,217.99,False,
3938,2024-06-23,1,paid_search,,False,,45+,male,Android,248.84,False,
3939,2024-10-29,1,organic,,True,2024-12-07,25-34,male,Android,,False,
3940,2024-09-19,1,referral,1931,False,,25-34,female,iOS,57.27,False,
3941,2024-07-27,3,paid_search,,False,,18-24,female,iOS,252.55,False,
3942,2024-03-03,5,organic,,False,,35-44,male,Android,,False,
3943,2024-06-03,7,push_reactivation,,False,,35-44,male,iOS,42.19,False,
3944,2024-06-03,3,organic,,False,,18-24,female,Android,,False,
3945,2024-06-22,2,paid_search,,False,,18-24,other,Android,221.77,False,
3946,2024-11-28,2,paid_search,,True,2024-12-30,25-34,male,iOS,220.19,False,
3947,2024-06-07,2,paid_social,,False,,25-34,female,iOS,182.78,False,
3948,2024-12-10,6,paid_social,,False,,18-24,male,Android,181.85,False,
3949,2024-10-31,1,referral,2351,True,2024-12-16,25-34,male,iOS,55.98,False,
3950,2024-12-19,9,paid_search,,False,,35-44,female,iOS,243.21,False,
3951,2024-09-15,3,paid_social,,False,,35-44,female,Android,154.76,False,
3952,2024-09-30,1,paid_search,,False,,25-34,male,iOS,237.44,False,
3953,2024-05-05,2,paid_search,,False,,25-34,female,iOS,199.89,False,
3954,2024-11-08,2,paid_search,,False,,18-24,female,Android,189.58,False,
3955,2024-06-25,2,paid_search,,False,,25-34,female,Android,207.57,False,
3956,2024-12-10,2,referral,895,False,,35-44,female,Android,61.56,False,
3957,2024-06-23,4,paid_social,,False,,35-44,male,iOS,175.48,False,
3958,2024-08-18,2,referral,820,False,,18-24,male,Android,68.06,False,
3959,2024-11-11,3,paid_search,,False,,18-24,male,Android,234.03,False,
3960,2024-10-14,5,organic,,True,2024-10-22,45+,male,Android,,False,
3961,2024-07-16,2,organic,,True,2024-10-06,25-34,female,Android,,False,
3962,2024-10-30,4,referral,331,False,,25-34,male,Android,65.2,False,
3963,2024-05-13,2,paid_search,,False,,18-24,female,Android,224.91,False,
3964,2024-05-06,1,paid_search,,False,,25-34,female,Android,234.57,False,
3965,2024-12-30,7,paid_search,,False,,45+,male,Android,229.3,False,
3966,2024-11-11,8,organic,,False,,25-34,male,Android,,False,
3967,2024-11-09,2,organic,,False,,25-34,male,Android,,False,
3968,2024-12-29,1,referral,3538,False,,45+,female,iOS,61.86,False,
3969,2024-05-31,2,organic,,True,2024-08-08,18-24,male,iOS,,False,
3970,2024-05-12,2,organic,,False,,45+,male,Android,,False,
3971,2024-11-15,3,push_reactivation,,False,,25-34,female,Android,41.8,False,
3972,2024-08-09,6,paid_search,,False,,35-44,female,Android,233.56,False,
3973,2024-07-11,2,organic,,False,,18-24,female,Android,,False,
3974,2024-12-04,1,push_reactivation,,False,,25-34,male,Android,45.53,False,
3975,2024-10-09,9,organic,,False,,18-24,female,Android,,False,
3976,2024-07-09,1,paid_social,,False,,25-34,female,Android,181.68,False,
3977,2024-04-18,2,referral,3396,False,,45+,male,iOS,53.76,False,
3978,2024-08-10,1,organic,,False,,25-34,other,Android,,False,
3979,2024-10-23,2,organic,,False,,25-34,female,Android,,False,
3980,2024-12-18,1,organic,,False,,18-24,female,Android,,False,
3981,2024-05-08,5,paid_search,,False,,45+,male,Android,210.41,False,
3982,2024-12-25,2,referral,2892,False,,25-34,female,Android,54.54,False,
3983,2024-05-30,3,paid_search,,False,,35-44,female,Android,187.13,False,
3984,2024-08-10,3,organic,,False,,25-34,female,Android,,False,
3985,2024-12-23,5,organic,,False,,35-44,male,iOS,,False,
3986,2024-10-23,3,referral,1171,False,,45+,male,Android,63.15,False,
3987,2024-11-18,8,organic,,False,,25-34,male,Android,,False,
3988,2024-11-12,4,organic,,False,,35-44,female,Android,,False,
3989,2024-08-03,6,organic,,False,,18-24,female,iOS,,False,
3990,2024-03-21,7,referral,3885,False,,25-34,male,Android,67.57,False,
3991,2024-10-13,7,paid_social,,False,,25-34,male,Android,167.35,False,
3992,2024-06-19,2,paid_social,,False,,18-24,male,Android,165.47,False,
3993,2024-07-15,8,paid_social,,False,,25-34,female,Android,174.8,False,
3994,2024-08-09,6,organic,,False,,25-34,female,Android,,False,
3995,2024-07-23,10,organic,,False,,18-24,male,Android,,False,
3996,2024-12-30,3,paid_search,,True,2025-01-04,35-44,male,Android,208.14,False,
3997,2024-08-16,7,paid_social,,False,,35-44,female,Android,172.53,False,
3998,2024-02-07,7,paid_search,,False,,18-24,male,Android,199.31,False,
3999,2024-06-02,2,referral,2769,False,,25-34,male,iOS,57.61,False,
4000,2024-12-15,3,organic,,False,,25-34,female,Android,,False,
4001,2024-02-12,3,organic,,True,2024-06-18,35-44,male,Android,,False,
4002,2024-06-14,4,paid_social,,False,,25-34,male,Android,196.07,False,
4003,2024-12-25,3,organic,,False,,25-34,male,Android,,False,
4004,2024-12-15,1,organic,,False,,18-24,male,iOS,,False,
4005,2024-10-23,3,paid_search,,False,,25-34,male,Android,243.6,False,
4006,2024-10-22,1,paid_social,,False,,18-24,female,Android,177.24,False,
4007,2024-09-07,1,paid_social,,False,,25-34,male,Android,193.51,False,
4008,2024-04-08,3,organic,,False,,35-44,male,iOS,,False,
4009,2024-07-21,2,paid_search,,False,,25-34,male,Android,217.81,False,
4010,2024-10-20,2,paid_search,,False,,18-24,female,iOS,228.47,False,
4011,2024-08-02,4,paid_social,,False,,18-24,female,iOS,155.83,False,
4012,2024-04-06,2,paid_search,,False,,45+,female,Android,242.41,False,
4013,2024-12-20,2,paid_social,,False,,25-34,other,Android,161.36,False,
4014,2024-09-18,2,organic,,False,,18-24,female,Android,,False,
4015,2024-01-07,1,paid_search,,False,,35-44,female,Android,251.31,False,
4016,2024-03-23,6,referral,1172,False,,25-34,female,Android,61.07,False,
4017,2024-05-25,8,organic,,False,,35-44,female,Android,,False,
4018,2024-09-26,3,organic,,False,,45+,male,iOS,,False,
4019,2024-02-24,2,organic,,False,,35-44,female,iOS,,False,
4020,2024-11-20,3,referral,3629,False,,25-34,female,Android,57.27,False,
4021,2024-07-28,2,organic,,True,2024-09-26,25-34,female,iOS,,False,
4022,2024-12-29,2,referral,1572,False,,35-44,female,Android,55.21,False,
4023,2024-09-30,3,organic,,False,,18-24,male,iOS,,False,
4024,2024-05-13,6,organic,,False,,35-44,male,Android,,False,
4025,2024-08-08,4,referral,1434,False,,45+,female,iOS,65.96,False,
4026,2024-03-25,2,paid_search,,False,,25-34,male,Android,221.86,False,
4027,2024-02-18,6,organic,,False,,25-34,female,Android,,False,
4028,2024-04-10,2,paid_social,,False,,25-34,female,iOS,189.04,False,
4029,2024-11-27,5,referral,2379,False,,45+,female,iOS,58.45,False,
4030,2024-12-12,1,referral,3589,False,,25-34,female,Android,54.61,False,
4031,2024-09-01,3,push_reactivation,,False,,35-44,male,Android,39.43,False,
4032,2024-10-03,1,push_reactivation,,False,,25-34,female,Android,37.75,False,
4033,2024-08-06,3,referral,1195,False,,25-34,female,Android,68.73,False,
4034,2024-11-19,2,paid_social,,True,2024-12-21,35-44,female,iOS,159.0,False,
4035,2024-11-03,2,paid_social,,False,,25-34,female,iOS,203.38,False,
4036,2024-08-25,2,organic,,False,,45+,female,iOS,,False,
4037,2024-12-11,4,organic,,False,,25-34,female,Android,,False,
4038,2024-07-06,3,paid_social,,True,2024-07-16,25-34,female,iOS,171.8,False,
4039,2024-02-24,3,organic,,False,,25-34,female,iOS,,False,
4040,2024-05-30,5,paid_social,,False,,25-34,female,Android,202.46,False,
4041,2024-04-30,2,organic,,False,,35-44,male,Android,,False,
4042,2024-09-21,1,organic,,False,,25-34,female,iOS,,False,
4043,2024-06-24,2,referral,3332,False,,18-24,female,Android,64.33,False,
4044,2024-10-31,1,organic,,False,,35-44,male,Android,,False,
4045,2024-08-08,1,referral,1031,False,,18-24,female,Android,54.48,False,
4046,2024-10-31,2,paid_social,,False,,18-24,male,Android,188.72,False,
4047,2024-09-03,2,paid_search,,False,,25-34,female,Android,190.62,False,
4048,2024-12-27,2,paid_social,,False,,25-34,female,Android,206.46,False,
4049,2024-06-29,5,paid_social,,False,,18-24,female,Android,200.08,False,
4050,2024-03-22,2,organic,,True,2024-04-08,18-24,male,Android,,False,
4051,2024-12-01,1,referral,2114,False,,18-24,female,Android,59.75,False,
4052,2024-02-06,1,paid_social,,False,,35-44,male,Android,156.16,False,
4053,2024-10-07,2,referral,3705,False,,35-44,female,Android,67.24,False,
4054,2024-06-12,2,paid_social,,False,,35-44,male,Android,163.71,False,
4055,2024-12-08,2,paid_social,,False,,18-24,female,iOS,182.76,False,
4056,2024-07-03,2,organic,,False,,18-24,male,Android,,False,
4057,2024-11-14,2,paid_social,,False,,25-34,female,iOS,167.61,False,
4058,2024-07-03,1,referral,3672,False,,25-34,male,Android,63.62,False,
4059,2024-09-28,3,referral,120,True,2024-12-02,18-24,male,Android,56.06,False,
4060,2024-06-05,8,organic,,False,,45+,male,Android,,False,
4061,2024-10-26,2,paid_social,,False,,25-34,female,Android,154.59,False,
4062,2024-08-23,1,organic,,False,,25-34,male,Android,,False,
4063,2024-03-16,9,referral,940,False,,25-34,other,Android,60.7,False,
4064,2024-11-01,5,paid_social,,False,,45+,female,Android,173.3,False,
4065,2024-08-31,2,organic,,False,,25-34,male,Android,,False,
4066,2024-12-14,4,organic,,False,,18-24,male,Android,,False,
4067,2024-10-30,7,organic,,False,,18-24,male,Android,,False,
4068,2024-05-22,7,referral,2908,True,2024-07-31,25-34,male,Android,58.74,False,
4069,2024-11-18,2,organic,,False,,25-34,male,Android,,False,
4070,2024-09-16,1,paid_social,,True,2024-10-15,25-34,female,Android,189.17,False,
4071,2024-10-10,10,paid_social,,True,2024-12-29,25-34,male,Android,178.09,False,
4072,2024-03-09,2,paid_social,,False,,45+,female,Android,153.82,False,
4073,2024-08-27,7,paid_search,,False,,35-44,female,iOS,232.36,False,
4074,2024-12-24,1,push_reactivation,,False,,25-34,female,Android,40.06,False,
4075,2024-08-05,3,paid_social,,False,,35-44,male,Android,181.84,False,
4076,2024-09-16,1,paid_social,,False,,35-44,male,iOS,156.14,False,
4077,2024-12-27,6,paid_search,,False,,45+,female,Android,248.24,False,
4078,2024-04-27,2,organic,,False,,35-44,male,iOS,,False,
4079,2024-11-07,2,organic,,False,,35-44,male,iOS,,False,
4080,2024-12-01,2,paid_social,,False,,35-44,female,iOS,184.35,False,
4081,2024-09-03,5,organic,,False,,35-44,other,Android,,False,
4082,2024-08-11,2,paid_social,,False,,18-24,female,Android,200.6,False,
4083,2024-12-07,1,paid_search,,False,,25-34,other,Android,195.53,False,
4084,2024-11-13,1,organic,,True,2024-12-15,45+,male,Android,,False,
4085,2024-11-29,1,paid_social,,False,,25-34,male,Android,184.13,False,
4086,2024-10-24,1,organic,,False,,25-34,male,Android,,False,
4087,2024-12-10,5,organic,,False,,45+,male,iOS,,False,
4088,2024-12-04,1,paid_social,,False,,18-24,male,Android,173.79,False,
4089,2024-07-20,2,paid_search,,False,,18-24,male,iOS,206.58,False,
4090,2024-10-23,1,paid_social,,False,,35-44,male,iOS,184.18,False,
4091,2024-05-26,9,paid_social,,True,2024-09-14,25-34,male,iOS,181.58,False,
4092,2024-03-28,8,paid_search,,False,,18-24,female,iOS,219.44,False,
4093,2024-10-14,5,paid_social,,False,,35-44,male,iOS,162.32,False,
4094,2024-10-05,1,paid_social,,False,,18-24,female,iOS,185.97,False,
4095,2024-08-31,4,organic,,True,2024-11-13,25-34,female,Android,,False,
4096,2024-02-17,3,referral,3527,False,,35-44,male,Android,53.63,False,
4097,2024-04-07,2,organic,,False,,25-34,male,Android,,False,
4098,2024-06-24,1,paid_search,,False,,18-24,female,iOS,236.31,False,
4099,2024-06-03,6,paid_social,,False,,25-34,male,Android,176.13,False,
4100,2024-10-15,2,paid_social,,True,2024-12-04,35-44,female,iOS,179.28,False,
4101,2024-10-25,5,paid_search,,False,,45+,female,iOS,217.26,False,
4102,2024-09-30,8,paid_social,,False,,25-34,female,iOS,160.28,False,
4103,2024-09-01,1,paid_social,,False,,45+,female,Android,154.8,False,
4104,2024-11-29,5,organic,,False,,25-34,male,Android,,False,
4105,2024-03-23,1,referral,2155,True,2024-08-02,25-34,male,Android,56.42,False,
4106,2024-11-20,3,organic,,False,,25-34,male,iOS,,False,
4107,2024-08-13,5,organic,,False,,25-34,male,Android,,False,
4108,2024-09-08,7,referral,2852,False,,18-24,male,Android,56.64,False,
4109,2024-07-09,2,organic,,False,,25-34,female,Android,,False,
4110,2024-10-04,1,referral,2527,False,,18-24,female,Android,51.24,False,
4111,2024-07-02,2,paid_social,,False,,25-34,male,Android,182.56,False,
4112,2024-10-28,4,push_reactivation,,False,,18-24,other,Android,41.42,False,
4113,2024-05-03,5,paid_social,,False,,35-44,female,Android,183.26,False,
4114,2024-12-28,2,paid_search,,False,,35-44,male,iOS,204.52,False,
4115,2024-05-19,3,referral,849,False,,35-44,male,Android,61.79,False,
4116,2024-06-12,1,organic,,True,2024-10-30,18-24,male,Android,,False,
4117,2024-11-21,8,organic,,False,,18-24,male,Android,,False,
4118,2024-07-23,2,paid_social,,False,,18-24,female,Android,190.94,False,
4119,2024-11-14,4,paid_social,,False,,25-34,female,iOS,168.63,False,
4120,2024-07-02,3,paid_search,,False,,25-34,female,Android,200.54,False,
4121,2024-11-15,2,paid_social,,False,,25-34,female,Android,198.9,False,
4122,2024-12-21,4,paid_social,,False,,25-34,female,Android,171.21,False,
4123,2024-07-13,1,paid_social,,False,,25-34,female,Android,163.56,False,
4124,2024-12-29,5,paid_social,,False,,25-34,female,Android,172.1,False,
4125,2024-06-06,2,paid_social,,False,,35-44,male,Android,199.38,False,
4126,2024-11-24,1,paid_search,,False,,18-24,male,iOS,208.4,False,
4127,2024-08-15,2,organic,,False,,35-44,male,iOS,,False,
4128,2024-08-17,4,organic,,False,,18-24,other,Android,,False,
4129,2024-12-12,2,organic,,False,,35-44,female,iOS,,False,
4130,2024-06-19,10,referral,3079,False,,25-34,female,Android,58.01,False,
4131,2024-05-31,1,paid_search,,False,,35-44,female,Android,251.53,False,
4132,2024-10-23,1,paid_search,,True,2024-11-19,25-34,female,Android,235.83,False,
4133,2024-02-13,3,organic,,False,,25-34,female,Android,,False,
4134,2024-11-20,5,organic,,False,,35-44,male,Android,,False,
4135,2024-12-10,2,paid_search,,False,,45+,female,Android,226.46,False,
4136,2024-08-27,2,organic,,False,,35-44,male,Android,,False,
4137,2024-06-08,3,organic,,False,,35-44,male,Android,,False,
4138,2024-04-21,2,referral,2760,False,,45+,female,iOS,54.66,False,
4139,2024-04-03,2,organic,,False,,35-44,female,Android,,False,
4140,2024-06-14,3,paid_social,,False,,25-34,male,Android,155.74,False,
4141,2024-04-27,3,organic,,False,,45+,male,Android,,False,
4142,2024-11-26,1,organic,,False,,18-24,female,Android,,False,
4143,2024-11-03,6,paid_social,,False,,25-34,other,Android,162.66,False,
4144,2024-04-27,2,paid_social,,False,,35-44,male,Android,164.89,False,
4145,2024-10-20,6,organic,,False,,25-34,male,Android,,False,
4146,2024-09-17,4,referral,2995,False,,25-34,female,Android,59.14,False,
4147,2024-09-09,4,paid_social,,True,2024-09-15,18-24,male,Android,169.32,False,
4148,2024-10-04,6,push_reactivation,,False,,45+,male,Android,44.3,False,
4149,2024-06-25,1,organic,,False,,35-44,female,iOS,,False,
4150,2024-10-25,2,paid_social,,False,,25-34,male,Android,161.09,False,
4151,2024-11-15,9,paid_search,,False,,25-34,female,Android,222.84,False,
4152,2024-10-30,1,paid_search,,False,,35-44,male,Android,241.86,False,
4153,2024-10-15,2,paid_social,,False,,18-24,male,iOS,181.98,False,
4154,2024-06-01,1,referral,1720,False,,18-24,male,iOS,60.75,False,
4155,2024-12-17,3,paid_social,,False,,25-34,male,Android,155.49,False,
4156,2024-10-10,1,organic,,False,,25-34,male,iOS,,False,
4157,2024-07-16,6,organic,,True,2024-10-12,35-44,female,Android,,False,
4158,2024-03-22,2,organic,,False,,25-34,male,Android,,False,
4159,2024-10-30,5,referral,2883,False,,18-24,female,Android,62.0,False,
4160,2024-10-24,3,paid_social,,False,,25-34,male,iOS,184.4,False,
4161,2024-07-18,10,paid_social,,False,,25-34,female,iOS,168.99,False,
4162,2024-09-01,1,paid_search,,True,2024-10-16,18-24,male,iOS,242.95,False,
4163,2024-11-13,3,paid_search,,False,,18-24,male,Android,219.88,False,
4164,2024-09-05,9,referral,331,False,,18-24,female,Android,53.93,False,
4165,2024-05-04,9,paid_social,,False,,35-44,male,Android,166.37,False,
4166,2024-06-01,8,organic,,False,,25-34,male,Android,,False,
4167,2024-06-09,2,paid_social,,False,,35-44,male,iOS,170.27,False,
4168,2024-03-29,7,organic,,True,2024-09-11,18-24,male,iOS,,False,
4169,2024-07-05,2,paid_social,,True,2024-10-04,18-24,male,Android,158.39,False,
4170,2024-05-09,4,referral,4120,True,2024-07-03,35-44,female,Android,67.96,False,
4171,2024-10-19,3,paid_social,,False,,25-34,female,iOS,203.05,False,
4172,2024-08-25,2,push_reactivation,,False,,35-44,female,Android,41.88,False,
4173,2024-11-08,2,organic,,False,,35-44,female,Android,,False,
4174,2024-06-24,1,organic,,False,,25-34,female,Android,,False,
4175,2024-07-26,2,push_reactivation,,False,,25-34,female,Android,44.35,False,
4176,2024-04-29,1,referral,2309,False,,45+,female,Android,63.57,False,
4177,2024-03-08,5,organic,,False,,35-44,male,Android,,False,
4178,2024-04-24,6,organic,,False,,25-34,male,Android,,False,
4179,2024-12-01,1,paid_social,,False,,45+,male,Android,161.09,False,
4180,2024-09-16,3,organic,,False,,35-44,male,iOS,,False,
4181,2024-10-06,2,paid_social,,False,,35-44,male,Android,166.85,False,
4182,2024-12-16,2,paid_social,,False,,25-34,female,Android,154.94,False,
4183,2024-05-26,2,paid_social,,False,,25-34,female,Android,190.07,False,
4184,2024-05-28,10,paid_search,,False,,35-44,female,iOS,245.08,False,
4185,2024-12-23,7,referral,1924,False,,25-34,male,Android,59.42,False,
4186,2024-03-26,4,paid_search,,False,,25-34,female,Android,250.83,False,
4187,2024-12-16,2,paid_social,,False,,25-34,male,iOS,167.61,False,
4188,2024-09-30,5,paid_social,,False,,25-34,male,Android,175.77,False,
4189,2024-11-19,1,paid_search,,False,,45+,male,Android,221.5,False,
4190,2024-03-16,1,paid_social,,False,,25-34,male,Android,170.88,False,
4191,2024-02-13,2,paid_social,,True,2024-11-24,35-44,male,Android,167.64,False,
4192,2024-11-18,2,paid_social,,False,,18-24,female,iOS,160.18,False,
4193,2024-07-30,2,organic,,False,,25-34,male,iOS,,False,
4194,2024-07-08,1,paid_search,,False,,18-24,male,iOS,241.74,False,
4195,2024-04-17,2,organic,,False,,18-24,male,iOS,,False,
4196,2024-09-04,5,paid_social,,False,,25-34,male,iOS,166.44,False,
4197,2024-02-29,1,paid_social,,False,,45+,male,Android,199.3,False,
4198,2024-03-28,2,organic,,False,,45+,female,Android,,False,
4199,2024-08-16,1,paid_social,,True,2024-08-29,25-34,male,Android,165.48,False,
4200,2024-07-27,2,organic,,True,2024-12-27,25-34,male,iOS,,False,
4201,2024-10-12,2,organic,,False,,45+,male,Android,,False,
4202,2024-09-04,1,organic,,False,,35-44,female,Android,,False,
4203,2024-10-20,6,organic,,False,,18-24,male,iOS,,False,
4204,2024-12-22,6,paid_social,,False,,25-34,male,Android,179.95,False,
4205,2024-08-04,2,paid_search,,False,,35-44,male,Android,250.92,False,
4206,2024-08-06,3,organic,,False,,25-34,female,Android,,False,
4207,2024-07-22,3,paid_search,,False,,25-34,female,Android,225.94,False,
4208,2024-08-19,2,paid_search,,False,,18-24,male,iOS,200.98,False,
4209,2024-06-29,2,paid_search,,False,,35-44,other,iOS,242.33,False,
4210,2024-09-27,2,organic,,True,2024-12-03,18-24,female,Android,,False,
4211,2024-10-21,2,paid_search,,False,,18-24,male,iOS,198.91,False,
4212,2024-05-12,1,organic,,False,,45+,female,Android,,False,
4213,2024-06-09,2,organic,,True,2024-06-15,18-24,female,Android,,False,
4214,2024-09-10,1,organic,,True,2024-12-28,18-24,female,Android,,False,
4215,2024-10-09,6,organic,,False,,25-34,male,Android,,False,
4216,2024-12-01,10,push_reactivation,,False,,18-24,male,Android,45.96,False,
4217,2024-06-26,3,paid_social,,False,,25-34,female,Android,189.11,False,
4218,2024-01-29,3,referral,25,False,,35-44,male,Android,60.83,False,
4219,2024-12-15,1,paid_social,,False,,25-34,male,Android,184.32,False,
4220,2024-09-23,5,push_reactivation,,True,2024-10-28,25-34,female,Android,41.66,False,
4221,2024-11-05,2,paid_search,,False,,25-34,male,Android,192.24,False,
4222,2024-10-15,3,organic,,True,2024-12-19,35-44,female,Android,,False,
4223,2024-12-22,1,paid_search,,False,,18-24,male,iOS,250.65,False,
4224,2024-12-06,1,referral,3035,False,,35-44,male,Android,60.19,False,
4225,2024-10-16,4,paid_search,,False,,18-24,male,Android,216.77,False,
4226,2024-07-10,6,organic,,False,,25-34,male,Android,,False,
4227,2024-11-03,2,organic,,False,,18-24,male,Android,,False,
4228,2024-12-03,4,organic,,False,,18-24,male,iOS,,False,
4229,2024-09-18,1,referral,2503,False,,18-24,female,iOS,66.87,False,
4230,2024-08-03,4,referral,2560,False,,25-34,male,Android,59.72,False,
4231,2024-07-31,1,referral,3834,False,,35-44,male,Android,66.34,False,
4232,2024-04-03,2,paid_social,,False,,45+,male,Android,190.25,False,
4233,2024-08-20,2,referral,3874,True,2024-09-25,25-34,male,Android,61.52,False,
4234,2024-06-11,5,paid_search,,False,,18-24,female,iOS,214.14,False,
4235,2024-12-26,3,paid_search,,False,,18-24,female,Android,233.46,False,
4236,2024-03-11,3,referral,2269,False,,25-34,female,Android,53.68,False,
4237,2024-05-06,2,paid_social,,False,,25-34,female,iOS,177.85,False,
4238,2024-05-22,6,organic,,False,,25-34,female,Android,,False,
4239,2024-09-10,1,push_reactivation,,False,,25-34,female,Android,35.33,False,
4240,2024-11-24,1,paid_search,,False,,18-24,male,Android,198.0,False,
4241,2024-09-26,4,paid_social,,False,,18-24,male,Android,167.6,False,
4242,2024-11-20,3,organic,,False,,18-24,male,Android,,False,
4243,2024-02-01,1,referral,1640,False,,25-34,female,Android,57.08,False,
4244,2024-03-24,2,organic,,False,,45+,male,Android,,False,
4245,2024-08-24,2,paid_search,,False,,35-44,male,iOS,194.16,False,
4246,2024-09-18,1,organic,,False,,25-34,male,iOS,,False,
4247,2024-10-11,7,paid_search,,False,,18-24,female,Android,220.71,False,
4248,2024-06-26,1,referral,724,True,2024-12-18,25-34,male,iOS,64.76,False,
4249,2024-10-29,3,referral,2725,False,,18-24,male,iOS,52.15,False,
4250,2024-03-27,1,paid_social,,False,,25-34,male,Android,161.91,False,
4251,2024-12-25,6,paid_search,,False,,45+,male,Android,250.26,False,
4252,2024-08-09,1,organic,,False,,18-24,male,Android,,False,
4253,2024-05-21,2,paid_search,,False,,35-44,female,Android,221.02,False,
4254,2024-05-11,1,push_reactivation,,False,,18-24,male,iOS,38.31,False,
4255,2024-12-19,1,paid_social,,False,,25-34,female,iOS,190.38,False,
4256,2024-05-07,5,organic,,False,,35-44,male,Android,,False,
4257,2024-10-17,1,paid_social,,False,,25-34,female,Android,201.25,False,
4258,2024-03-28,8,paid_social,,False,,35-44,male,iOS,176.75,False,
4259,2024-09-28,2,organic,,False,,35-44,male,Android,,False,
4260,2024-09-16,2,paid_social,,False,,45+,male,Android,178.96,False,
4261,2024-08-04,2,referral,1650,False,,18-24,female,iOS,59.55,False,
4262,2024-09-06,3,referral,1330,False,,25-34,female,Android,63.22,False,
4263,2024-07-26,3,paid_social,,True,2024-11-10,25-34,male,Android,175.02,False,
4264,2024-09-28,4,paid_social,,False,,35-44,male,Android,192.06,False,
4265,2024-07-20,4,organic,,False,,35-44,male,Android,,False,
4266,2024-12-01,1,organic,,False,,18-24,male,Android,,False,
4267,2024-09-08,3,organic,,False,,45+,male,Android,,False,
4268,2024-05-19,1,referral,1592,False,,35-44,female,iOS,56.2,False,
4269,2024-06-04,2,organic,,True,2024-11-08,35-44,male,iOS,,False,
4270,2024-12-23,10,organic,,False,,25-34,male,Android,,False,
4271,2024-05-25,2,paid_search,,False,,18-24,female,Android,231.98,False,
4272,2024-12-04,2,paid_social,,False,,35-44,female,Android,203.22,False,
4273,2024-05-07,3,referral,3494,False,,25-34,male,Android,61.66,False,
4274,2024-04-14,6,paid_social,,False,,25-34,female,iOS,178.21,False,
4275,2024-02-29,4,paid_social,,False,,25-34,male,Android,169.16,False,
4276,2024-10-15,2,organic,,False,,35-44,male,Android,,False,
4277,2024-10-15,5,organic,,True,2024-11-17,45+,female,Android,,False,
4278,2024-11-23,4,organic,,False,,18-24,female,Android,,False,
4279,2024-10-06,5,organic,,False,,35-44,male,Android,,False,
4280,2024-10-03,10,organic,,False,,25-34,male,iOS,,False,
4281,2024-06-23,1,organic,,False,,35-44,male,Android,,False,
4282,2024-04-14,2,paid_social,,True,2024-05-15,25-34,male,Android,204.91,False,
4283,2024-11-05,2,paid_social,,False,,18-24,male,iOS,157.38,False,
4284,2024-06-11,5,paid_social,,False,,18-24,female,Android,180.02,False,
4285,2024-03-28,3,organic,,False,,18-24,female,Android,,False,
4286,2024-11-24,2,organic,,False,,35-44,male,Android,,False,
4287,2024-11-17,8,referral,2653,True,2024-12-19,25-34,female,Android,66.05,False,
4288,2024-10-27,1,paid_search,,False,,18-24,male,Android,202.15,False,
4289,2024-08-03,10,organic,,False,,45+,male,Android,,False,
4290,2024-06-15,2,paid_social,,True,2024-10-16,35-44,male,Android,175.19,False,
4291,2024-10-13,3,paid_social,,False,,18-24,male,Android,169.94,False,
4292,2024-02-23,2,paid_search,,False,,35-44,male,Android,240.35,False,
4293,2024-09-02,4,organic,,False,,45+,male,Android,,False,
4294,2024-04-16,5,paid_search,,False,,18-24,female,Android,187.99,False,
4295,2024-06-07,6,organic,,True,2024-12-19,18-24,female,Android,,False,
4296,2024-06-19,6,referral,3519,False,,25-34,male,iOS,64.85,False,
4297,2024-12-18,1,paid_search,,False,,45+,male,Android,227.18,False,
4298,2024-12-27,2,paid_search,,False,,35-44,male,Android,190.7,False,
4299,2024-04-11,1,organic,,False,,45+,male,Android,,False,
4300,2024-06-01,2,organic,,False,,25-34,female,iOS,,False,
4301,2024-08-14,2,organic,,False,,18-24,female,Android,,False,
4302,2024-06-26,3,paid_social,,False,,25-34,male,Android,172.27,False,
4303,2024-07-31,9,paid_search,,False,,45+,male,Android,245.9,False,
4304,2024-02-28,1,paid_search,,False,,25-34,male,Android,212.31,False,
4305,2024-09-24,4,paid_social,,False,,25-34,female,Android,198.25,False,
4306,2024-11-24,6,organic,,False,,25-34,male,Android,,False,
4307,2024-07-24,4,referral,1523,True,2024-08-08,18-24,female,Android,60.72,False,
4308,2024-08-18,1,organic,,False,,25-34,female,Android,,False,
4309,2024-09-09,1,paid_social,,False,,18-24,female,Android,189.64,False,
4310,2024-02-16,1,organic,,True,2024-08-13,18-24,male,Android,,False,
4311,2024-02-21,2,organic,,False,,25-34,male,Android,,False,
4312,2024-08-07,6,organic,,False,,25-34,male,Android,,False,
4313,2024-08-22,1,organic,,True,2024-10-01,35-44,female,Android,,False,
4314,2024-12-11,4,paid_social,,False,,18-24,female,Android,156.98,False,
4315,2024-02-12,2,organic,,False,,25-34,male,Android,,False,
4316,2024-07-22,2,paid_search,,False,,25-34,male,Android,238.74,False,
4317,2024-04-20,4,organic,,False,,25-34,male,Android,,False,
4318,2024-06-11,2,paid_social,,False,,35-44,female,Android,189.31,False,
4319,2024-10-11,5,paid_search,,False,,45+,female,Android,207.36,False,
4320,2024-06-11,2,referral,931,True,2024-09-01,18-24,male,iOS,66.59,False,
4321,2024-08-29,5,paid_social,,False,,25-34,male,Android,185.89,False,
4322,2024-11-21,2,paid_social,,False,,25-34,male,Android,169.12,False,
4323,2024-04-07,2,paid_search,,False,,35-44,female,Android,224.12,False,
4324,2024-04-21,2,paid_search,,False,,45+,female,Android,245.39,False,
4325,2024-11-14,1,organic,,False,,35-44,female,Android,,False,
4326,2024-10-10,2,paid_search,,False,,25-34,female,Android,197.43,False,
4327,2024-09-23,5,organic,,False,,35-44,male,Android,,False,
4328,2024-07-15,2,paid_social,,False,,25-34,female,Android,174.86,False,
4329,2024-12-02,1,organic,,False,,25-34,female,Android,,False,
4330,2024-09-29,9,paid_social,,False,,25-34,female,iOS,168.94,False,
4331,2024-10-10,8,organic,,False,,18-24,female,iOS,,False,
4332,2024-07-30,1,paid_search,,True,2024-09-21,18-24,female,Android,197.14,False,
4333,2024-03-13,1,organic,,False,,25-34,male,iOS,,False,
4334,2024-12-22,3,organic,,False,,35-44,female,Android,,False,
4335,2024-11-23,2,paid_social,,False,,18-24,female,Android,155.07,False,
4336,2024-08-26,1,organic,,False,,18-24,female,Android,,False,
4337,2024-03-14,1,paid_social,,False,,18-24,male,Android,204.93,False,
4338,2024-11-04,2,organic,,True,2024-11-14,45+,male,iOS,,False,
4339,2024-04-24,3,referral,900,False,,35-44,male,Android,61.46,False,
4340,2024-01-05,2,organic,,False,,25-34,female,Android,,False,
4341,2024-12-04,10,paid_search,,False,,35-44,female,Android,230.13,False,
4342,2024-12-17,2,paid_search,,False,,25-34,male,iOS,200.52,False,
4343,2024-12-02,2,organic,,False,,25-34,male,Android,,False,
4344,2024-10-07,8,organic,,False,,35-44,male,Android,,False,
4345,2024-12-25,6,paid_search,,False,,25-34,female,Android,233.13,False,
4346,2024-02-19,4,paid_social,,False,,35-44,male,Android,180.44,False,
4347,2024-09-04,7,paid_social,,False,,45+,female,Android,153.28,False,
4348,2024-11-23,2,referral,973,True,2024-12-11,18-24,male,iOS,60.21,False,
4349,2024-10-12,2,push_reactivation,,True,2024-11-23,18-24,female,Android,40.8,False,
4350,2024-05-17,5,paid_social,,False,,18-24,female,Android,196.58,False,
4351,2024-09-26,2,referral,4324,False,,18-24,male,Android,54.75,False,
4352,2024-06-20,2,organic,,False,,35-44,female,iOS,,False,
4353,2024-08-27,2,paid_social,,False,,25-34,other,Android,184.64,False,
4354,2024-06-29,1,paid_search,,False,,25-34,female,Android,196.95,False,
4355,2024-03-30,1,referral,2812,False,,18-24,female,iOS,56.61,False,
4356,2024-04-19,1,paid_search,,True,2024-08-22,45+,male,iOS,246.27,False,
4357,2024-09-14,2,push_reactivation,,False,,35-44,female,Android,38.06,False,
4358,2024-10-07,2,referral,3957,True,2024-12-10,18-24,female,Android,51.86,False,
4359,2024-08-25,2,organic,,False,,18-24,male,iOS,,False,
4360,2024-04-17,6,paid_search,,False,,18-24,male,Android,210.13,False,
4361,2024-10-02,1,paid_search,,False,,18-24,female,iOS,203.13,False,
4362,2024-02-28,2,organic,,False,,35-44,female,Android,,False,
4363,2024-11-07,4,organic,,False,,35-44,female,iOS,,False,
4364,2024-12-16,1,organic,,False,,18-24,male,Android,,False,
4365,2024-06-01,9,paid_social,,False,,25-34,male,Android,180.3,False,
4366,2024-09-20,3,referral,3283,False,,18-24,male,Android,65.11,False,
4367,2024-03-17,2,paid_search,,False,,18-24,female,Android,193.03,False,
4368,2024-12-09,6,paid_search,,True,2024-12-17,25-34,male,Android,188.65,False,
4369,2024-12-23,6,referral,3189,False,,18-24,female,Android,51.19,False,
4370,2024-07-20,4,organic,,False,,18-24,female,Android,,False,
4371,2024-11-19,6,organic,,False,,45+,male,Android,,False,
4372,2024-12-22,3,paid_social,,False,,25-34,male,Android,198.1,False,
4373,2024-09-23,9,paid_social,,False,,35-44,male,Android,192.79,False,
4374,2024-01-31,2,organic,,False,,45+,male,Android,,False,
4375,2024-10-14,2,referral,1756,False,,25-34,male,Android,59.66,False,
4376,2024-05-05,1,referral,3907,False,,18-24,female,Android,67.1,False,
4377,2024-10-29,2,paid_search,,False,,25-34,female,Android,230.89,False,
4378,2024-03-16,4,paid_social,,False,,18-24,female,Android,158.11,False,
4379,2024-09-12,4,referral,1429,False,,25-34,female,iOS,55.51,False,
4380,2024-07-14,2,paid_social,,False,,25-34,male,iOS,202.82,False,
4381,2024-08-10,1,organic,,False,,18-24,female,iOS,,False,
4382,2024-12-24,1,referral,3398,False,,45+,female,iOS,66.95,False,
4383,2024-05-30,10,organic,,True,2024-09-27,45+,other,iOS,,False,
4384,2024-11-22,2,paid_social,,False,,18-24,female,Android,177.41,False,
4385,2024-05-06,1,referral,3266,False,,35-44,male,iOS,61.79,False,
4386,2024-05-11,3,paid_social,,False,,45+,male,iOS,179.6,False,
4387,2024-12-03,6,push_reactivation,,False,,25-34,female,Android,37.21,False,
4388,2024-08-30,6,push_reactivation,,False,,45+,male,Android,39.47,False,
4389,2024-06-20,2,referral,124,True,2024-10-28,18-24,male,iOS,53.93,False,
4390,2024-09-06,2,paid_search,,False,,25-34,male,Android,250.2,False,
4391,2024-06-14,2,paid_social,,False,,18-24,female,iOS,204.36,False,
4392,2024-11-10,3,organic,,False,,25-34,female,Android,,False,
4393,2024-11-16,2,organic,,False,,18-24,male,iOS,,False,
4394,2024-08-18,3,paid_social,,True,2024-10-30,35-44,male,iOS,170.21,False,
4395,2024-11-11,2,paid_search,,False,,25-34,female,Android,244.64,False,
4396,2024-03-30,3,paid_social,,False,,45+,female,Android,158.7,False,
4397,2024-04-21,2,paid_social,,False,,35-44,female,Android,160.87,False,
4398,2024-08-09,3,organic,,False,,25-34,male,Android,,False,
4399,2024-07-22,3,organic,,False,,18-24,female,Android,,False,
4400,2024-11-27,5,paid_social,,False,,45+,male,iOS,153.86,False,
4401,2024-12-04,4,organic,,False,,25-34,female,Android,,False,
4402,2024-12-20,3,referral,1079,True,2024-12-26,25-34,male,iOS,66.73,False,
4403,2024-06-02,9,referral,163,False,,25-34,female,Android,52.13,False,
4404,2024-11-19,4,paid_search,,False,,25-34,female,Android,252.49,False,
4405,2024-09-01,2,paid_search,,False,,25-34,female,Android,188.38,False,
4406,2024-12-02,2,organic,,False,,45+,male,Android,,False,
4407,2024-12-16,2,organic,,True,2024-12-22,25-34,female,iOS,,False,
4408,2024-09-24,2,paid_social,,False,,25-34,female,iOS,178.93,False,
4409,2024-12-22,6,push_reactivation,,False,,18-24,female,iOS,34.23,False,
4410,2024-12-03,2,paid_search,,False,,18-24,female,Android,211.14,False,
4411,2024-11-17,4,paid_social,,False,,18-24,female,iOS,190.82,False,
4412,2024-12-20,9,organic,,False,,25-34,male,Android,,False,
4413,2024-09-21,2,organic,,False,,18-24,male,iOS,,False,
4414,2024-05-02,6,organic,,False,,25-34,male,iOS,,False,
4415,2024-10-08,3,organic,,False,,35-44,male,Android,,False,
4416,2024-01-13,4,paid_search,,False,,18-24,female,Android,235.74,False,
4417,2024-08-17,4,paid_search,,False,,25-34,female,Android,203.12,False,
4418,2024-08-09,2,paid_social,,False,,18-24,male,Android,179.25,False,
4419,2024-07-23,3,paid_social,,False,,25-34,female,Android,187.08,False,
4420,2024-11-05,2,paid_social,,False,,18-24,female,Android,199.79,False,
4421,2024-10-31,3,paid_social,,False,,18-24,male,Android,172.16,False,
4422,2024-06-09,1,referral,3361,False,,35-44,female,iOS,64.59,False,
4423,2024-09-08,6,referral,2679,False,,35-44,male,Android,66.63,False,
4424,2024-10-08,6,referral,202,False,,18-24,male,Android,60.83,False,
4425,2024-08-05,5,organic,,True,2024-12-25,35-44,male,iOS,,False,
4426,2024-01-26,1,organic,,True,2024-03-13,18-24,male,Android,,False,
4427,2024-11-14,4,paid_social,,False,,25-34,male,Android,166.25,False,
4428,2024-10-14,1,paid_social,,False,,25-34,female,Android,203.37,False,
4429,2024-12-23,2,paid_search,,False,,25-34,male,Android,220.85,False,
4430,2024-06-19,3,referral,1267,False,,18-24,male,Android,63.05,False,
4431,2024-09-05,8,organic,,False,,25-34,male,Android,,False,
4432,2024-06-13,1,paid_social,,True,2024-06-18,18-24,female,Android,201.99,False,
4433,2024-07-28,5,paid_social,,False,,25-34,female,Android,188.24,False,
4434,2024-08-25,2,push_reactivation,,False,,45+,female,Android,35.54,False,
4435,2024-09-19,1,paid_search,,False,,18-24,male,iOS,207.7,False,
4436,2024-12-26,2,organic,,False,,25-34,male,Android,,False,
4437,2024-10-26,8,paid_social,,False,,25-34,female,Android,193.84,False,
4438,2024-06-20,2,referral,2251,False,,35-44,male,Android,55.45,False,
4439,2024-02-03,5,referral,1377,False,,18-24,female,iOS,57.39,False,
4440,2024-11-09,3,referral,256,False,,25-34,male,Android,55.28,False,
4441,2024-10-21,1,paid_social,,False,,25-34,male,Android,205.62,False,
4442,2024-08-08,1,organic,,False,,25-34,male,Android,,False,
4443,2024-05-26,9,paid_social,,False,,25-34,male,iOS,166.2,False,
4444,2024-10-07,2,organic,,False,,35-44,male,Android,,False,
4445,2024-11-17,3,organic,,False,,35-44,female,Android,,False,
4446,2024-01-20,3,organic,,False,,35-44,female,Android,,False,
4447,2024-12-17,3,organic,,False,,35-44,male,Android,,False,
4448,2024-09-12,2,paid_search,,False,,25-34,female,iOS,197.3,False,
4449,2024-07-29,2,referral,3247,False,,18-24,male,Android,58.03,False,
4450,2024-06-14,2,organic,,False,,18-24,female,iOS,,False,
4451,2024-08-18,2,referral,134,True,2024-09-25,25-34,male,iOS,56.73,False,
4452,2024-10-28,2,paid_social,,False,,45+,female,iOS,155.88,False,
4453,2024-08-30,2,organic,,False,,25-34,male,Android,,False,
4454,2024-09-01,4,organic,,False,,18-24,male,Android,,False,
4455,2024-07-10,4,paid_search,,False,,35-44,female,iOS,192.26,False,
4456,2024-12-23,3,referral,4206,False,,25-34,male,iOS,64.41,False,
4457,2024-10-08,1,paid_search,,False,,18-24,male,Android,228.42,False,
4458,2024-02-01,2,paid_search,,True,2024-09-27,25-34,male,Android,202.81,False,
4459,2024-06-07,2,organic,,False,,25-34,female,Android,,False,
4460,2024-09-12,2,paid_social,,False,,25-34,female,iOS,155.77,False,
4461,2024-09-17,7,organic,,False,,25-34,female,Android,,False,
4462,2024-01-09,4,paid_search,,True,2024-02-16,25-34,female,iOS,239.75,False,
4463,2024-06-07,2,organic,,False,,45+,male,Android,,False,
4464,2024-11-12,2,paid_search,,True,2024-12-17,45+,male,Android,187.69,False,
4465,2024-02-11,4,paid_search,,False,,25-34,female,Android,246.73,False,
4466,2024-12-08,4,organic,,False,,25-34,male,Android,,False,
4467,2024-10-25,1,paid_social,,False,,25-34,male,Android,189.07,False,
4468,2024-05-13,7,paid_search,,True,2024-06-01,25-34,male,Android,192.95,False,
4469,2024-08-20,4,organic,,True,2024-09-26,25-34,female,Android,,False,
4470,2024-05-31,3,paid_social,,False,,25-34,female,Android,206.46,False,
4471,2024-07-23,2,paid_search,,False,,25-34,female,Android,235.59,False,
4472,2024-07-12,10,paid_social,,True,2024-09-19,25-34,male,Android,206.17,False,
4473,2024-07-16,10,paid_search,,False,,35-44,male,Android,236.41,False,
4474,2024-09-27,2,organic,,True,2024-10-12,25-34,male,Android,,False,
4475,2024-05-24,5,organic,,False,,18-24,other,Android,,False,
4476,2024-10-03,2,organic,,False,,45+,female,Android,,False,
4477,2024-08-26,5,organic,,False,,18-24,male,Android,,False,
4478,2024-11-09,2,referral,4027,True,2024-11-19,18-24,female,Android,62.3,False,
4479,2024-12-23,6,organic,,False,,25-34,female,Android,,False,
4480,2024-11-07,10,referral,3796,False,,25-34,male,Android,55.68,False,
4481,2024-09-07,2,paid_search,,False,,25-34,male,Android,239.59,False,
4482,2024-11-24,8,organic,,False,,18-24,male,Android,,False,
4483,2024-04-02,2,paid_social,,True,2024-06-09,35-44,female,Android,201.6,False,
4484,2024-06-22,1,organic,,False,,35-44,male,Android,,False,
4485,2024-05-05,2,referral,2304,False,,25-34,female,Android,52.63,False,
4486,2024-08-16,6,paid_social,,False,,25-34,male,Android,198.11,False,
4487,2024-09-30,8,referral,1251,False,,35-44,male,Android,62.81,False,
4488,2024-12-14,2,referral,4114,False,,45+,male,Android,68.48,False,
4489,2024-08-27,2,organic,,False,,18-24,male,iOS,,False,
4490,2024-12-23,4,paid_search,,False,,45+,male,Android,252.27,False,
4491,2024-11-29,2,paid_social,,False,,25-34,male,iOS,191.72,False,
4492,2024-09-06,2,paid_social,,False,,25-34,female,Android,186.32,False,
4493,2024-12-19,2,paid_social,,False,,35-44,female,Android,204.94,False,
4494,2024-09-07,2,paid_social,,False,,18-24,female,Android,163.88,False,
4495,2024-09-20,3,organic,,True,2024-10-18,35-44,male,iOS,,False,
4496,2024-01-24,7,paid_social,,False,,18-24,male,Android,160.93,False,
4497,2024-10-10,3,organic,,False,,25-34,male,Android,,False,
4498,2024-06-23,2,paid_search,,False,,18-24,male,Android,219.6,False,
4499,2024-09-23,2,push_reactivation,,False,,18-24,male,Android,37.14,False,
4500,2024-12-22,4,referral,771,False,,35-44,male,iOS,53.12,False,
4501,2024-10-25,1,paid_search,,False,,35-44,male,iOS,217.3,False,
4502,2024-04-28,2,paid_social,,False,,25-34,female,iOS,192.72,False,
4503,2024-09-19,10,organic,,False,,25-34,female,Android,,False,
4504,2024-08-27,8,organic,,False,,25-34,female,iOS,,False,
4505,2024-12-22,2,paid_social,,False,,25-34,female,Android,192.36,False,
4506,2024-08-15,1,paid_search,,False,,25-34,female,Android,224.21,False,
4507,2024-12-24,2,push_reactivation,,False,,18-24,male,Android,40.73,False,
4508,2024-11-11,6,paid_search,,False,,25-34,male,Android,197.22,False,
4509,2024-12-14,3,paid_social,,False,,18-24,female,iOS,160.44,False,
4510,2024-03-28,8,paid_social,,False,,25-34,female,Android,196.06,False,
4511,2024-09-05,3,organic,,False,,35-44,female,Android,,False,
4512,2024-04-09,2,paid_search,,False,,18-24,male,Android,206.68,False,
4513,2024-07-10,2,paid_social,,False,,25-34,female,Android,174.93,False,
4514,2024-02-11,3,organic,,True,2024-08-04,25-34,male,Android,,False,
4515,2024-06-20,2,paid_social,,False,,45+,male,Android,191.57,False,
4516,2024-06-09,8,paid_search,,False,,35-44,female,Android,199.39,False,
4517,2024-07-17,4,organic,,False,,35-44,male,Android,,False,
4518,2024-06-29,2,paid_search,,False,,18-24,female,Android,220.21,False,
4519,2024-07-02,2,paid_search,,False,,35-44,male,Android,235.37,False,
4520,2024-04-29,2,organic,,False,,25-34,male,iOS,,False,
4521,2024-07-02,4,organic,,False,,35-44,male,iOS,,False,
4522,2024-11-28,2,paid_search,,False,,45+,female,Android,238.03,False,
4523,2024-05-17,4,paid_search,,False,,45+,male,Android,211.5,False,
4524,2024-05-06,1,paid_social,,False,,25-34,male,Android,188.32,False,
4525,2024-02-08,4,organic,,False,,18-24,male,Android,,False,
4526,2024-10-17,2,paid_search,,False,,35-44,female,Android,214.32,False,
4527,2024-10-19,2,organic,,False,,35-44,male,Android,,False,
4528,2024-10-16,3,paid_search,,False,,18-24,female,iOS,190.9,False,
4529,2024-11-09,2,paid_search,,False,,25-34,male,Android,250.44,False,
4530,2024-05-25,2,referral,1814,False,,18-24,male,Android,53.29,False,
4531,2024-02-29,1,organic,,False,,18-24,female,Android,,False,
4532,2024-10-25,2,referral,3646,True,2024-11-23,35-44,male,Android,53.44,False,
4533,2024-07-06,3,organic,,False,,35-44,male,Android,,False,
4534,2024-04-20,3,organic,,False,,25-34,female,iOS,,False,
4535,2024-05-01,1,organic,,False,,35-44,male,iOS,,False,
4536,2024-07-19,3,paid_social,,False,,25-34,male,Android,185.12,False,
4537,2024-12-25,6,organic,,False,,45+,female,Android,,False,
4538,2024-04-12,3,paid_search,,False,,18-24,female,Android,247.16,False,
4539,2024-09-30,5,organic,,False,,25-34,male,iOS,,False,
4540,2024-06-13,5,paid_search,,False,,18-24,female,iOS,217.39,False,
4541,2024-02-22,1,paid_social,,False,,25-34,female,Android,179.69,False,
4542,2024-04-08,3,organic,,False,,25-34,male,iOS,,False,
4543,2024-09-22,2,paid_social,,False,,35-44,male,Android,153.99,False,
4544,2024-06-15,4,referral,1151,False,,25-34,other,Android,56.3,False,
4545,2024-07-22,2,paid_social,,False,,45+,male,Android,191.84,False,
4546,2024-07-06,5,paid_search,,False,,25-34,male,Android,230.27,False,
4547,2024-06-08,2,organic,,True,2024-11-30,18-24,male,iOS,,False,
4548,2024-10-20,8,paid_social,,False,,35-44,female,Android,173.9,False,
4549,2024-11-14,3,referral,965,False,,18-24,female,Android,55.05,False,
4550,2024-12-26,6,organic,,False,,35-44,female,iOS,,False,
4551,2024-05-19,2,push_reactivation,,False,,25-34,female,Android,45.78,False,
4552,2024-06-09,1,organic,,False,,45+,female,Android,,False,
4553,2024-11-13,3,paid_social,,False,,25-34,female,iOS,177.71,False,
4554,2024-08-17,6,paid_social,,False,,25-34,female,Android,183.17,False,
4555,2024-01-27,5,paid_social,,True,2024-09-21,35-44,female,Android,164.37,False,
4556,2024-08-27,4,paid_social,,False,,35-44,male,iOS,200.87,False,
4557,2024-11-19,2,organic,,False,,25-34,female,Android,,False,
4558,2024-06-14,2,organic,,False,,25-34,male,Android,,False,
4559,2024-09-30,1,push_reactivation,,False,,25-34,male,iOS,36.12,False,
4560,2024-12-21,2,paid_social,,False,,25-34,male,Android,171.75,False,
4561,2024-04-28,2,referral,2648,True,2024-06-28,35-44,female,Android,67.72,False,
4562,2024-12-13,6,referral,1582,False,,18-24,male,Android,60.63,False,
4563,2024-11-01,1,paid_search,,False,,18-24,female,Android,215.39,False,
4564,2024-12-11,4,organic,,True,2024-12-28,25-34,male,iOS,,False,
4565,2024-09-10,2,organic,,False,,25-34,female,iOS,,False,
4566,2024-12-27,6,paid_social,,False,,25-34,male,Android,172.8,False,
4567,2024-06-06,4,push_reactivation,,True,2024-07-26,45+,female,Android,45.14,False,
4568,2024-12-11,3,push_reactivation,,False,,25-34,female,iOS,41.55,False,
4569,2024-09-15,9,organic,,False,,35-44,female,Android,,False,
4570,2024-08-12,2,organic,,False,,18-24,female,Android,,False,
4571,2024-07-29,2,referral,3315,True,2024-12-24,25-34,female,Android,54.73,False,
4572,2024-11-05,2,organic,,False,,25-34,female,iOS,,False,
4573,2024-10-04,3,paid_social,,False,,45+,female,Android,156.27,False,
4574,2024-06-07,3,organic,,False,,25-34,female,Android,,False,
4575,2024-11-19,2,organic,,False,,18-24,male,iOS,,False,
4576,2024-11-17,6,organic,,False,,25-34,female,Android,,False,
4577,2024-07-13,1,organic,,False,,25-34,female,iOS,,False,
4578,2024-06-29,6,organic,,False,,25-34,male,Android,,False,
4579,2024-03-15,2,referral,1424,True,2024-04-14,35-44,male,Android,64.26,False,
4580,2024-07-07,4,referral,1712,False,,18-24,male,Android,62.8,False,
4581,2024-07-26,4,paid_social,,True,2024-08-06,18-24,female,Android,177.59,False,
4582,2024-10-14,8,organic,,False,,18-24,male,iOS,,False,
4583,2024-04-17,1,organic,,False,,18-24,female,iOS,,False,
4584,2024-08-05,7,organic,,False,,25-34,male,Android,,False,
4585,2024-04-16,1,organic,,False,,25-34,female,Android,,False,
4586,2024-11-08,4,organic,,True,2024-11-27,25-34,male,iOS,,False,
4587,2024-12-16,3,organic,,False,,18-24,female,Android,,False,
4588,2024-11-03,5,organic,,False,,18-24,female,Android,,False,
4589,2024-02-06,1,organic,,False,,25-34,female,Android,,False,
4590,2024-12-14,2,organic,,False,,45+,female,iOS,,False,
4591,2024-08-01,6,referral,4195,False,,25-34,female,iOS,51.18,False,
4592,2024-09-20,6,paid_search,,False,,18-24,male,Android,239.75,False,
4593,2024-11-12,1,paid_social,,False,,25-34,female,Android,197.27,False,
4594,2024-10-02,4,paid_social,,False,,35-44,male,Android,204.82,False,
4595,2024-11-30,6,paid_search,,False,,35-44,male,iOS,252.84,False,
4596,2024-07-12,1,paid_search,,False,,25-34,male,Android,187.74,False,
4597,2024-10-19,1,paid_search,,False,,18-24,female,iOS,233.32,False,
4598,2024-11-09,2,organic,,False,,18-24,female,Android,,False,
4599,2024-03-28,1,organic,,False,,25-34,female,Android,,False,
4600,2024-12-03,5,paid_social,,False,,25-34,female,Android,160.24,False,
4601,2024-10-24,3,organic,,False,,25-34,female,Android,,False,
4602,2024-06-01,5,organic,,False,,18-24,female,Android,,False,
4603,2024-08-05,6,paid_social,,False,,25-34,female,Android,173.35,False,
4604,2024-07-19,2,organic,,False,,35-44,male,Android,,False,
4605,2024-10-12,2,paid_social,,True,2024-10-23,35-44,female,Android,202.47,False,
4606,2024-06-28,4,organic,,False,,18-24,male,Android,,False,
4607,2024-12-01,2,organic,,False,,35-44,female,iOS,,False,
4608,2024-09-07,1,organic,,False,,18-24,male,Android,,False,
4609,2024-09-01,1,paid_social,,True,2024-12-17,45+,female,Android,192.21,False,
4610,2024-07-28,2,push_reactivation,,False,,18-24,other,Android,45.23,False,
4611,2024-10-19,2,organic,,False,,25-34,male,iOS,,False,
4612,2024-07-20,4,paid_social,,False,,45+,female,Android,188.23,False,
4613,2024-06-21,2,paid_social,,False,,25-34,male,Android,159.46,False,
4614,2024-08-27,10,organic,,False,,18-24,female,Android,,False,
4615,2024-11-10,1,paid_search,,False,,18-24,male,Android,245.01,False,
4616,2024-09-08,5,referral,2736,True,2024-10-13,25-34,female,iOS,63.2,False,
4617,2024-10-20,3,organic,,True,2024-11-05,25-34,male,iOS,,False,
4618,2024-10-14,2,paid_search,,False,,25-34,male,Android,220.28,False,
4619,2024-08-28,2,paid_social,,False,,25-34,male,Android,154.74,False,
4620,2024-03-22,2,paid_social,,False,,35-44,male,Android,186.6,False,
4621,2024-08-24,3,organic,,True,2024-10-31,18-24,male,Android,,False,
4622,2024-11-10,3,paid_search,,False,,25-34,female,iOS,231.1,False,
4623,2024-11-21,1,paid_search,,False,,45+,male,Android,246.56,False,
4624,2024-05-11,3,paid_social,,False,,25-34,female,Android,153.79,False,
4625,2024-09-18,2,referral,3402,False,,18-24,other,iOS,64.75,False,
4626,2024-07-21,2,organic,,False,,35-44,female,iOS,,False,
4627,2024-12-24,3,referral,3902,True,2024-12-30,18-24,male,Android,53.92,False,
4628,2024-08-15,2,paid_search,,False,,45+,male,Android,187.28,False,
4629,2024-08-22,4,paid_search,,True,2024-10-21,35-44,male,Android,235.63,False,
4630,2024-08-27,4,organic,,False,,18-24,female,Android,,False,
4631,2024-05-27,9,referral,864,False,,18-24,female,iOS,51.47,False,
4632,2024-06-15,2,paid_social,,False,,18-24,male,Android,206.01,False,
4633,2024-06-28,1,paid_social,,False,,25-34,female,Android,192.75,False,
4634,2024-11-07,2,organic,,False,,25-34,male,Android,,False,
4635,2024-09-13,3,paid_social,,False,,25-34,female,iOS,181.96,False,
4636,2024-10-31,7,organic,,False,,25-34,female,iOS,,False,
4637,2024-06-24,8,organic,,True,2024-11-01,45+,male,iOS,,False,
4638,2024-02-29,10,organic,,True,2024-05-08,18-24,female,Android,,False,
4639,2024-12-10,2,paid_social,,True,2024-12-28,25-34,female,Android,181.39,False,
4640,2024-12-26,3,organic,,False,,25-34,male,Android,,False,
4641,2024-12-28,5,organic,,False,,18-24,male,Android,,False,
4642,2024-11-16,2,paid_social,,True,2024-12-29,18-24,female,Android,168.86,False,
4643,2024-03-31,1,organic,,True,2024-12-15,25-34,male,iOS,,False,
4644,2024-04-10,2,paid_social,,False,,18-24,male,Android,176.13,False,
4645,2024-07-29,1,organic,,False,,25-34,male,Android,,False,
4646,2024-08-28,4,paid_social,,True,2024-10-15,35-44,male,Android,206.43,False,
4647,2024-12-02,2,paid_social,,True,2024-12-08,18-24,male,iOS,186.25,False,
4648,2024-07-25,3,paid_social,,False,,18-24,female,Android,203.32,False,
4649,2024-11-10,4,paid_search,,False,,18-24,male,Android,235.07,False,
4650,2024-10-20,4,paid_social,,False,,45+,male,iOS,175.11,False,
4651,2024-09-27,2,paid_social,,False,,35-44,male,iOS,175.37,False,
4652,2024-11-09,4,organic,,True,2024-12-26,18-24,male,Android,,False,
4653,2024-12-22,5,referral,4630,False,,25-34,female,Android,65.77,False,
4654,2024-10-20,3,paid_search,,False,,35-44,male,Android,248.8,False,
4655,2024-06-08,1,paid_social,,True,2024-07-04,18-24,female,iOS,166.93,False,
4656,2024-12-02,3,paid_social,,False,,25-34,male,Android,203.5,False,
4657,2024-09-29,2,paid_social,,False,,18-24,male,Android,205.63,False,
4658,2024-12-29,2,paid_social,,False,,25-34,male,Android,172.42,False,
4659,2024-06-21,7,referral,3339,False,,25-34,female,Android,65.7,False,
4660,2024-08-25,3,paid_social,,False,,18-24,male,iOS,173.14,False,
4661,2024-07-27,3,paid_search,,False,,25-34,male,iOS,201.39,False,
4662,2024-07-04,4,paid_social,,False,,35-44,female,Android,185.17,False,
4663,2024-11-06,2,referral,2023,False,,45+,female,Android,61.54,False,
4664,2024-06-28,8,referral,628,False,,35-44,male,Android,67.52,False,
4665,2024-10-18,1,organic,,False,,35-44,male,Android,,False,
4666,2024-03-26,6,organic,,False,,25-34,female,Android,,False,
4667,2024-10-19,1,organic,,False,,35-44,female,iOS,,False,
4668,2024-07-15,2,paid_social,,False,,35-44,male,Android,180.12,False,
4669,2024-04-18,6,referral,3103,False,,45+,male,iOS,65.24,False,
4670,2024-10-27,5,paid_search,,False,,25-34,female,iOS,235.88,False,
4671,2024-09-22,6,referral,620,False,,18-24,female,Android,59.33,False,
4672,2024-10-12,2,paid_social,,False,,18-24,male,Android,171.49,False,
4673,2024-11-07,2,paid_search,,False,,25-34,male,iOS,192.54,False,
4674,2024-12-28,1,paid_social,,False,,18-24,male,Android,186.88,False,
4675,2024-10-27,4,organic,,False,,35-44,female,Android,,False,
4676,2024-04-14,8,paid_social,,False,,25-34,female,Android,162.79,False,
4677,2024-05-30,8,paid_search,,False,,25-34,female,Android,249.36,False,
4678,2024-12-07,2,organic,,False,,18-24,female,iOS,,False,
4679,2024-10-31,1,paid_social,,False,,35-44,male,Android,185.78,False,
4680,2024-10-17,5,organic,,False,,18-24,female,Android,,False,
4681,2024-11-24,2,organic,,False,,18-24,female,Android,,False,
4682,2024-08-24,6,organic,,False,,18-24,female,Android,,False,
4683,2024-07-13,2,organic,,False,,18-24,other,Android,,False,
4684,2024-10-03,3,organic,,False,,35-44,female,Android,,False,
4685,2024-11-03,10,organic,,False,,25-34,female,iOS,,False,
4686,2024-06-21,2,paid_social,,True,2024-10-17,25-34,male,Android,205.2,False,
4687,2024-11-02,3,paid_search,,False,,18-24,male,Android,222.48,False,
4688,2024-08-09,8,referral,1743,False,,25-34,female,Android,54.61,False,
4689,2024-09-27,7,push_reactivation,,False,,45+,female,Android,42.57,False,
4690,2024-09-06,8,paid_social,,False,,18-24,female,iOS,158.24,False,
4691,2024-07-27,2,paid_search,,False,,18-24,female,Android,237.59,False,
4692,2024-11-25,5,organic,,False,,25-34,female,iOS,,False,
4693,2024-10-13,3,referral,259,False,,25-34,female,iOS,56.22,False,
4694,2024-07-19,1,organic,,False,,45+,female,iOS,,False,
4695,2024-12-23,6,organic,,False,,25-34,male,iOS,,False,
4696,2024-06-12,6,referral,4533,False,,25-34,female,Android,60.43,False,
4697,2024-11-17,3,paid_social,,False,,25-34,male,Android,184.31,False,
4698,2024-09-16,8,organic,,False,,18-24,male,Android,,False,
4699,2024-09-05,3,paid_social,,False,,45+,male,iOS,184.75,False,
4700,2024-09-14,8,paid_social,,False,,45+,female,Android,192.89,False,
4701,2024-08-05,2,referral,1073,False,,45+,male,Android,52.23,False,
4702,2024-03-31,4,referral,1885,False,,45+,male,Android,61.05,False,
4703,2024-06-01,2,paid_social,,False,,35-44,male,iOS,159.54,False,
4704,2024-12-11,1,paid_social,,False,,25-34,female,Android,199.45,False,
4705,2024-08-27,2,paid_search,,False,,25-34,female,Android,225.63,False,
4706,2024-07-06,2,organic,,False,,25-34,male,Android,,False,
4707,2024-08-28,2,organic,,False,,35-44,male,iOS,,False,
4708,2024-05-01,1,organic,,False,,18-24,female,Android,,False,
4709,2024-05-12,6,push_reactivation,,False,,18-24,female,Android,37.99,False,
4710,2024-04-16,4,paid_search,,False,,25-34,female,Android,199.1,False,
4711,2024-12-22,1,organic,,True,2024-12-29,35-44,male,Android,,False,
4712,2024-09-24,4,organic,,False,,25-34,male,Android,,False,
4713,2024-10-28,10,paid_social,,False,,25-34,male,Android,174.84,False,
4714,2024-05-07,1,referral,1727,True,2024-07-28,25-34,female,Android,51.76,False,
4715,2024-12-25,5,paid_social,,False,,35-44,male,Android,156.2,False,
4716,2024-08-21,10,organic,,False,,18-24,female,Android,,False,
4717,2024-11-03,3,organic,,False,,35-44,male,Android,,False,
4718,2024-06-06,2,paid_social,,False,,35-44,male,iOS,197.06,False,
4719,2024-09-29,8,organic,,False,,18-24,male,iOS,,False,
4720,2024-01-27,4,organic,,True,2024-05-06,35-44,male,Android,,False,
4721,2024-05-25,3,organic,,False,,35-44,female,iOS,,False,
4722,2024-10-26,3,organic,,False,,25-34,male,Android,,False,
4723,2024-02-22,10,referral,4025,False,,45+,male,Android,56.39,False,
4724,2024-05-23,1,paid_social,,False,,35-44,female,iOS,181.96,False,
4725,2024-06-20,4,paid_search,,False,,45+,male,Android,222.61,False,
4726,2024-10-30,8,organic,,False,,18-24,female,Android,,False,
4727,2024-02-23,4,paid_social,,False,,25-34,male,Android,165.66,False,
4728,2024-06-19,6,paid_social,,False,,18-24,male,Android,197.4,False,
4729,2024-07-05,10,referral,2551,True,2024-10-13,45+,male,Android,63.42,False,
4730,2024-09-08,4,organic,,False,,18-24,male,Android,,False,
4731,2024-12-12,2,organic,,False,,18-24,female,Android,,False,
4732,2024-08-09,4,push_reactivation,,False,,45+,male,Android,42.19,False,
4733,2024-10-16,10,paid_search,,False,,25-34,male,iOS,213.33,False,
4734,2024-06-08,3,organic,,False,,18-24,female,Android,,False,
4735,2024-08-05,2,referral,2873,False,,18-24,male,iOS,66.93,False,
4736,2024-12-10,2,referral,2548,False,,25-34,male,Android,61.73,False,
4737,2024-02-06,1,referral,1905,False,,35-44,male,Android,60.18,False,
4738,2024-11-12,3,paid_search,,False,,25-34,female,iOS,242.41,False,
4739,2024-08-04,3,referral,4055,False,,18-24,female,Android,53.87,False,
4740,2024-05-30,1,paid_social,,False,,18-24,male,Android,190.88,False,
4741,2024-09-17,6,organic,,False,,35-44,male,Android,,False,
4742,2024-02-05,7,paid_search,,False,,45+,male,iOS,239.91,False,
4743,2024-11-07,3,paid_search,,False,,18-24,male,iOS,232.22,False,
4744,2024-07-30,2,paid_social,,False,,25-34,male,Android,154.37,False,
4745,2024-03-18,2,organic,,False,,25-34,female,iOS,,False,
4746,2024-09-12,3,referral,214,False,,25-34,female,Android,60.41,False,
4747,2024-05-20,2,paid_search,,False,,35-44,male,Android,192.76,False,
4748,2024-08-13,1,paid_search,,False,,18-24,male,Android,245.52,False,
4749,2024-10-24,3,organic,,False,,18-24,male,Android,,False,
4750,2024-12-18,2,organic,,False,,25-34,male,Android,,False,
4751,2024-06-22,1,organic,,False,,25-34,female,Android,,False,
4752,2024-07-10,2,organic,,True,2024-09-24,18-24,male,iOS,,False,
4753,2024-12-24,2,paid_search,,False,,25-34,female,Android,227.28,False,
4754,2024-12-25,2,paid_search,,False,,35-44,female,Android,202.46,False,
4755,2024-08-24,2,organic,,False,,18-24,male,Android,,False,
4756,2024-08-20,2,paid_search,,False,,25-34,female,Android,221.49,False,
4757,2024-09-13,7,organic,,True,2024-11-21,18-24,male,Android,,False,
4758,2024-09-01,4,referral,3567,False,,18-24,male,iOS,63.35,False,
4759,2024-08-16,7,paid_search,,False,,45+,male,Android,227.36,False,
4760,2024-06-09,2,paid_social,,False,,45+,male,Android,182.22,False,
4761,2024-02-15,3,referral,417,False,,25-34,female,iOS,59.32,False,
4762,2024-11-30,6,organic,,False,,18-24,male,Android,,False,
4763,2024-08-16,2,paid_social,,False,,45+,male,Android,178.66,False,
4764,2024-03-17,1,organic,,False,,18-24,male,Android,,False,
4765,2024-06-23,5,paid_social,,False,,25-34,female,iOS,206.48,False,
4766,2024-05-30,1,referral,525,False,,18-24,female,iOS,62.05,False,
4767,2024-10-18,2,organic,,False,,35-44,female,iOS,,False,
4768,2024-08-15,8,organic,,False,,35-44,male,iOS,,False,
4769,2024-06-29,2,organic,,True,2024-12-19,18-24,female,Android,,False,
4770,2024-12-04,1,organic,,False,,25-34,male,Android,,False,
4771,2024-12-20,1,paid_search,,False,,18-24,male,Android,206.25,False,
4772,2024-12-15,6,referral,4422,False,,25-34,male,iOS,54.33,False,
4773,2024-09-14,1,paid_social,,False,,18-24,female,Android,163.6,False,
4774,2024-08-20,9,push_reactivation,,False,,35-44,female,iOS,45.93,False,
4775,2024-08-14,7,organic,,False,,25-34,male,Android,,False,
4776,2024-03-07,1,paid_social,,False,,25-34,male,Android,171.99,False,
4777,2024-06-06,10,referral,151,True,2024-12-22,35-44,female,iOS,66.37,False,
4778,2024-09-12,8,organic,,True,2024-12-12,18-24,male,iOS,,False,
4779,2024-05-08,4,paid_social,,True,2024-08-31,18-24,male,Android,206.9,False,
4780,2024-08-05,6,paid_social,,False,,18-24,male,Android,160.94,False,
4781,2024-11-14,4,referral,1674,False,,25-34,female,iOS,54.76,False,
4782,2024-04-14,3,paid_social,,False,,18-24,male,iOS,166.93,False,
4783,2024-07-26,1,paid_search,,False,,35-44,male,Android,196.69,False,
4784,2024-09-03,1,referral,2162,False,,35-44,female,Android,53.32,False,
4785,2024-08-09,3,organic,,False,,18-24,male,Android,,False,
4786,2024-04-30,4,organic,,False,,35-44,female,Android,,False,
4787,2024-05-19,2,paid_social,,False,,18-24,female,Android,186.79,False,
4788,2024-06-18,5,organic,,False,,25-34,female,iOS,,False,
4789,2024-11-04,8,organic,,False,,35-44,other,iOS,,False,
4790,2024-12-19,2,referral,2024,False,,25-34,male,Android,59.69,False,
4791,2024-03-27,1,organic,,False,,25-34,female,Android,,False,
4792,2024-11-02,10,paid_social,,False,,18-24,female,iOS,176.87,False,
4793,2024-06-13,3,paid_search,,False,,35-44,female,Android,204.57,False,
4794,2024-10-01,1,organic,,False,,25-34,male,Android,,False,
4795,2024-12-24,7,organic,,False,,18-24,male,Android,,False,
4796,2024-10-02,6,paid_social,,False,,35-44,male,Android,171.82,False,
4797,2024-07-22,2,organic,,False,,18-24,female,iOS,,False,
4798,2024-02-13,1,organic,,False,,25-34,male,Android,,False,
4799,2024-07-14,1,paid_social,,False,,25-34,male,Android,201.64,False,
4800,2024-12-06,5,paid_search,,False,,35-44,male,Android,240.26,False,
4801,2024-10-15,9,paid_social,,False,,35-44,male,Android,178.88,False,
4802,2024-10-03,2,organic,,False,,18-24,male,Android,,False,
4803,2024-12-23,5,paid_search,,False,,25-34,male,iOS,222.86,False,
4804,2024-08-27,3,referral,4802,False,,35-44,male,iOS,54.6,False,
4805,2024-05-01,6,organic,,False,,25-34,male,Android,,False,
4806,2024-04-17,3,organic,,False,,18-24,male,Android,,False,
4807,2024-10-28,2,paid_search,,True,2024-11-04,18-24,male,Android,192.44,False,
4808,2024-01-14,2,referral,4476,True,2024-10-10,35-44,female,Android,68.22,False,
4809,2024-09-30,2,organic,,False,,35-44,male,Android,,False,
4810,2024-09-28,4,paid_social,,False,,35-44,female,Android,200.85,False,
4811,2024-05-15,4,organic,,False,,18-24,male,Android,,False,
4812,2024-12-13,2,referral,2904,False,,35-44,male,Android,66.06,False,
4813,2024-11-02,5,paid_search,,False,,35-44,male,Android,241.75,False,
4814,2024-06-25,2,organic,,False,,35-44,male,iOS,,False,
4815,2024-03-20,2,organic,,False,,18-24,male,Android,,False,
4816,2024-09-05,8,organic,,False,,18-24,male,Android,,False,
4817,2024-04-08,3,paid_search,,False,,35-44,male,iOS,216.6,False,
4818,2024-11-02,3,referral,3192,True,2024-11-07,25-34,male,Android,66.67,False,
4819,2024-06-03,2,organic,,False,,25-34,male,Android,,False,
4820,2024-09-23,4,organic,,False,,45+,male,Android,,False,
4821,2024-10-14,6,organic,,False,,25-34,female,Android,,False,
4822,2024-11-10,9,paid_search,,False,,35-44,male,Android,228.12,False,
4823,2024-04-16,7,organic,,False,,18-24,male,Android,,False,
4824,2024-09-17,8,paid_search,,False,,25-34,female,iOS,212.8,False,
4825,2024-05-09,4,paid_search,,False,,18-24,male,iOS,199.71,False,
4826,2024-11-06,5,paid_social,,False,,18-24,female,Android,203.52,False,
4827,2024-11-16,3,organic,,False,,25-34,male,Android,,False,
4828,2024-04-06,6,organic,,False,,25-34,male,Android,,False,
4829,2024-06-18,2,paid_social,,True,2024-06-27,18-24,male,Android,177.92,False,
4830,2024-06-29,6,organic,,False,,25-34,female,Android,,False,
4831,2024-12-06,2,paid_social,,True,2024-12-31,35-44,male,Android,191.74,False,
4832,2024-09-04,4,push_reactivation,,False,,45+,female,Android,38.15,False,
4833,2024-08-01,3,paid_social,,True,2024-10-17,25-34,female,Android,204.34,False,
4834,2024-06-19,3,paid_search,,False,,18-24,male,iOS,252.05,False,
4835,2024-09-25,2,organic,,True,2024-12-09,18-24,male,Android,,False,
4836,2024-12-23,2,referral,4305,False,,25-34,female,iOS,51.99,False,
4837,2024-03-11,2,push_reactivation,,False,,45+,female,Android,34.69,False,
4838,2024-05-22,1,organic,,True,2024-12-06,18-24,female,Android,,False,
4839,2024-08-06,1,referral,2619,False,,35-44,male,Android,51.27,False,
4840,2024-10-29,1,paid_social,,False,,35-44,male,Android,180.5,False,
4841,2024-11-15,7,paid_social,,True,2024-11-22,18-24,male,iOS,190.09,False,
4842,2024-07-02,1,push_reactivation,,False,,35-44,male,Android,43.12,False,
4843,2024-04-11,1,paid_social,,False,,35-44,male,Android,154.93,False,
4844,2024-10-14,3,referral,4510,False,,18-24,female,Android,68.45,False,
4845,2024-11-11,3,organic,,False,,25-34,female,Android,,False,
4846,2024-11-20,3,paid_search,,False,,35-44,female,Android,239.37,False,
4847,2024-11-17,4,push_reactivation,,False,,18-24,female,iOS,41.65,False,
4848,2024-05-23,3,push_reactivation,,False,,45+,female,Android,37.22,False,
4849,2024-12-19,1,paid_search,,False,,25-34,male,Android,244.18,False,
4850,2024-03-17,2,organic,,True,2024-05-24,25-34,male,Android,,False,
4851,2024-05-28,4,organic,,False,,35-44,female,Android,,False,
4852,2024-12-27,2,referral,2753,False,,25-34,female,iOS,51.85,False,
4853,2024-05-01,7,push_reactivation,,False,,25-34,male,Android,40.2,False,
4854,2024-05-27,2,organic,,False,,25-34,male,Android,,False,
4855,2024-09-30,2,organic,,True,2024-10-29,35-44,male,iOS,,False,
4856,2024-02-28,2,referral,2865,True,2024-04-22,25-34,male,iOS,62.97,False,
4857,2024-12-20,1,organic,,False,,18-24,male,Android,,False,
4858,2024-10-04,2,referral,3280,False,,35-44,male,Android,60.13,False,
4859,2024-09-24,1,organic,,True,2024-11-30,18-24,male,Android,,False,
4860,2024-10-09,6,paid_search,,False,,25-34,male,Android,250.94,False,
4861,2024-12-24,2,paid_social,,False,,25-34,other,Android,166.48,False,
4862,2024-07-08,2,paid_search,,False,,25-34,female,Android,217.44,False,
4863,2024-06-11,10,organic,,False,,25-34,male,iOS,,False,
4864,2024-09-25,2,paid_social,,False,,18-24,female,Android,163.8,False,
4865,2024-11-29,3,referral,4723,False,,35-44,female,Android,65.59,False,
4866,2024-10-11,3,organic,,False,,35-44,female,Android,,False,
4867,2024-12-06,4,organic,,False,,35-44,male,Android,,False,
4868,2024-12-20,1,organic,,False,,25-34,male,Android,,False,
4869,2024-08-27,1,paid_social,,False,,18-24,female,Android,187.57,False,
4870,2024-10-18,8,paid_social,,False,,45+,male,iOS,186.17,False,
4871,2024-11-16,9,referral,4217,True,2024-12-24,25-34,male,Android,59.28,False,
4872,2024-09-02,7,organic,,False,,25-34,male,Android,,False,
4873,2024-05-23,3,paid_social,,False,,35-44,male,Android,203.39,False,
4874,2024-04-21,3,paid_search,,False,,18-24,female,Android,236.01,False,
4875,2024-09-07,5,paid_search,,False,,35-44,female,Android,228.69,False,
4876,2024-07-22,5,paid_social,,False,,25-34,female,Android,184.65,False,
4877,2024-07-27,4,paid_search,,False,,35-44,male,Android,201.32,False,
4878,2024-10-24,3,paid_social,,False,,25-34,female,Android,201.68,False,
4879,2024-06-01,2,referral,642,False,,25-34,male,Android,61.31,False,
4880,2024-07-19,3,paid_search,,False,,25-34,male,Android,242.1,False,
4881,2024-10-01,3,paid_search,,False,,35-44,male,iOS,210.49,False,
4882,2024-05-28,5,paid_search,,False,,25-34,female,iOS,228.62,False,
4883,2024-11-24,1,paid_social,,False,,25-34,male,iOS,198.85,False,
4884,2024-10-01,7,paid_social,,False,,18-24,male,Android,188.77,False,
4885,2024-03-18,2,organic,,False,,18-24,female,iOS,,False,
4886,2024-05-28,5,paid_social,,False,,25-34,female,iOS,160.09,False,
4887,2024-11-09,1,paid_social,,False,,25-34,male,iOS,200.65,False,
4888,2024-12-06,8,paid_social,,False,,25-34,female,iOS,190.82,False,
4889,2024-04-09,2,organic,,False,,25-34,female,Android,,False,
4890,2024-11-06,2,paid_social,,False,,35-44,male,Android,190.68,False,
4891,2024-10-05,4,paid_social,,False,,35-44,male,iOS,169.39,False,
4892,2024-06-08,9,paid_social,,True,2024-08-15,25-34,female,Android,164.74,False,
4893,2024-03-18,8,organic,,False,,25-34,male,Android,,False,
4894,2024-08-20,5,organic,,False,,25-34,female,Android,,False,
4895,2024-07-02,8,paid_social,,False,,25-34,male,iOS,204.79,False,
4896,2024-06-13,2,paid_social,,False,,35-44,female,iOS,179.66,False,
4897,2024-08-19,2,organic,,False,,25-34,male,Android,,False,
4898,2024-08-27,9,paid_social,,False,,18-24,male,iOS,188.83,False,
4899,2024-11-07,8,paid_search,,False,,35-44,male,Android,188.45,False,
4900,2024-06-16,7,referral,2066,False,,18-24,male,iOS,65.38,False,
4901,2024-10-22,1,paid_social,,False,,18-24,male,iOS,206.23,False,
4902,2024-11-06,4,paid_search,,False,,25-34,female,Android,245.06,False,
4903,2024-09-04,2,organic,,False,,25-34,male,iOS,,False,
4904,2024-02-21,6,paid_search,,False,,25-34,male,Android,192.29,False,
4905,2024-07-13,2,paid_search,,False,,25-34,female,Android,196.71,False,
4906,2024-03-08,7,paid_social,,False,,18-24,other,Android,165.38,False,
4907,2024-09-17,1,paid_search,,False,,25-34,female,Android,252.55,False,
4908,2024-11-06,1,referral,3489,False,,35-44,female,iOS,61.14,False,
4909,2024-10-21,3,organic,,False,,25-34,male,Android,,False,
4910,2024-11-25,3,organic,,False,,35-44,other,Android,,False,
4911,2024-08-17,4,referral,4440,False,,35-44,male,Android,64.73,False,
4912,2024-10-26,6,organic,,False,,35-44,female,iOS,,False,
4913,2024-05-09,3,paid_social,,False,,35-44,male,Android,188.19,False,
4914,2024-06-24,2,paid_social,,False,,18-24,male,iOS,206.69,False,
4915,2024-05-02,5,organic,,False,,25-34,male,iOS,,False,
4916,2024-11-26,5,paid_social,,False,,18-24,male,iOS,154.65,False,
4917,2024-03-04,3,organic,,True,2024-09-21,18-24,male,iOS,,False,
4918,2024-02-14,3,paid_social,,False,,35-44,male,Android,203.19,False,
4919,2024-05-13,2,paid_search,,False,,25-34,male,Android,244.03,False,
4920,2024-03-30,8,push_reactivation,,False,,25-34,male,iOS,34.5,False,
4921,2024-02-16,3,paid_search,,False,,25-34,female,Android,195.89,False,
4922,2024-06-23,5,paid_social,,False,,45+,female,Android,158.09,False,
4923,2024-09-29,2,paid_social,,False,,25-34,female,Android,155.78,False,
4924,2024-11-19,2,paid_search,,False,,18-24,male,iOS,248.33,False,
4925,2024-11-20,2,organic,,False,,35-44,male,Android,,False,
4926,2024-07-28,8,paid_social,,True,2024-08-08,35-44,male,iOS,183.33,False,
4927,2024-02-01,3,paid_search,,False,,18-24,male,Android,210.45,False,
4928,2024-01-14,7,referral,3027,False,,25-34,male,iOS,53.36,False,
4929,2024-04-18,3,paid_search,,False,,35-44,male,Android,208.73,False,
4930,2024-04-26,5,referral,2496,True,2024-06-24,25-34,other,iOS,53.89,False,
4931,2024-11-02,6,paid_search,,False,,18-24,female,Android,244.68,False,
4932,2024-11-22,2,paid_social,,False,,18-24,female,iOS,167.39,False,
4933,2024-09-28,6,referral,2940,False,,35-44,male,Android,51.67,False,
4934,2024-07-14,6,referral,3051,True,2024-08-13,18-24,female,Android,63.69,False,
4935,2024-06-21,2,organic,,False,,18-24,male,Android,,False,
4936,2024-01-17,6,push_reactivation,,False,,25-34,male,Android,44.43,False,
4937,2024-06-03,2,referral,3899,False,,25-34,male,Android,53.62,False,
4938,2024-06-10,1,paid_social,,False,,25-34,male,Android,177.74,False,
4939,2024-07-03,6,paid_search,,False,,25-34,male,Android,200.88,False,
4940,2024-08-26,2,paid_social,,False,,35-44,male,Android,174.44,False,
4941,2024-11-29,2,paid_social,,False,,18-24,male,Android,175.48,False,
4942,2024-11-06,1,organic,,False,,18-24,male,Android,,False,
4943,2024-08-19,2,organic,,True,2024-12-29,25-34,male,Android,,False,
4944,2024-07-20,1,organic,,False,,25-34,male,iOS,,False,
4945,2024-11-22,2,organic,,False,,35-44,male,Android,,False,
4946,2024-10-15,1,paid_social,,False,,18-24,male,Android,153.26,False,
4947,2024-10-01,10,paid_social,,True,2024-11-24,45+,male,Android,156.59,False,
4948,2024-09-18,6,organic,,False,,18-24,other,Android,,False,
4949,2024-09-06,3,paid_search,,False,,25-34,male,Android,226.23,False,
4950,2024-11-04,1,organic,,False,,25-34,male,iOS,,False,
4951,2024-08-27,5,organic,,False,,35-44,male,Android,,False,
4952,2024-10-21,2,organic,,False,,25-34,female,iOS,,False,
4953,2024-12-17,2,organic,,False,,25-34,male,iOS,,False,
4954,2024-11-29,3,paid_search,,False,,45+,other,Android,190.79,False,
4955,2024-06-18,6,referral,1829,False,,45+,male,iOS,52.37,False,
4956,2024-09-04,2,organic,,False,,25-34,female,Android,,False,
4957,2024-12-14,5,organic,,False,,25-34,male,Android,,False,
4958,2024-06-24,7,paid_social,,False,,18-24,male,Android,203.6,False,
4959,2024-11-27,3,paid_search,,True,2024-12-26,25-34,male,Android,201.27,False,
4960,2024-11-20,1,paid_social,,False,,18-24,male,Android,206.79,False,
4961,2024-10-23,5,paid_social,,False,,25-34,male,Android,201.95,False,
4962,2024-08-27,5,organic,,False,,25-34,male,iOS,,False,
4963,2024-09-27,1,organic,,False,,25-34,male,Android,,False,
4964,2024-10-19,2,referral,4701,False,,25-34,male,iOS,51.3,False,
4965,2024-05-02,5,referral,875,False,,25-34,male,Android,68.97,False,
4966,2024-12-28,1,push_reactivation,,False,,35-44,male,iOS,38.94,False,
4967,2024-05-02,4,push_reactivation,,False,,25-34,female,Android,44.37,False,
4968,2024-08-28,4,paid_social,,False,,18-24,other,iOS,173.59,False,
4969,2024-11-24,5,paid_social,,False,,25-34,female,Android,188.74,False,
4970,2024-12-20,1,paid_search,,False,,35-44,male,Android,214.67,False,
4971,2024-10-23,2,paid_search,,False,,25-34,male,Android,203.41,False,
4972,2024-05-26,3,paid_search,,False,,25-34,female,iOS,191.82,False,
4973,2024-12-18,1,paid_social,,False,,25-34,male,Android,155.26,False,
4974,2024-07-04,8,paid_social,,False,,25-34,male,Android,184.37,False,
4975,2024-07-16,2,paid_search,,False,,35-44,male,Android,215.48,False,
4976,2024-04-27,2,paid_social,,False,,18-24,male,Android,155.51,False,
4977,2024-09-20,3,organic,,False,,25-34,female,Android,,False,
4978,2024-09-12,5,paid_social,,True,2024-10-01,18-24,female,iOS,175.32,False,
4979,2024-04-04,2,organic,,True,2024-06-05,18-24,female,Android,,False,
4980,2024-10-25,1,paid_search,,False,,45+,male,Android,189.96,False,
4981,2024-09-15,10,organic,,False,,25-34,female,Android,,False,
4982,2024-06-22,1,paid_social,,False,,25-34,female,Android,200.51,False,
4983,2024-11-29,7,organic,,False,,25-34,male,Android,,False,
4984,2024-06-25,2,referral,2840,False,,25-34,female,Android,57.48,False,
4985,2024-10-07,2,paid_search,,False,,25-34,female,iOS,222.71,False,
4986,2024-05-18,3,paid_social,,True,2024-10-12,25-34,female,Android,186.17,False,
4987,2024-08-02,6,organic,,False,,25-34,male,Android,,False,
4988,2024-02-10,6,paid_search,,False,,18-24,male,Android,245.27,False,
4989,2024-10-30,1,paid_social,,False,,35-44,male,Android,182.37,False,
4990,2024-08-11,2,referral,2174,False,,18-24,male,Android,53.73,False,
4991,2024-10-28,2,paid_social,,False,,45+,male,Android,206.06,False,
4992,2024-05-03,1,organic,,True,2024-06-21,18-24,male,Android,,False,
4993,2024-10-16,2,paid_social,,True,2024-12-04,35-44,female,Android,161.43,False,
4994,2024-09-05,1,organic,,False,,35-44,female,Android,,False,
4995,2024-10-16,4,paid_social,,False,,35-44,male,Android,192.92,False,
4996,2024-06-13,4,paid_social,,False,,25-34,female,Android,178.11,False,
4997,2024-06-16,4,organic,,False,,35-44,male,Android,,False,
4998,2024-06-19,2,paid_social,,False,,18-24,male,Android,202.91,False,
4999,2024-11-13,3,paid_social,,False,,25-34,female,Android,164.6,False,
5000,2024-12-19,2,organic,,False,,35-44,male,iOS,,False,
