weather_id,city_id,date,hour,condition,temperature_c
1,1,2024-01-01,12,clear,38.4
2,1,2024-01-01,19,clear,21.2
3,1,2024-01-02,12,clear,29.1
4,1,2024-01-02,19,clear,28.5
5,1,2024-01-03,12,clear,30.4
6,1,2024-01-03,19,clear,29.6
7,1,2024-01-04,12,clear,29.2
8,1,2024-01-04,19,clear,27.6
9,1,2024-01-05,12,clear,31.7
10,1,2024-01-05,19,clear,32.4
11,1,2024-01-06,12,clear,34.0
12,1,2024-01-06,19,clear,37.3
13,1,2024-01-07,12,clear,32.0
14,1,2024-01-07,19,clear,37.2
15,1,2024-01-08,12,clear,32.7
16,1,2024-01-08,19,clear,29.5
17,1,2024-01-09,12,clear,41.4
18,1,2024-01-09,19,clear,30.0
19,1,2024-01-10,12,clear,28.0
20,1,2024-01-10,19,clear,38.1
21,1,2024-01-11,12,clear,37.5
22,1,2024-01-11,19,rain,51.6
23,1,2024-01-12,12,clear,34.4
24,1,2024-01-12,19,clear,21.3
25,1,2024-01-13,12,clear,28.5
26,1,2024-01-13,19,clear,33.9
27,1,2024-01-14,12,clear,29.1
28,1,2024-01-14,19,clear,33.2
29,1,2024-01-15,12,clear,28.7
30,1,2024-01-15,19,clear,23.1
31,1,2024-01-16,12,clear,20.3
32,1,2024-01-16,19,clear,28.7
33,1,2024-01-17,12,clear,31.7
34,1,2024-01-17,19,clear,35.9
35,1,2024-01-18,12,clear,39.5
36,1,2024-01-18,19,clear,31.7
37,1,2024-01-19,12,clear,30.4
38,1,2024-01-19,19,clear,29.6
39,1,2024-01-20,12,clear,34.8
40,1,2024-01-20,19,clear,29.8
41,1,2024-01-21,12,clear,26.0
42,1,2024-01-21,19,rain,28.8
43,1,2024-01-22,12,clear,25.9
44,1,2024-01-22,19,clear,30.2
45,1,2024-01-23,12,clear,36.5
46,1,2024-01-23,19,clear,31.8
47,1,2024-01-24,12,clear,33.9
48,1,2024-01-24,19,clear,28.2
49,1,2024-01-25,12,heatwave,25.3
50,1,2024-01-25,19,clear,25.3
51,1,2024-01-26,12,clear,33.3
52,1,2024-01-26,19,clear,30.6
53,1,2024-01-27,12,clear,30.1
54,1,2024-01-27,19,clear,28.5
55,1,2024-01-28,12,clear,25.5
56,1,2024-01-28,19,clear,30.7
57,1,2024-01-29,12,clear,22.5
58,1,2024-01-29,19,clear,19.8
59,1,2024-01-30,12,clear,24.7
60,1,2024-01-30,19,clear,34.8
61,1,2024-01-31,12,clear,30.1
62,1,2024-01-31,19,clear,29.7
63,1,2024-02-01,12,clear,32.1
64,1,2024-02-01,19,clear,27.4
65,1,2024-02-02,12,heatwave,31.8
66,1,2024-02-02,19,clear,30.2
67,1,2024-02-03,12,clear,30.4
68,1,2024-02-03,19,clear,29.6
69,1,2024-02-04,12,clear,26.7
70,1,2024-02-04,19,heatwave,20.1
71,1,2024-02-05,12,clear,25.3
72,1,2024-02-05,19,heatwave,30.2
73,1,2024-02-06,12,rain,29.8
74,1,2024-02-06,19,clear,29.9
75,1,2024-02-07,12,clear,33.2
76,1,2024-02-07,19,clear,43.9
77,1,2024-02-08,12,heatwave,33.3
78,1,2024-02-08,19,clear,39.5
79,1,2024-02-09,12,heatwave,31.5
80,1,2024-02-09,19,clear,32.2
81,1,2024-02-10,12,clear,26.9
82,1,2024-02-10,19,clear,32.3
83,1,2024-02-11,12,clear,33.2
84,1,2024-02-11,19,clear,30.6
85,1,2024-02-12,12,clear,24.9
86,1,2024-02-12,19,clear,35.5
87,1,2024-02-13,12,heavy_rain,23.4
88,1,2024-02-13,19,clear,30.4
89,1,2024-02-14,12,clear,35.4
90,1,2024-02-14,19,clear,29.7
91,1,2024-02-15,12,clear,31.1
92,1,2024-02-15,19,clear,20.9
93,1,2024-02-16,12,clear,24.2
94,1,2024-02-16,19,clear,30.4
95,1,2024-02-17,12,clear,27.6
96,1,2024-02-17,19,clear,38.5
97,1,2024-02-18,12,clear,31.9
98,1,2024-02-18,19,heatwave,35.7
99,1,2024-02-19,12,clear,18.6
100,1,2024-02-19,19,heatwave,29.9
101,1,2024-02-20,12,heatwave,22.8
102,1,2024-02-20,19,clear,28.8
103,1,2024-02-21,12,clear,28.3
104,1,2024-02-21,19,clear,30.3
105,1,2024-02-22,12,clear,19.7
106,1,2024-02-22,19,clear,25.0
107,1,2024-02-23,12,clear,32.3
108,1,2024-02-23,19,clear,35.6
109,1,2024-02-24,12,clear,32.4
110,1,2024-02-24,19,clear,31.4
111,1,2024-02-25,12,clear,27.5
112,1,2024-02-25,19,clear,33.7
113,1,2024-02-26,12,clear,28.9
114,1,2024-02-26,19,clear,25.3
115,1,2024-02-27,12,clear,25.5
116,1,2024-02-27,19,clear,17.3
117,1,2024-02-28,12,clear,28.8
118,1,2024-02-28,19,clear,22.0
119,1,2024-02-29,12,clear,34.7
120,1,2024-02-29,19,heatwave,23.1
121,1,2024-03-01,12,clear,26.9
122,1,2024-03-01,19,clear,31.0
123,1,2024-03-02,12,clear,39.7
124,1,2024-03-02,19,clear,33.5
125,1,2024-03-03,12,clear,29.2
126,1,2024-03-03,19,clear,25.3
127,1,2024-03-04,12,clear,40.2
128,1,2024-03-04,19,heatwave,29.1
129,1,2024-03-05,12,heavy_rain,25.4
130,1,2024-03-05,19,clear,32.0
131,1,2024-03-06,12,clear,34.2
132,1,2024-03-06,19,clear,32.0
133,1,2024-03-07,12,clear,28.4
134,1,2024-03-07,19,clear,23.0
135,1,2024-03-08,12,rain,31.9
136,1,2024-03-08,19,rain,35.1
137,1,2024-03-09,12,rain,35.4
138,1,2024-03-09,19,clear,24.1
139,1,2024-03-10,12,clear,29.0
140,1,2024-03-10,19,clear,25.6
141,1,2024-03-11,12,clear,39.2
142,1,2024-03-11,19,clear,30.0
143,1,2024-03-12,12,clear,26.5
144,1,2024-03-12,19,clear,26.3
145,1,2024-03-13,12,clear,29.1
146,1,2024-03-13,19,clear,29.2
147,1,2024-03-14,12,clear,40.1
148,1,2024-03-14,19,heavy_rain,24.6
149,1,2024-03-15,12,clear,30.7
150,1,2024-03-15,19,clear,20.7
151,1,2024-03-16,12,rain,29.8
152,1,2024-03-16,19,heatwave,27.5
153,1,2024-03-17,12,clear,19.9
154,1,2024-03-17,19,clear,30.7
155,1,2024-03-18,12,clear,25.5
156,1,2024-03-18,19,clear,19.1
157,1,2024-03-19,12,clear,27.9
158,1,2024-03-19,19,clear,33.0
159,1,2024-03-20,12,clear,36.4
160,1,2024-03-20,19,clear,30.2
161,1,2024-03-21,12,clear,36.8
162,1,2024-03-21,19,clear,37.0
163,1,2024-03-22,12,clear,19.3
164,1,2024-03-22,19,clear,33.3
165,1,2024-03-23,12,clear,28.2
166,1,2024-03-23,19,clear,32.3
167,1,2024-03-24,12,heatwave,29.4
168,1,2024-03-24,19,clear,37.6
169,1,2024-03-25,12,clear,24.6
170,1,2024-03-25,19,clear,28.6
171,1,2024-03-26,12,clear,39.6
172,1,2024-03-26,19,clear,23.4
173,1,2024-03-27,12,clear,22.7
174,1,2024-03-27,19,clear,17.0
175,1,2024-03-28,12,clear,26.7
176,1,2024-03-28,19,clear,26.7
177,1,2024-03-29,12,clear,26.0
178,1,2024-03-29,19,clear,16.4
179,1,2024-03-30,12,clear,31.3
180,1,2024-03-30,19,clear,23.7
181,1,2024-03-31,12,clear,28.9
182,1,2024-03-31,19,clear,30.4
183,1,2024-04-01,12,clear,27.6
184,1,2024-04-01,19,clear,37.3
185,1,2024-04-02,12,clear,30.4
186,1,2024-04-02,19,clear,35.4
187,1,2024-04-03,12,clear,31.0
188,1,2024-04-03,19,clear,25.8
189,1,2024-04-04,12,clear,23.4
190,1,2024-04-04,19,clear,35.6
191,1,2024-04-05,12,clear,21.6
192,1,2024-04-05,19,rain,32.3
193,1,2024-04-06,12,clear,28.0
194,1,2024-04-06,19,clear,31.6
195,1,2024-04-07,12,clear,23.8
196,1,2024-04-07,19,clear,29.0
197,1,2024-04-08,12,rain,21.3
198,1,2024-04-08,19,clear,32.2
199,1,2024-04-09,12,clear,31.1
200,1,2024-04-09,19,clear,29.7
201,1,2024-04-10,12,clear,23.4
202,1,2024-04-10,19,clear,16.0
203,1,2024-04-11,12,clear,24.3
204,1,2024-04-11,19,clear,23.9
205,1,2024-04-12,12,clear,27.2
206,1,2024-04-12,19,clear,30.3
207,1,2024-04-13,12,clear,37.4
208,1,2024-04-13,19,clear,22.6
209,1,2024-04-14,12,rain,37.1
210,1,2024-04-14,19,clear,35.1
211,1,2024-04-15,12,clear,29.3
212,1,2024-04-15,19,clear,33.5
213,1,2024-04-16,12,rain,32.1
214,1,2024-04-16,19,clear,21.2
215,1,2024-04-17,12,heavy_rain,27.3
216,1,2024-04-17,19,clear,28.8
217,1,2024-04-18,12,clear,36.2
218,1,2024-04-18,19,clear,36.9
219,1,2024-04-19,12,clear,29.0
220,1,2024-04-19,19,clear,37.9
221,1,2024-04-20,12,clear,32.7
222,1,2024-04-20,19,clear,34.8
223,1,2024-04-21,12,clear,31.3
224,1,2024-04-21,19,clear,25.5
225,1,2024-04-22,12,clear,25.6
226,1,2024-04-22,19,heavy_rain,27.6
227,1,2024-04-23,12,clear,28.7
228,1,2024-04-23,19,clear,33.2
229,1,2024-04-24,12,clear,34.3
230,1,2024-04-24,19,clear,28.0
231,1,2024-04-25,12,clear,27.0
232,1,2024-04-25,19,clear,38.4
233,1,2024-04-26,12,clear,29.9
234,1,2024-04-26,19,clear,35.7
235,1,2024-04-27,12,clear,22.9
236,1,2024-04-27,19,clear,32.0
237,1,2024-04-28,12,clear,29.2
238,1,2024-04-28,19,clear,41.0
239,1,2024-04-29,12,clear,24.9
240,1,2024-04-29,19,clear,30.9
241,1,2024-04-30,12,clear,30.0
242,1,2024-04-30,19,clear,27.7
243,1,2024-05-01,12,clear,35.1
244,1,2024-05-01,19,clear,35.9
245,1,2024-05-02,12,clear,28.1
246,1,2024-05-02,19,clear,33.0
247,1,2024-05-03,12,clear,29.9
248,1,2024-05-03,19,clear,29.7
249,1,2024-05-04,12,clear,34.1
250,1,2024-05-04,19,clear,33.2
251,1,2024-05-05,12,clear,28.8
252,1,2024-05-05,19,clear,24.1
253,1,2024-05-06,12,clear,24.2
254,1,2024-05-06,19,clear,26.2
255,1,2024-05-07,12,clear,27.7
256,1,2024-05-07,19,clear,23.6
257,1,2024-05-08,12,clear,33.8
258,1,2024-05-08,19,heatwave,30.1
259,1,2024-05-09,12,clear,32.2
260,1,2024-05-09,19,clear,24.9
261,1,2024-05-10,12,clear,29.8
262,1,2024-05-10,19,clear,33.1
263,1,2024-05-11,12,clear,34.6
264,1,2024-05-11,19,rain,31.4
265,1,2024-05-12,12,clear,27.0
266,1,2024-05-12,19,clear,33.2
267,1,2024-05-13,12,clear,17.2
268,1,2024-05-13,19,clear,26.2
269,1,2024-05-14,12,clear,36.5
270,1,2024-05-14,19,clear,33.6
271,1,2024-05-15,12,clear,39.0
272,1,2024-05-15,19,clear,39.8
273,1,2024-05-16,12,heatwave,24.9
274,1,2024-05-16,19,heatwave,27.7
275,1,2024-05-17,12,clear,25.5
276,1,2024-05-17,19,clear,28.2
277,1,2024-05-18,12,heatwave,28.2
278,1,2024-05-18,19,clear,23.0
279,1,2024-05-19,12,clear,26.5
280,1,2024-05-19,19,clear,33.4
281,1,2024-05-20,12,clear,36.3
282,1,2024-05-20,19,clear,34.6
283,1,2024-05-21,12,clear,33.3
284,1,2024-05-21,19,clear,26.9
285,1,2024-05-22,12,clear,24.4
286,1,2024-05-22,19,clear,29.5
287,1,2024-05-23,12,heavy_rain,27.4
288,1,2024-05-23,19,clear,31.3
289,1,2024-05-24,12,clear,20.2
290,1,2024-05-24,19,clear,32.1
291,1,2024-05-25,12,clear,30.0
292,1,2024-05-25,19,clear,23.4
293,1,2024-05-26,12,heatwave,27.9
294,1,2024-05-26,19,clear,32.5
295,1,2024-05-27,12,clear,35.2
296,1,2024-05-27,19,clear,40.1
297,1,2024-05-28,12,clear,37.7
298,1,2024-05-28,19,clear,38.9
299,1,2024-05-29,12,clear,32.7
300,1,2024-05-29,19,clear,33.9
301,1,2024-05-30,12,clear,31.3
302,1,2024-05-30,19,clear,17.5
303,1,2024-05-31,12,clear,21.5
304,1,2024-05-31,19,clear,29.7
305,1,2024-06-01,12,rain,34.0
306,1,2024-06-01,19,rain,23.5
307,1,2024-06-02,12,rain,36.6
308,1,2024-06-02,19,rain,31.3
309,1,2024-06-03,12,rain,29.4
310,1,2024-06-03,19,rain,24.9
311,1,2024-06-04,12,rain,28.9
312,1,2024-06-04,19,rain,33.1
313,1,2024-06-05,12,rain,27.8
314,1,2024-06-05,19,rain,29.6
315,1,2024-06-06,12,clear,16.5
316,1,2024-06-06,19,rain,37.1
317,1,2024-06-07,12,heatwave,19.8
318,1,2024-06-07,19,clear,32.0
319,1,2024-06-08,12,clear,27.6
320,1,2024-06-08,19,heatwave,33.9
321,1,2024-06-09,12,clear,32.1
322,1,2024-06-09,19,clear,29.0
323,1,2024-06-10,12,clear,18.8
324,1,2024-06-10,19,rain,36.1
325,1,2024-06-11,12,rain,29.7
326,1,2024-06-11,19,rain,34.6
327,1,2024-06-12,12,clear,24.6
328,1,2024-06-12,19,clear,33.5
329,1,2024-06-13,12,clear,26.0
330,1,2024-06-13,19,clear,33.8
331,1,2024-06-14,12,clear,34.7
332,1,2024-06-14,19,clear,29.1
333,1,2024-06-15,12,clear,37.0
334,1,2024-06-15,19,clear,38.2
335,1,2024-06-16,12,clear,23.2
336,1,2024-06-16,19,clear,22.2
337,1,2024-06-17,12,clear,22.1
338,1,2024-06-17,19,rain,29.6
339,1,2024-06-18,12,clear,31.0
340,1,2024-06-18,19,heavy_rain,29.5
341,1,2024-06-19,12,rain,31.8
342,1,2024-06-19,19,clear,25.5
343,1,2024-06-20,12,heavy_rain,27.3
344,1,2024-06-20,19,clear,33.5
345,1,2024-06-21,12,clear,25.2
346,1,2024-06-21,19,rain,33.6
347,1,2024-06-22,12,clear,22.3
348,1,2024-06-22,19,clear,36.5
349,1,2024-06-23,12,clear,32.2
350,1,2024-06-23,19,clear,33.1
351,1,2024-06-24,12,clear,25.1
352,1,2024-06-24,19,clear,28.3
353,1,2024-06-25,12,clear,25.7
354,1,2024-06-25,19,clear,25.3
355,1,2024-06-26,12,rain,33.7
356,1,2024-06-26,19,clear,24.9
357,1,2024-06-27,12,heavy_rain,28.6
358,1,2024-06-27,19,clear,28.3
359,1,2024-06-28,12,clear,27.0
360,1,2024-06-28,19,clear,35.3
361,1,2024-06-29,12,clear,35.0
362,1,2024-06-29,19,clear,26.4
363,1,2024-06-30,12,rain,33.8
364,1,2024-06-30,19,clear,31.4
365,1,2024-07-01,12,rain,32.5
366,1,2024-07-01,19,rain,27.1
367,1,2024-07-02,12,rain,42.7
368,1,2024-07-02,19,clear,25.2
369,1,2024-07-03,12,clear,25.5
370,1,2024-07-03,19,rain,31.4
371,1,2024-07-04,12,clear,27.8
372,1,2024-07-04,19,rain,25.7
373,1,2024-07-05,12,clear,23.5
374,1,2024-07-05,19,rain,34.5
375,1,2024-07-06,12,clear,33.2
376,1,2024-07-06,19,heatwave,26.9
377,1,2024-07-07,12,clear,29.5
378,1,2024-07-07,19,rain,27.2
379,1,2024-07-08,12,clear,26.9
380,1,2024-07-08,19,clear,30.5
381,1,2024-07-09,12,clear,22.5
382,1,2024-07-09,19,rain,28.3
383,1,2024-07-10,12,rain,41.8
384,1,2024-07-10,19,rain,31.7
385,1,2024-07-11,12,clear,32.7
386,1,2024-07-11,19,clear,37.2
387,1,2024-07-12,12,clear,30.0
388,1,2024-07-12,19,clear,30.7
389,1,2024-07-13,12,heatwave,22.8
390,1,2024-07-13,19,rain,35.2
391,1,2024-07-14,12,heavy_rain,22.4
392,1,2024-07-14,19,clear,35.6
393,1,2024-07-15,12,clear,23.9
394,1,2024-07-15,19,rain,24.4
395,1,2024-07-16,12,rain,27.5
396,1,2024-07-16,19,rain,27.4
397,1,2024-07-17,12,rain,34.8
398,1,2024-07-17,19,clear,35.0
399,1,2024-07-18,12,clear,21.5
400,1,2024-07-18,19,clear,29.3
401,1,2024-07-19,12,rain,33.1
402,1,2024-07-19,19,clear,27.1
403,1,2024-07-20,12,heavy_rain,18.1
404,1,2024-07-20,19,clear,22.0
405,1,2024-07-21,12,heavy_rain,29.4
406,1,2024-07-21,19,clear,30.8
407,1,2024-07-22,12,clear,40.7
408,1,2024-07-22,19,clear,42.0
409,1,2024-07-23,12,clear,21.7
410,1,2024-07-23,19,clear,33.1
411,1,2024-07-24,12,heavy_rain,34.5
412,1,2024-07-24,19,clear,36.1
413,1,2024-07-25,12,heatwave,32.4
414,1,2024-07-25,19,heavy_rain,22.4
415,1,2024-07-26,12,clear,37.2
416,1,2024-07-26,19,clear,30.0
417,1,2024-07-27,12,clear,33.3
418,1,2024-07-27,19,clear,29.2
419,1,2024-07-28,12,rain,33.6
420,1,2024-07-28,19,clear,22.3
421,1,2024-07-29,12,heavy_rain,34.8
422,1,2024-07-29,19,rain,25.9
423,1,2024-07-30,12,clear,28.5
424,1,2024-07-30,19,clear,27.1
425,1,2024-07-31,12,clear,25.8
426,1,2024-07-31,19,clear,32.2
427,1,2024-08-01,12,heatwave,27.1
428,1,2024-08-01,19,clear,30.7
429,1,2024-08-02,12,clear,23.1
430,1,2024-08-02,19,heatwave,37.3
431,1,2024-08-03,12,clear,24.4
432,1,2024-08-03,19,clear,39.4
433,1,2024-08-04,12,clear,35.8
434,1,2024-08-04,19,clear,33.9
435,1,2024-08-05,12,clear,27.2
436,1,2024-08-05,19,clear,25.6
437,1,2024-08-06,12,clear,28.1
438,1,2024-08-06,19,clear,22.3
439,1,2024-08-07,12,clear,42.6
440,1,2024-08-07,19,clear,32.1
441,1,2024-08-08,12,clear,29.0
442,1,2024-08-08,19,rain,37.6
443,1,2024-08-09,12,clear,26.1
444,1,2024-08-09,19,rain,17.7
445,1,2024-08-10,12,clear,19.8
446,1,2024-08-10,19,rain,26.9
447,1,2024-08-11,12,clear,23.3
448,1,2024-08-11,19,clear,33.4
449,1,2024-08-12,12,clear,27.2
450,1,2024-08-12,19,rain,32.1
451,1,2024-08-13,12,clear,33.1
452,1,2024-08-13,19,rain,33.1
453,1,2024-08-14,12,heavy_rain,31.8
454,1,2024-08-14,19,clear,33.3
455,1,2024-08-15,12,rain,32.7
456,1,2024-08-15,19,clear,32.3
457,1,2024-08-16,12,clear,25.9
458,1,2024-08-16,19,clear,30.6
459,1,2024-08-17,12,rain,23.7
460,1,2024-08-17,19,rain,31.2
461,1,2024-08-18,12,clear,28.5
462,1,2024-08-18,19,clear,33.0
463,1,2024-08-19,12,clear,32.6
464,1,2024-08-19,19,heavy_rain,30.6
465,1,2024-08-20,12,rain,28.7
466,1,2024-08-20,19,clear,28.5
467,1,2024-08-21,12,heavy_rain,32.6
468,1,2024-08-21,19,clear,26.5
469,1,2024-08-22,12,rain,22.4
470,1,2024-08-22,19,clear,28.1
471,1,2024-08-23,12,clear,31.9
472,1,2024-08-23,19,rain,27.6
473,1,2024-08-24,12,clear,29.6
474,1,2024-08-24,19,clear,31.4
475,1,2024-08-25,12,clear,30.9
476,1,2024-08-25,19,rain,25.6
477,1,2024-08-26,12,clear,23.3
478,1,2024-08-26,19,rain,29.0
479,1,2024-08-27,12,rain,29.1
480,1,2024-08-27,19,heavy_rain,28.5
481,1,2024-08-28,12,clear,30.9
482,1,2024-08-28,19,clear,32.1
483,1,2024-08-29,12,clear,31.8
484,1,2024-08-29,19,rain,30.7
485,1,2024-08-30,12,clear,35.3
486,1,2024-08-30,19,clear,28.8
487,1,2024-08-31,12,heavy_rain,29.4
488,1,2024-08-31,19,clear,25.0
489,1,2024-09-01,12,clear,34.1
490,1,2024-09-01,19,rain,30.1
491,1,2024-09-02,12,clear,29.7
492,1,2024-09-02,19,clear,34.7
493,1,2024-09-03,12,rain,15.5
494,1,2024-09-03,19,rain,38.9
495,1,2024-09-04,12,heatwave,25.2
496,1,2024-09-04,19,clear,37.6
497,1,2024-09-05,12,clear,25.5
498,1,2024-09-05,19,clear,30.8
499,1,2024-09-06,12,clear,31.3
500,1,2024-09-06,19,clear,33.0
501,1,2024-09-07,12,heavy_rain,32.6
502,1,2024-09-07,19,clear,24.3
503,1,2024-09-08,12,clear,19.7
504,1,2024-09-08,19,clear,29.4
505,1,2024-09-09,12,clear,19.4
506,1,2024-09-09,19,clear,30.6
507,1,2024-09-10,12,rain,33.5
508,1,2024-09-10,19,clear,29.7
509,1,2024-09-11,12,heavy_rain,33.1
510,1,2024-09-11,19,rain,22.1
511,1,2024-09-12,12,rain,23.7
512,1,2024-09-12,19,clear,26.0
513,1,2024-09-13,12,rain,21.9
514,1,2024-09-13,19,heatwave,44.8
515,1,2024-09-14,12,clear,38.5
516,1,2024-09-14,19,heavy_rain,31.6
517,1,2024-09-15,12,clear,39.5
518,1,2024-09-15,19,clear,32.4
519,1,2024-09-16,12,rain,41.3
520,1,2024-09-16,19,rain,33.1
521,1,2024-09-17,12,clear,29.4
522,1,2024-09-17,19,heavy_rain,40.2
523,1,2024-09-18,12,clear,24.8
524,1,2024-09-18,19,rain,26.7
525,1,2024-09-19,12,heavy_rain,37.0
526,1,2024-09-19,19,clear,24.9
527,1,2024-09-20,12,rain,26.9
528,1,2024-09-20,19,rain,28.1
529,1,2024-09-21,12,rain,32.9
530,1,2024-09-21,19,rain,32.5
531,1,2024-09-22,12,heavy_rain,24.1
532,1,2024-09-22,19,rain,34.8
533,1,2024-09-23,12,clear,37.2
534,1,2024-09-23,19,clear,29.5
535,1,2024-09-24,12,rain,29.5
536,1,2024-09-24,19,heatwave,34.2
537,1,2024-09-25,12,clear,24.2
538,1,2024-09-25,19,clear,20.8
539,1,2024-09-26,12,clear,36.4
540,1,2024-09-26,19,clear,21.5
541,1,2024-09-27,12,rain,31.5
542,1,2024-09-27,19,heavy_rain,32.4
543,1,2024-09-28,12,clear,24.2
544,1,2024-09-28,19,heavy_rain,30.7
545,1,2024-09-29,12,clear,33.1
546,1,2024-09-29,19,rain,34.4
547,1,2024-09-30,12,clear,19.2
548,1,2024-09-30,19,clear,30.4
549,1,2024-10-01,12,heatwave,26.8
550,1,2024-10-01,19,clear,34.0
551,1,2024-10-02,12,clear,29.6
552,1,2024-10-02,19,clear,36.6
553,1,2024-10-03,12,clear,31.1
554,1,2024-10-03,19,clear,33.5
555,1,2024-10-04,12,clear,26.3
556,1,2024-10-04,19,clear,29.2
557,1,2024-10-05,12,clear,33.7
558,1,2024-10-05,19,clear,34.0
559,1,2024-10-06,12,clear,31.9
560,1,2024-10-06,19,clear,33.2
561,1,2024-10-07,12,clear,35.5
562,1,2024-10-07,19,clear,21.1
563,1,2024-10-08,12,clear,33.0
564,1,2024-10-08,19,clear,28.8
565,1,2024-10-09,12,clear,22.6
566,1,2024-10-09,19,clear,33.4
567,1,2024-10-10,12,clear,36.5
568,1,2024-10-10,19,clear,22.0
569,1,2024-10-11,12,clear,35.2
570,1,2024-10-11,19,clear,20.9
571,1,2024-10-12,12,clear,34.5
572,1,2024-10-12,19,clear,28.5
573,1,2024-10-13,12,clear,29.1
574,1,2024-10-13,19,clear,31.4
575,1,2024-10-14,12,clear,33.0
576,1,2024-10-14,19,clear,38.6
577,1,2024-10-15,12,clear,34.9
578,1,2024-10-15,19,clear,34.3
579,1,2024-10-16,12,clear,25.0
580,1,2024-10-16,19,clear,34.5
581,1,2024-10-17,12,clear,32.1
582,1,2024-10-17,19,clear,30.9
583,1,2024-10-18,12,clear,30.1
584,1,2024-10-18,19,clear,28.2
585,1,2024-10-19,12,clear,35.0
586,1,2024-10-19,19,rain,37.2
587,1,2024-10-20,12,clear,33.9
588,1,2024-10-20,19,clear,28.8
589,1,2024-10-21,12,clear,23.1
590,1,2024-10-21,19,clear,29.4
591,1,2024-10-22,12,clear,25.9
592,1,2024-10-22,19,clear,33.7
593,1,2024-10-23,12,clear,34.6
594,1,2024-10-23,19,clear,25.3
595,1,2024-10-24,12,clear,33.9
596,1,2024-10-24,19,clear,24.7
597,1,2024-10-25,12,clear,30.6
598,1,2024-10-25,19,clear,26.0
599,1,2024-10-26,12,clear,38.7
600,1,2024-10-26,19,clear,22.9
601,1,2024-10-27,12,clear,39.5
602,1,2024-10-27,19,clear,31.9
603,1,2024-10-28,12,clear,37.8
604,1,2024-10-28,19,clear,29.6
605,1,2024-10-29,12,clear,18.4
606,1,2024-10-29,19,clear,26.4
607,1,2024-10-30,12,heavy_rain,27.4
608,1,2024-10-30,19,clear,30.5
609,1,2024-10-31,12,clear,27.3
610,1,2024-10-31,19,clear,27.2
611,1,2024-11-01,12,clear,21.4
612,1,2024-11-01,19,clear,37.1
613,1,2024-11-02,12,clear,32.0
614,1,2024-11-02,19,clear,29.1
615,1,2024-11-03,12,rain,30.0
616,1,2024-11-03,19,heatwave,29.4
617,1,2024-11-04,12,clear,29.4
618,1,2024-11-04,19,clear,42.2
619,1,2024-11-05,12,clear,31.7
620,1,2024-11-05,19,clear,39.5
621,1,2024-11-06,12,clear,35.2
622,1,2024-11-06,19,clear,32.0
623,1,2024-11-07,12,clear,31.1
624,1,2024-11-07,19,clear,34.4
625,1,2024-11-08,12,heatwave,35.8
626,1,2024-11-08,19,rain,30.9
627,1,2024-11-09,12,clear,27.3
628,1,2024-11-09,19,clear,25.0
629,1,2024-11-10,12,clear,37.6
630,1,2024-11-10,19,rain,33.0
631,1,2024-11-11,12,rain,29.4
632,1,2024-11-11,19,rain,30.5
633,1,2024-11-12,12,clear,26.1
634,1,2024-11-12,19,clear,39.2
635,1,2024-11-13,12,clear,33.9
636,1,2024-11-13,19,heatwave,29.0
637,1,2024-11-14,12,clear,32.3
638,1,2024-11-14,19,clear,23.8
639,1,2024-11-15,12,clear,27.3
640,1,2024-11-15,19,clear,38.6
641,1,2024-11-16,12,clear,28.8
642,1,2024-11-16,19,clear,29.2
643,1,2024-11-17,12,clear,26.9
644,1,2024-11-17,19,clear,23.8
645,1,2024-11-18,12,clear,24.8
646,1,2024-11-18,19,clear,27.8
647,1,2024-11-19,12,clear,22.3
648,1,2024-11-19,19,rain,28.6
649,1,2024-11-20,12,clear,33.0
650,1,2024-11-20,19,clear,26.7
651,1,2024-11-21,12,clear,30.3
652,1,2024-11-21,19,clear,34.6
653,1,2024-11-22,12,clear,32.6
654,1,2024-11-22,19,clear,32.9
655,1,2024-11-23,12,rain,34.5
656,1,2024-11-23,19,clear,37.4
657,1,2024-11-24,12,clear,36.7
658,1,2024-11-24,19,rain,26.8
659,1,2024-11-25,12,clear,38.8
660,1,2024-11-25,19,clear,22.8
661,1,2024-11-26,12,clear,19.8
662,1,2024-11-26,19,clear,33.9
663,1,2024-11-27,12,clear,34.6
664,1,2024-11-27,19,clear,27.0
665,1,2024-11-28,12,clear,23.9
666,1,2024-11-28,19,clear,32.6
667,1,2024-11-29,12,clear,30.2
668,1,2024-11-29,19,clear,22.1
669,1,2024-11-30,12,clear,21.5
670,1,2024-11-30,19,clear,34.8
671,1,2024-12-01,12,clear,32.2
672,1,2024-12-01,19,clear,36.6
673,1,2024-12-02,12,clear,24.5
674,1,2024-12-02,19,clear,19.1
675,1,2024-12-03,12,clear,27.6
676,1,2024-12-03,19,clear,27.1
677,1,2024-12-04,12,rain,29.1
678,1,2024-12-04,19,clear,40.6
679,1,2024-12-05,12,clear,21.2
680,1,2024-12-05,19,clear,34.7
681,1,2024-12-06,12,clear,28.3
682,1,2024-12-06,19,rain,40.1
683,1,2024-12-07,12,clear,25.1
684,1,2024-12-07,19,heatwave,39.1
685,1,2024-12-08,12,clear,32.3
686,1,2024-12-08,19,clear,30.4
687,1,2024-12-09,12,clear,25.0
688,1,2024-12-09,19,clear,20.0
689,1,2024-12-10,12,clear,29.2
690,1,2024-12-10,19,clear,27.2
691,1,2024-12-11,12,clear,30.2
692,1,2024-12-11,19,clear,37.6
693,1,2024-12-12,12,clear,28.8
694,1,2024-12-12,19,clear,34.7
695,1,2024-12-13,12,clear,21.5
696,1,2024-12-13,19,heavy_rain,40.0
697,1,2024-12-14,12,clear,32.2
698,1,2024-12-14,19,clear,26.4
699,1,2024-12-15,12,clear,26.6
700,1,2024-12-15,19,clear,35.3
701,1,2024-12-16,12,clear,24.0
702,1,2024-12-16,19,clear,34.5
703,1,2024-12-17,12,clear,33.8
704,1,2024-12-17,19,clear,33.7
705,1,2024-12-18,12,clear,17.8
706,1,2024-12-18,19,rain,35.5
707,1,2024-12-19,12,clear,34.8
708,1,2024-12-19,19,clear,33.6
709,1,2024-12-20,12,clear,27.4
710,1,2024-12-20,19,heatwave,21.1
711,1,2024-12-21,12,clear,28.0
712,1,2024-12-21,19,clear,21.8
713,1,2024-12-22,12,clear,23.2
714,1,2024-12-22,19,clear,23.6
715,1,2024-12-23,12,heavy_rain,34.3
716,1,2024-12-23,19,rain,30.9
717,1,2024-12-24,12,clear,33.3
718,1,2024-12-24,19,clear,35.7
719,1,2024-12-25,12,heavy_rain,25.2
720,1,2024-12-25,19,clear,34.4
721,1,2024-12-26,12,clear,29.9
722,1,2024-12-26,19,clear,29.5
723,1,2024-12-27,12,clear,29.2
724,1,2024-12-27,19,clear,36.2
725,1,2024-12-28,12,clear,30.9
726,1,2024-12-28,19,rain,24.3
727,1,2024-12-29,12,clear,28.7
728,1,2024-12-29,19,clear,28.1
729,1,2024-12-30,12,clear,30.0
730,1,2024-12-30,19,clear,30.5
731,2,2024-01-01,12,clear,32.1
732,2,2024-01-01,19,heatwave,27.8
733,2,2024-01-02,12,clear,26.5
734,2,2024-01-02,19,clear,34.0
735,2,2024-01-03,12,clear,21.4
736,2,2024-01-03,19,clear,36.2
737,2,2024-01-04,12,clear,28.2
738,2,2024-01-04,19,clear,33.7
739,2,2024-01-05,12,clear,33.1
740,2,2024-01-05,19,heavy_rain,12.7
741,2,2024-01-06,12,clear,18.5
742,2,2024-01-06,19,clear,31.8
743,2,2024-01-07,12,rain,32.7
744,2,2024-01-07,19,clear,34.5
745,2,2024-01-08,12,clear,26.8
746,2,2024-01-08,19,clear,21.4
747,2,2024-01-09,12,clear,25.9
748,2,2024-01-09,19,rain,25.4
749,2,2024-01-10,12,clear,27.4
750,2,2024-01-10,19,clear,28.8
751,2,2024-01-11,12,clear,35.8
752,2,2024-01-11,19,clear,29.8
753,2,2024-01-12,12,clear,35.1
754,2,2024-01-12,19,clear,31.9
755,2,2024-01-13,12,clear,32.2
756,2,2024-01-13,19,clear,29.8
757,2,2024-01-14,12,heavy_rain,24.2
758,2,2024-01-14,19,clear,28.6
759,2,2024-01-15,12,clear,29.9
760,2,2024-01-15,19,clear,34.4
761,2,2024-01-16,12,clear,23.4
762,2,2024-01-16,19,clear,36.3
763,2,2024-01-17,12,clear,36.1
764,2,2024-01-17,19,clear,27.9
765,2,2024-01-18,12,clear,31.8
766,2,2024-01-18,19,clear,30.9
767,2,2024-01-19,12,clear,21.5
768,2,2024-01-19,19,clear,34.4
769,2,2024-01-20,12,clear,31.9
770,2,2024-01-20,19,clear,25.1
771,2,2024-01-21,12,clear,25.4
772,2,2024-01-21,19,clear,42.1
773,2,2024-01-22,12,clear,28.2
774,2,2024-01-22,19,clear,32.8
775,2,2024-01-23,12,clear,37.0
776,2,2024-01-23,19,heatwave,25.9
777,2,2024-01-24,12,clear,29.0
778,2,2024-01-24,19,clear,34.0
779,2,2024-01-25,12,clear,35.5
780,2,2024-01-25,19,clear,27.5
781,2,2024-01-26,12,clear,27.2
782,2,2024-01-26,19,clear,35.8
783,2,2024-01-27,12,clear,28.0
784,2,2024-01-27,19,clear,27.0
785,2,2024-01-28,12,clear,30.7
786,2,2024-01-28,19,clear,27.9
787,2,2024-01-29,12,clear,30.9
788,2,2024-01-29,19,clear,31.7
789,2,2024-01-30,12,clear,29.0
790,2,2024-01-30,19,clear,27.5
791,2,2024-01-31,12,rain,28.3
792,2,2024-01-31,19,clear,29.3
793,2,2024-02-01,12,clear,39.7
794,2,2024-02-01,19,clear,34.3
795,2,2024-02-02,12,clear,28.8
796,2,2024-02-02,19,clear,26.2
797,2,2024-02-03,12,clear,22.3
798,2,2024-02-03,19,clear,32.5
799,2,2024-02-04,12,clear,30.1
800,2,2024-02-04,19,rain,28.3
801,2,2024-02-05,12,clear,29.7
802,2,2024-02-05,19,clear,29.8
803,2,2024-02-06,12,clear,32.5
804,2,2024-02-06,19,rain,39.0
805,2,2024-02-07,12,clear,28.8
806,2,2024-02-07,19,heatwave,40.0
807,2,2024-02-08,12,clear,26.1
808,2,2024-02-08,19,clear,35.3
809,2,2024-02-09,12,clear,32.2
810,2,2024-02-09,19,clear,33.7
811,2,2024-02-10,12,clear,40.8
812,2,2024-02-10,19,rain,25.8
813,2,2024-02-11,12,clear,30.5
814,2,2024-02-11,19,rain,33.4
815,2,2024-02-12,12,clear,24.0
816,2,2024-02-12,19,clear,18.8
817,2,2024-02-13,12,clear,27.7
818,2,2024-02-13,19,clear,32.1
819,2,2024-02-14,12,clear,33.2
820,2,2024-02-14,19,clear,27.4
821,2,2024-02-15,12,clear,28.6
822,2,2024-02-15,19,clear,35.5
823,2,2024-02-16,12,heatwave,24.0
824,2,2024-02-16,19,clear,29.3
825,2,2024-02-17,12,clear,24.0
826,2,2024-02-17,19,clear,33.1
827,2,2024-02-18,12,clear,40.1
828,2,2024-02-18,19,rain,25.1
829,2,2024-02-19,12,heatwave,24.3
830,2,2024-02-19,19,clear,31.9
831,2,2024-02-20,12,heatwave,25.1
832,2,2024-02-20,19,clear,33.6
833,2,2024-02-21,12,clear,27.7
834,2,2024-02-21,19,clear,28.4
835,2,2024-02-22,12,heavy_rain,31.3
836,2,2024-02-22,19,clear,30.3
837,2,2024-02-23,12,clear,31.1
838,2,2024-02-23,19,clear,33.2
839,2,2024-02-24,12,clear,26.9
840,2,2024-02-24,19,clear,29.1
841,2,2024-02-25,12,clear,37.0
842,2,2024-02-25,19,heatwave,31.0
843,2,2024-02-26,12,clear,31.3
844,2,2024-02-26,19,clear,34.5
845,2,2024-02-27,12,clear,32.1
846,2,2024-02-27,19,clear,32.3
847,2,2024-02-28,12,heatwave,27.1
848,2,2024-02-28,19,rain,33.8
849,2,2024-02-29,12,clear,29.1
850,2,2024-02-29,19,clear,26.9
851,2,2024-03-01,12,clear,32.2
852,2,2024-03-01,19,clear,23.4
853,2,2024-03-02,12,clear,31.1
854,2,2024-03-02,19,clear,28.4
855,2,2024-03-03,12,clear,25.2
856,2,2024-03-03,19,clear,25.0
857,2,2024-03-04,12,clear,36.5
858,2,2024-03-04,19,clear,23.5
859,2,2024-03-05,12,clear,29.1
860,2,2024-03-05,19,rain,20.0
861,2,2024-03-06,12,clear,33.9
862,2,2024-03-06,19,clear,24.6
863,2,2024-03-07,12,clear,29.6
864,2,2024-03-07,19,rain,30.7
865,2,2024-03-08,12,clear,24.6
866,2,2024-03-08,19,clear,27.8
867,2,2024-03-09,12,rain,17.8
868,2,2024-03-09,19,clear,29.4
869,2,2024-03-10,12,clear,34.2
870,2,2024-03-10,19,clear,33.7
871,2,2024-03-11,12,clear,27.1
872,2,2024-03-11,19,clear,35.0
873,2,2024-03-12,12,clear,30.0
874,2,2024-03-12,19,rain,36.3
875,2,2024-03-13,12,clear,22.4
876,2,2024-03-13,19,rain,32.1
877,2,2024-03-14,12,clear,21.2
878,2,2024-03-14,19,clear,36.9
879,2,2024-03-15,12,heatwave,22.4
880,2,2024-03-15,19,clear,36.8
881,2,2024-03-16,12,clear,25.9
882,2,2024-03-16,19,clear,30.7
883,2,2024-03-17,12,clear,22.0
884,2,2024-03-17,19,clear,21.8
885,2,2024-03-18,12,clear,26.1
886,2,2024-03-18,19,clear,28.4
887,2,2024-03-19,12,clear,41.4
888,2,2024-03-19,19,clear,27.9
889,2,2024-03-20,12,rain,29.2
890,2,2024-03-20,19,clear,18.3
891,2,2024-03-21,12,clear,37.1
892,2,2024-03-21,19,clear,26.0
893,2,2024-03-22,12,clear,30.2
894,2,2024-03-22,19,clear,28.5
895,2,2024-03-23,12,clear,31.0
896,2,2024-03-23,19,clear,31.8
897,2,2024-03-24,12,rain,30.6
898,2,2024-03-24,19,clear,31.9
899,2,2024-03-25,12,clear,29.4
900,2,2024-03-25,19,clear,25.3
901,2,2024-03-26,12,clear,28.0
902,2,2024-03-26,19,clear,36.2
903,2,2024-03-27,12,clear,34.7
904,2,2024-03-27,19,clear,34.4
905,2,2024-03-28,12,clear,33.5
906,2,2024-03-28,19,clear,36.9
907,2,2024-03-29,12,clear,34.0
908,2,2024-03-29,19,clear,31.3
909,2,2024-03-30,12,clear,27.5
910,2,2024-03-30,19,clear,39.1
911,2,2024-03-31,12,clear,22.5
912,2,2024-03-31,19,clear,24.1
913,2,2024-04-01,12,clear,31.8
914,2,2024-04-01,19,clear,34.7
915,2,2024-04-02,12,clear,25.9
916,2,2024-04-02,19,clear,24.8
917,2,2024-04-03,12,clear,30.6
918,2,2024-04-03,19,clear,29.7
919,2,2024-04-04,12,clear,32.5
920,2,2024-04-04,19,clear,23.3
921,2,2024-04-05,12,clear,25.8
922,2,2024-04-05,19,clear,31.9
923,2,2024-04-06,12,clear,39.4
924,2,2024-04-06,19,clear,21.7
925,2,2024-04-07,12,rain,23.0
926,2,2024-04-07,19,clear,36.2
927,2,2024-04-08,12,clear,30.0
928,2,2024-04-08,19,clear,31.4
929,2,2024-04-09,12,clear,32.1
930,2,2024-04-09,19,clear,28.8
931,2,2024-04-10,12,clear,43.6
932,2,2024-04-10,19,clear,27.4
933,2,2024-04-11,12,clear,30.6
934,2,2024-04-11,19,clear,35.4
935,2,2024-04-12,12,clear,36.1
936,2,2024-04-12,19,clear,33.7
937,2,2024-04-13,12,clear,24.3
938,2,2024-04-13,19,clear,27.6
939,2,2024-04-14,12,clear,35.4
940,2,2024-04-14,19,clear,33.4
941,2,2024-04-15,12,clear,27.7
942,2,2024-04-15,19,clear,24.0
943,2,2024-04-16,12,heavy_rain,32.9
944,2,2024-04-16,19,clear,28.3
945,2,2024-04-17,12,clear,31.4
946,2,2024-04-17,19,clear,30.1
947,2,2024-04-18,12,clear,35.0
948,2,2024-04-18,19,clear,32.8
949,2,2024-04-19,12,clear,29.4
950,2,2024-04-19,19,clear,33.1
951,2,2024-04-20,12,clear,30.6
952,2,2024-04-20,19,clear,27.9
953,2,2024-04-21,12,clear,32.6
954,2,2024-04-21,19,clear,33.2
955,2,2024-04-22,12,clear,29.7
956,2,2024-04-22,19,clear,30.0
957,2,2024-04-23,12,clear,32.4
958,2,2024-04-23,19,heatwave,33.1
959,2,2024-04-24,12,clear,29.3
960,2,2024-04-24,19,clear,30.2
961,2,2024-04-25,12,clear,43.1
962,2,2024-04-25,19,clear,22.9
963,2,2024-04-26,12,clear,24.0
964,2,2024-04-26,19,clear,36.7
965,2,2024-04-27,12,clear,16.8
966,2,2024-04-27,19,rain,28.4
967,2,2024-04-28,12,clear,26.3
968,2,2024-04-28,19,clear,32.6
969,2,2024-04-29,12,clear,26.1
970,2,2024-04-29,19,clear,22.9
971,2,2024-04-30,12,clear,39.0
972,2,2024-04-30,19,clear,31.5
973,2,2024-05-01,12,clear,18.8
974,2,2024-05-01,19,clear,32.7
975,2,2024-05-02,12,clear,21.7
976,2,2024-05-02,19,clear,26.8
977,2,2024-05-03,12,clear,32.8
978,2,2024-05-03,19,clear,29.8
979,2,2024-05-04,12,clear,27.9
980,2,2024-05-04,19,clear,34.9
981,2,2024-05-05,12,clear,23.6
982,2,2024-05-05,19,clear,30.0
983,2,2024-05-06,12,clear,32.1
984,2,2024-05-06,19,clear,36.0
985,2,2024-05-07,12,clear,32.1
986,2,2024-05-07,19,clear,28.7
987,2,2024-05-08,12,clear,33.5
988,2,2024-05-08,19,clear,26.0
989,2,2024-05-09,12,clear,36.2
990,2,2024-05-09,19,clear,31.5
991,2,2024-05-10,12,clear,30.0
992,2,2024-05-10,19,clear,39.0
993,2,2024-05-11,12,clear,22.3
994,2,2024-05-11,19,heavy_rain,23.4
995,2,2024-05-12,12,clear,33.1
996,2,2024-05-12,19,clear,40.1
997,2,2024-05-13,12,rain,30.6
998,2,2024-05-13,19,clear,29.1
999,2,2024-05-14,12,heatwave,26.8
1000,2,2024-05-14,19,clear,26.1
1001,2,2024-05-15,12,clear,24.5
1002,2,2024-05-15,19,clear,30.5
1003,2,2024-05-16,12,clear,29.3
1004,2,2024-05-16,19,clear,30.4
1005,2,2024-05-17,12,clear,22.7
1006,2,2024-05-17,19,clear,37.2
1007,2,2024-05-18,12,clear,25.5
1008,2,2024-05-18,19,heatwave,25.4
1009,2,2024-05-19,12,clear,25.5
1010,2,2024-05-19,19,clear,32.0
1011,2,2024-05-20,12,clear,29.4
1012,2,2024-05-20,19,clear,27.7
1013,2,2024-05-21,12,clear,31.0
1014,2,2024-05-21,19,clear,32.2
1015,2,2024-05-22,12,heatwave,30.6
1016,2,2024-05-22,19,clear,33.3
1017,2,2024-05-23,12,clear,25.4
1018,2,2024-05-23,19,clear,40.3
1019,2,2024-05-24,12,clear,27.6
1020,2,2024-05-24,19,clear,28.4
1021,2,2024-05-25,12,clear,31.5
1022,2,2024-05-25,19,clear,26.3
1023,2,2024-05-26,12,clear,31.9
1024,2,2024-05-26,19,clear,26.0
1025,2,2024-05-27,12,clear,25.6
1026,2,2024-05-27,19,clear,17.3
1027,2,2024-05-28,12,clear,31.9
1028,2,2024-05-28,19,clear,25.2
1029,2,2024-05-29,12,clear,30.5
1030,2,2024-05-29,19,clear,24.3
1031,2,2024-05-30,12,clear,25.9
1032,2,2024-05-30,19,clear,27.6
1033,2,2024-05-31,12,clear,26.8
1034,2,2024-05-31,19,heavy_rain,21.2
1035,2,2024-06-01,12,heavy_rain,30.5
1036,2,2024-06-01,19,rain,34.0
1037,2,2024-06-02,12,heavy_rain,28.6
1038,2,2024-06-02,19,clear,28.4
1039,2,2024-06-03,12,clear,32.1
1040,2,2024-06-03,19,heavy_rain,21.8
1041,2,2024-06-04,12,clear,23.1
1042,2,2024-06-04,19,clear,25.8
1043,2,2024-06-05,12,heavy_rain,34.2
1044,2,2024-06-05,19,heavy_rain,28.3
1045,2,2024-06-06,12,clear,29.4
1046,2,2024-06-06,19,heavy_rain,23.8
1047,2,2024-06-07,12,rain,27.0
1048,2,2024-06-07,19,clear,21.2
1049,2,2024-06-08,12,clear,29.6
1050,2,2024-06-08,19,rain,27.8
1051,2,2024-06-09,12,heavy_rain,38.6
1052,2,2024-06-09,19,clear,29.3
1053,2,2024-06-10,12,clear,21.2
1054,2,2024-06-10,19,clear,35.1
1055,2,2024-06-11,12,clear,27.1
1056,2,2024-06-11,19,clear,32.2
1057,2,2024-06-12,12,clear,33.0
1058,2,2024-06-12,19,clear,31.9
1059,2,2024-06-13,12,heavy_rain,28.0
1060,2,2024-06-13,19,rain,28.8
1061,2,2024-06-14,12,clear,32.6
1062,2,2024-06-14,19,clear,30.2
1063,2,2024-06-15,12,clear,36.5
1064,2,2024-06-15,19,clear,28.0
1065,2,2024-06-16,12,clear,34.2
1066,2,2024-06-16,19,clear,33.4
1067,2,2024-06-17,12,rain,30.9
1068,2,2024-06-17,19,clear,31.4
1069,2,2024-06-18,12,rain,25.3
1070,2,2024-06-18,19,clear,26.9
1071,2,2024-06-19,12,clear,26.4
1072,2,2024-06-19,19,rain,23.1
1073,2,2024-06-20,12,clear,22.9
1074,2,2024-06-20,19,clear,35.6
1075,2,2024-06-21,12,rain,30.0
1076,2,2024-06-21,19,heavy_rain,39.4
1077,2,2024-06-22,12,clear,38.6
1078,2,2024-06-22,19,clear,32.3
1079,2,2024-06-23,12,clear,37.3
1080,2,2024-06-23,19,rain,37.5
1081,2,2024-06-24,12,clear,33.7
1082,2,2024-06-24,19,heavy_rain,28.5
1083,2,2024-06-25,12,clear,31.1
1084,2,2024-06-25,19,clear,34.2
1085,2,2024-06-26,12,rain,34.8
1086,2,2024-06-26,19,rain,22.5
1087,2,2024-06-27,12,heatwave,23.6
1088,2,2024-06-27,19,clear,33.3
1089,2,2024-06-28,12,rain,36.6
1090,2,2024-06-28,19,clear,29.3
1091,2,2024-06-29,12,rain,34.9
1092,2,2024-06-29,19,clear,36.4
1093,2,2024-06-30,12,heatwave,29.8
1094,2,2024-06-30,19,rain,23.5
1095,2,2024-07-01,12,clear,29.1
1096,2,2024-07-01,19,clear,27.7
1097,2,2024-07-02,12,clear,21.6
1098,2,2024-07-02,19,clear,30.8
1099,2,2024-07-03,12,rain,34.4
1100,2,2024-07-03,19,heatwave,40.5
1101,2,2024-07-04,12,clear,25.8
1102,2,2024-07-04,19,clear,24.3
1103,2,2024-07-05,12,heavy_rain,22.9
1104,2,2024-07-05,19,clear,27.3
1105,2,2024-07-06,12,clear,30.9
1106,2,2024-07-06,19,clear,30.4
1107,2,2024-07-07,12,clear,20.4
1108,2,2024-07-07,19,clear,35.1
1109,2,2024-07-08,12,clear,24.7
1110,2,2024-07-08,19,clear,29.2
1111,2,2024-07-09,12,heavy_rain,34.6
1112,2,2024-07-09,19,rain,32.6
1113,2,2024-07-10,12,rain,39.6
1114,2,2024-07-10,19,heavy_rain,28.6
1115,2,2024-07-11,12,clear,26.2
1116,2,2024-07-11,19,clear,27.7
1117,2,2024-07-12,12,clear,31.3
1118,2,2024-07-12,19,heavy_rain,11.0
1119,2,2024-07-13,12,clear,25.8
1120,2,2024-07-13,19,clear,28.7
1121,2,2024-07-14,12,rain,29.8
1122,2,2024-07-14,19,rain,26.3
1123,2,2024-07-15,12,rain,27.5
1124,2,2024-07-15,19,clear,27.6
1125,2,2024-07-16,12,rain,21.5
1126,2,2024-07-16,19,heavy_rain,35.4
1127,2,2024-07-17,12,clear,27.5
1128,2,2024-07-17,19,heavy_rain,24.3
1129,2,2024-07-18,12,rain,21.4
1130,2,2024-07-18,19,clear,30.7
1131,2,2024-07-19,12,clear,34.5
1132,2,2024-07-19,19,clear,28.0
1133,2,2024-07-20,12,clear,26.8
1134,2,2024-07-20,19,clear,31.9
1135,2,2024-07-21,12,clear,34.7
1136,2,2024-07-21,19,clear,33.8
1137,2,2024-07-22,12,heatwave,34.8
1138,2,2024-07-22,19,rain,23.1
1139,2,2024-07-23,12,heavy_rain,25.1
1140,2,2024-07-23,19,clear,26.3
1141,2,2024-07-24,12,clear,32.2
1142,2,2024-07-24,19,rain,26.4
1143,2,2024-07-25,12,clear,22.0
1144,2,2024-07-25,19,clear,22.3
1145,2,2024-07-26,12,clear,36.0
1146,2,2024-07-26,19,rain,23.1
1147,2,2024-07-27,12,clear,26.4
1148,2,2024-07-27,19,rain,38.1
1149,2,2024-07-28,12,rain,25.7
1150,2,2024-07-28,19,clear,21.0
1151,2,2024-07-29,12,rain,26.2
1152,2,2024-07-29,19,clear,26.2
1153,2,2024-07-30,12,heavy_rain,39.7
1154,2,2024-07-30,19,heavy_rain,28.2
1155,2,2024-07-31,12,clear,29.5
1156,2,2024-07-31,19,clear,27.5
1157,2,2024-08-01,12,rain,33.0
1158,2,2024-08-01,19,clear,34.8
1159,2,2024-08-02,12,rain,15.4
1160,2,2024-08-02,19,heavy_rain,26.2
1161,2,2024-08-03,12,rain,42.0
1162,2,2024-08-03,19,clear,31.1
1163,2,2024-08-04,12,clear,29.2
1164,2,2024-08-04,19,clear,32.7
1165,2,2024-08-05,12,heatwave,21.5
1166,2,2024-08-05,19,rain,34.0
1167,2,2024-08-06,12,clear,35.0
1168,2,2024-08-06,19,rain,33.1
1169,2,2024-08-07,12,clear,29.3
1170,2,2024-08-07,19,clear,20.7
1171,2,2024-08-08,12,clear,37.0
1172,2,2024-08-08,19,clear,29.1
1173,2,2024-08-09,12,clear,28.5
1174,2,2024-08-09,19,clear,26.6
1175,2,2024-08-10,12,clear,35.7
1176,2,2024-08-10,19,rain,40.1
1177,2,2024-08-11,12,rain,25.7
1178,2,2024-08-11,19,clear,30.9
1179,2,2024-08-12,12,clear,35.7
1180,2,2024-08-12,19,rain,29.5
1181,2,2024-08-13,12,rain,28.3
1182,2,2024-08-13,19,clear,24.8
1183,2,2024-08-14,12,rain,25.8
1184,2,2024-08-14,19,clear,29.0
1185,2,2024-08-15,12,heatwave,32.7
1186,2,2024-08-15,19,clear,27.0
1187,2,2024-08-16,12,rain,25.2
1188,2,2024-08-16,19,clear,34.9
1189,2,2024-08-17,12,clear,31.4
1190,2,2024-08-17,19,heatwave,28.7
1191,2,2024-08-18,12,clear,34.1
1192,2,2024-08-18,19,clear,34.5
1193,2,2024-08-19,12,rain,30.7
1194,2,2024-08-19,19,clear,27.3
1195,2,2024-08-20,12,heavy_rain,26.8
1196,2,2024-08-20,19,clear,23.3
1197,2,2024-08-21,12,rain,33.7
1198,2,2024-08-21,19,clear,23.0
1199,2,2024-08-22,12,clear,30.1
1200,2,2024-08-22,19,heavy_rain,26.4
1201,2,2024-08-23,12,rain,31.0
1202,2,2024-08-23,19,clear,37.7
1203,2,2024-08-24,12,rain,29.0
1204,2,2024-08-24,19,clear,37.8
1205,2,2024-08-25,12,rain,29.7
1206,2,2024-08-25,19,clear,30.6
1207,2,2024-08-26,12,rain,31.1
1208,2,2024-08-26,19,rain,28.5
1209,2,2024-08-27,12,rain,30.3
1210,2,2024-08-27,19,clear,35.8
1211,2,2024-08-28,12,heavy_rain,31.3
1212,2,2024-08-28,19,rain,34.8
1213,2,2024-08-29,12,clear,30.4
1214,2,2024-08-29,19,clear,24.4
1215,2,2024-08-30,12,rain,37.3
1216,2,2024-08-30,19,clear,28.3
1217,2,2024-08-31,12,clear,29.9
1218,2,2024-08-31,19,clear,37.2
1219,2,2024-09-01,12,rain,17.9
1220,2,2024-09-01,19,clear,33.6
1221,2,2024-09-02,12,clear,32.8
1222,2,2024-09-02,19,clear,23.5
1223,2,2024-09-03,12,clear,23.2
1224,2,2024-09-03,19,clear,27.6
1225,2,2024-09-04,12,clear,26.6
1226,2,2024-09-04,19,clear,29.4
1227,2,2024-09-05,12,rain,32.3
1228,2,2024-09-05,19,clear,30.9
1229,2,2024-09-06,12,rain,24.2
1230,2,2024-09-06,19,clear,39.4
1231,2,2024-09-07,12,rain,34.8
1232,2,2024-09-07,19,heatwave,34.8
1233,2,2024-09-08,12,clear,35.6
1234,2,2024-09-08,19,heavy_rain,27.8
1235,2,2024-09-09,12,clear,28.4
1236,2,2024-09-09,19,rain,27.2
1237,2,2024-09-10,12,rain,30.4
1238,2,2024-09-10,19,rain,25.7
1239,2,2024-09-11,12,clear,35.1
1240,2,2024-09-11,19,clear,37.9
1241,2,2024-09-12,12,clear,21.0
1242,2,2024-09-12,19,rain,19.7
1243,2,2024-09-13,12,clear,34.5
1244,2,2024-09-13,19,clear,39.3
1245,2,2024-09-14,12,clear,31.9
1246,2,2024-09-14,19,clear,26.7
1247,2,2024-09-15,12,clear,27.4
1248,2,2024-09-15,19,heavy_rain,33.9
1249,2,2024-09-16,12,clear,35.7
1250,2,2024-09-16,19,clear,29.2
1251,2,2024-09-17,12,rain,24.8
1252,2,2024-09-17,19,clear,25.7
1253,2,2024-09-18,12,clear,30.6
1254,2,2024-09-18,19,rain,28.8
1255,2,2024-09-19,12,heavy_rain,33.3
1256,2,2024-09-19,19,clear,22.5
1257,2,2024-09-20,12,heavy_rain,27.4
1258,2,2024-09-20,19,clear,31.5
1259,2,2024-09-21,12,heavy_rain,36.7
1260,2,2024-09-21,19,rain,32.6
1261,2,2024-09-22,12,clear,30.3
1262,2,2024-09-22,19,clear,32.3
1263,2,2024-09-23,12,clear,36.7
1264,2,2024-09-23,19,clear,31.3
1265,2,2024-09-24,12,clear,25.8
1266,2,2024-09-24,19,clear,26.3
1267,2,2024-09-25,12,clear,24.1
1268,2,2024-09-25,19,rain,31.3
1269,2,2024-09-26,12,clear,25.8
1270,2,2024-09-26,19,clear,29.3
1271,2,2024-09-27,12,clear,29.0
1272,2,2024-09-27,19,clear,20.1
1273,2,2024-09-28,12,rain,34.0
1274,2,2024-09-28,19,clear,33.4
1275,2,2024-09-29,12,clear,32.8
1276,2,2024-09-29,19,clear,32.6
1277,2,2024-09-30,12,heavy_rain,26.7
1278,2,2024-09-30,19,rain,16.8
1279,2,2024-10-01,12,clear,27.7
1280,2,2024-10-01,19,rain,25.4
1281,2,2024-10-02,12,clear,31.5
1282,2,2024-10-02,19,clear,30.9
1283,2,2024-10-03,12,clear,23.9
1284,2,2024-10-03,19,clear,24.4
1285,2,2024-10-04,12,clear,35.6
1286,2,2024-10-04,19,clear,24.8
1287,2,2024-10-05,12,clear,32.9
1288,2,2024-10-05,19,clear,31.3
1289,2,2024-10-06,12,clear,26.6
1290,2,2024-10-06,19,clear,34.3
1291,2,2024-10-07,12,clear,26.4
1292,2,2024-10-07,19,clear,32.2
1293,2,2024-10-08,12,clear,32.7
1294,2,2024-10-08,19,clear,33.0
1295,2,2024-10-09,12,clear,22.8
1296,2,2024-10-09,19,clear,27.8
1297,2,2024-10-10,12,clear,28.6
1298,2,2024-10-10,19,clear,36.3
1299,2,2024-10-11,12,clear,26.7
1300,2,2024-10-11,19,clear,29.0
1301,2,2024-10-12,12,clear,31.7
1302,2,2024-10-12,19,clear,44.4
1303,2,2024-10-13,12,heatwave,33.0
1304,2,2024-10-13,19,clear,32.0
1305,2,2024-10-14,12,clear,34.6
1306,2,2024-10-14,19,clear,32.5
1307,2,2024-10-15,12,clear,24.3
1308,2,2024-10-15,19,clear,26.4
1309,2,2024-10-16,12,clear,32.6
1310,2,2024-10-16,19,clear,29.3
1311,2,2024-10-17,12,clear,28.0
1312,2,2024-10-17,19,clear,27.2
1313,2,2024-10-18,12,clear,33.2
1314,2,2024-10-18,19,clear,30.4
1315,2,2024-10-19,12,clear,19.7
1316,2,2024-10-19,19,clear,24.2
1317,2,2024-10-20,12,clear,31.4
1318,2,2024-10-20,19,clear,24.4
1319,2,2024-10-21,12,clear,40.7
1320,2,2024-10-21,19,heavy_rain,32.0
1321,2,2024-10-22,12,heatwave,18.4
1322,2,2024-10-22,19,clear,35.3
1323,2,2024-10-23,12,clear,28.2
1324,2,2024-10-23,19,clear,30.3
1325,2,2024-10-24,12,clear,29.3
1326,2,2024-10-24,19,clear,21.8
1327,2,2024-10-25,12,clear,27.4
1328,2,2024-10-25,19,clear,24.5
1329,2,2024-10-26,12,clear,31.5
1330,2,2024-10-26,19,clear,28.0
1331,2,2024-10-27,12,clear,28.8
1332,2,2024-10-27,19,clear,28.9
1333,2,2024-10-28,12,clear,27.3
1334,2,2024-10-28,19,clear,26.2
1335,2,2024-10-29,12,clear,35.0
1336,2,2024-10-29,19,clear,27.2
1337,2,2024-10-30,12,clear,31.5
1338,2,2024-10-30,19,clear,25.6
1339,2,2024-10-31,12,clear,36.0
1340,2,2024-10-31,19,clear,34.1
1341,2,2024-11-01,12,clear,16.8
1342,2,2024-11-01,19,clear,26.9
1343,2,2024-11-02,12,clear,35.4
1344,2,2024-11-02,19,clear,22.7
1345,2,2024-11-03,12,clear,34.8
1346,2,2024-11-03,19,clear,26.6
1347,2,2024-11-04,12,clear,12.5
1348,2,2024-11-04,19,clear,27.4
1349,2,2024-11-05,12,clear,28.6
1350,2,2024-11-05,19,clear,32.5
1351,2,2024-11-06,12,clear,34.8
1352,2,2024-11-06,19,clear,32.6
1353,2,2024-11-07,12,clear,24.8
1354,2,2024-11-07,19,heavy_rain,24.7
1355,2,2024-11-08,12,clear,36.6
1356,2,2024-11-08,19,clear,31.2
1357,2,2024-11-09,12,clear,30.4
1358,2,2024-11-09,19,clear,30.9
1359,2,2024-11-10,12,clear,24.9
1360,2,2024-11-10,19,clear,30.1
1361,2,2024-11-11,12,clear,28.8
1362,2,2024-11-11,19,rain,24.5
1363,2,2024-11-12,12,clear,26.4
1364,2,2024-11-12,19,clear,39.2
1365,2,2024-11-13,12,heatwave,31.1
1366,2,2024-11-13,19,clear,36.6
1367,2,2024-11-14,12,heatwave,37.2
1368,2,2024-11-14,19,clear,31.4
1369,2,2024-11-15,12,clear,32.1
1370,2,2024-11-15,19,clear,32.6
1371,2,2024-11-16,12,clear,21.3
1372,2,2024-11-16,19,clear,27.3
1373,2,2024-11-17,12,rain,26.4
1374,2,2024-11-17,19,rain,33.1
1375,2,2024-11-18,12,clear,27.9
1376,2,2024-11-18,19,clear,27.3
1377,2,2024-11-19,12,rain,27.5
1378,2,2024-11-19,19,clear,32.9
1379,2,2024-11-20,12,clear,31.2
1380,2,2024-11-20,19,clear,27.0
1381,2,2024-11-21,12,clear,24.7
1382,2,2024-11-21,19,heavy_rain,28.0
1383,2,2024-11-22,12,clear,32.9
1384,2,2024-11-22,19,clear,19.5
1385,2,2024-11-23,12,rain,32.2
1386,2,2024-11-23,19,clear,36.8
1387,2,2024-11-24,12,clear,26.0
1388,2,2024-11-24,19,clear,30.7
1389,2,2024-11-25,12,clear,27.0
1390,2,2024-11-25,19,clear,36.7
1391,2,2024-11-26,12,clear,34.5
1392,2,2024-11-26,19,clear,34.9
1393,2,2024-11-27,12,clear,26.8
1394,2,2024-11-27,19,rain,21.5
1395,2,2024-11-28,12,clear,42.6
1396,2,2024-11-28,19,clear,29.9
1397,2,2024-11-29,12,clear,34.7
1398,2,2024-11-29,19,clear,33.7
1399,2,2024-11-30,12,clear,40.5
1400,2,2024-11-30,19,clear,16.0
1401,2,2024-12-01,12,clear,22.2
1402,2,2024-12-01,19,clear,23.7
1403,2,2024-12-02,12,heatwave,31.6
1404,2,2024-12-02,19,clear,29.4
1405,2,2024-12-03,12,clear,28.7
1406,2,2024-12-03,19,clear,33.1
1407,2,2024-12-04,12,clear,28.6
1408,2,2024-12-04,19,clear,37.7
1409,2,2024-12-05,12,clear,29.9
1410,2,2024-12-05,19,clear,30.7
1411,2,2024-12-06,12,heatwave,32.8
1412,2,2024-12-06,19,clear,36.0
1413,2,2024-12-07,12,clear,36.8
1414,2,2024-12-07,19,clear,23.7
1415,2,2024-12-08,12,clear,36.1
1416,2,2024-12-08,19,clear,33.3
1417,2,2024-12-09,12,heatwave,22.5
1418,2,2024-12-09,19,clear,27.4
1419,2,2024-12-10,12,clear,30.4
1420,2,2024-12-10,19,clear,32.5
1421,2,2024-12-11,12,clear,24.1
1422,2,2024-12-11,19,heatwave,29.0
1423,2,2024-12-12,12,clear,27.7
1424,2,2024-12-12,19,clear,31.1
1425,2,2024-12-13,12,clear,35.7
1426,2,2024-12-13,19,clear,31.2
1427,2,2024-12-14,12,clear,32.4
1428,2,2024-12-14,19,clear,34.5
1429,2,2024-12-15,12,clear,38.0
1430,2,2024-12-15,19,clear,36.9
1431,2,2024-12-16,12,clear,36.0
1432,2,2024-12-16,19,clear,20.1
1433,2,2024-12-17,12,clear,27.8
1434,2,2024-12-17,19,clear,26.9
1435,2,2024-12-18,12,clear,38.3
1436,2,2024-12-18,19,clear,30.4
1437,2,2024-12-19,12,clear,29.2
1438,2,2024-12-19,19,clear,24.7
1439,2,2024-12-20,12,clear,27.5
1440,2,2024-12-20,19,heatwave,32.3
1441,2,2024-12-21,12,clear,31.7
1442,2,2024-12-21,19,heatwave,37.7
1443,2,2024-12-22,12,rain,39.0
1444,2,2024-12-22,19,clear,20.9
1445,2,2024-12-23,12,clear,37.0
1446,2,2024-12-23,19,clear,44.0
1447,2,2024-12-24,12,clear,32.7
1448,2,2024-12-24,19,clear,24.4
1449,2,2024-12-25,12,clear,23.1
1450,2,2024-12-25,19,clear,40.5
1451,2,2024-12-26,12,clear,33.0
1452,2,2024-12-26,19,clear,37.2
1453,2,2024-12-27,12,clear,34.1
1454,2,2024-12-27,19,clear,33.5
1455,2,2024-12-28,12,clear,29.5
1456,2,2024-12-28,19,clear,30.0
1457,2,2024-12-29,12,clear,24.2
1458,2,2024-12-29,19,clear,30.3
1459,2,2024-12-30,12,clear,28.3
1460,2,2024-12-30,19,clear,25.9
1461,3,2024-01-01,12,clear,26.3
1462,3,2024-01-01,19,clear,30.7
1463,3,2024-01-02,12,clear,26.9
1464,3,2024-01-02,19,clear,31.3
1465,3,2024-01-03,12,clear,29.4
1466,3,2024-01-03,19,clear,36.9
1467,3,2024-01-04,12,clear,28.2
1468,3,2024-01-04,19,clear,26.3
1469,3,2024-01-05,12,clear,27.0
1470,3,2024-01-05,19,clear,34.3
1471,3,2024-01-06,12,clear,29.4
1472,3,2024-01-06,19,clear,29.1
1473,3,2024-01-07,12,heatwave,26.6
1474,3,2024-01-07,19,clear,26.7
1475,3,2024-01-08,12,heatwave,30.5
1476,3,2024-01-08,19,clear,35.8
1477,3,2024-01-09,12,clear,27.6
1478,3,2024-01-09,19,clear,34.4
1479,3,2024-01-10,12,clear,26.5
1480,3,2024-01-10,19,clear,17.5
1481,3,2024-01-11,12,clear,31.2
1482,3,2024-01-11,19,clear,40.0
1483,3,2024-01-12,12,clear,31.4
1484,3,2024-01-12,19,clear,28.5
1485,3,2024-01-13,12,clear,37.6
1486,3,2024-01-13,19,clear,38.0
1487,3,2024-01-14,12,clear,23.4
1488,3,2024-01-14,19,clear,24.1
1489,3,2024-01-15,12,clear,36.5
1490,3,2024-01-15,19,clear,27.1
1491,3,2024-01-16,12,clear,30.7
1492,3,2024-01-16,19,clear,28.7
1493,3,2024-01-17,12,clear,32.0
1494,3,2024-01-17,19,clear,24.6
1495,3,2024-01-18,12,heatwave,29.6
1496,3,2024-01-18,19,heatwave,30.9
1497,3,2024-01-19,12,clear,36.0
1498,3,2024-01-19,19,clear,35.6
1499,3,2024-01-20,12,clear,24.4
1500,3,2024-01-20,19,clear,34.2
1501,3,2024-01-21,12,clear,30.2
1502,3,2024-01-21,19,clear,32.9
1503,3,2024-01-22,12,clear,39.6
1504,3,2024-01-22,19,clear,30.1
1505,3,2024-01-23,12,clear,30.7
1506,3,2024-01-23,19,clear,22.3
1507,3,2024-01-24,12,clear,38.6
1508,3,2024-01-24,19,heatwave,35.8
1509,3,2024-01-25,12,rain,27.9
1510,3,2024-01-25,19,clear,30.2
1511,3,2024-01-26,12,clear,34.1
1512,3,2024-01-26,19,clear,26.6
1513,3,2024-01-27,12,clear,27.7
1514,3,2024-01-27,19,heatwave,32.4
1515,3,2024-01-28,12,rain,33.2
1516,3,2024-01-28,19,rain,30.4
1517,3,2024-01-29,12,heatwave,22.4
1518,3,2024-01-29,19,clear,17.9
1519,3,2024-01-30,12,clear,28.5
1520,3,2024-01-30,19,clear,30.9
1521,3,2024-01-31,12,clear,18.8
1522,3,2024-01-31,19,clear,34.8
1523,3,2024-02-01,12,clear,33.9
1524,3,2024-02-01,19,clear,24.4
1525,3,2024-02-02,12,clear,33.9
1526,3,2024-02-02,19,clear,24.9
1527,3,2024-02-03,12,clear,26.7
1528,3,2024-02-03,19,clear,34.2
1529,3,2024-02-04,12,clear,39.2
1530,3,2024-02-04,19,heavy_rain,25.2
1531,3,2024-02-05,12,clear,36.7
1532,3,2024-02-05,19,clear,38.4
1533,3,2024-02-06,12,clear,27.9
1534,3,2024-02-06,19,clear,30.7
1535,3,2024-02-07,12,clear,33.3
1536,3,2024-02-07,19,clear,22.6
1537,3,2024-02-08,12,clear,29.4
1538,3,2024-02-08,19,clear,32.5
1539,3,2024-02-09,12,clear,25.8
1540,3,2024-02-09,19,clear,30.1
1541,3,2024-02-10,12,clear,25.6
1542,3,2024-02-10,19,clear,31.8
1543,3,2024-02-11,12,clear,17.6
1544,3,2024-02-11,19,clear,23.8
1545,3,2024-02-12,12,clear,29.4
1546,3,2024-02-12,19,clear,34.4
1547,3,2024-02-13,12,clear,28.9
1548,3,2024-02-13,19,clear,27.3
1549,3,2024-02-14,12,clear,35.3
1550,3,2024-02-14,19,clear,41.6
1551,3,2024-02-15,12,clear,29.0
1552,3,2024-02-15,19,clear,35.1
1553,3,2024-02-16,12,clear,23.0
1554,3,2024-02-16,19,clear,34.4
1555,3,2024-02-17,12,clear,30.5
1556,3,2024-02-17,19,rain,25.7
1557,3,2024-02-18,12,clear,29.8
1558,3,2024-02-18,19,clear,31.2
1559,3,2024-02-19,12,clear,26.7
1560,3,2024-02-19,19,rain,29.8
1561,3,2024-02-20,12,rain,26.3
1562,3,2024-02-20,19,clear,25.5
1563,3,2024-02-21,12,clear,33.5
1564,3,2024-02-21,19,heavy_rain,30.4
1565,3,2024-02-22,12,clear,28.7
1566,3,2024-02-22,19,heavy_rain,34.7
1567,3,2024-02-23,12,clear,31.0
1568,3,2024-02-23,19,clear,29.3
1569,3,2024-02-24,12,clear,20.4
1570,3,2024-02-24,19,clear,23.2
1571,3,2024-02-25,12,clear,29.7
1572,3,2024-02-25,19,clear,35.7
1573,3,2024-02-26,12,clear,31.6
1574,3,2024-02-26,19,clear,31.9
1575,3,2024-02-27,12,clear,34.8
1576,3,2024-02-27,19,clear,13.0
1577,3,2024-02-28,12,clear,36.5
1578,3,2024-02-28,19,clear,34.8
1579,3,2024-02-29,12,clear,25.3
1580,3,2024-02-29,19,clear,25.3
1581,3,2024-03-01,12,clear,25.6
1582,3,2024-03-01,19,clear,27.1
1583,3,2024-03-02,12,clear,35.9
1584,3,2024-03-02,19,clear,22.8
1585,3,2024-03-03,12,clear,27.6
1586,3,2024-03-03,19,clear,31.2
1587,3,2024-03-04,12,clear,27.5
1588,3,2024-03-04,19,clear,24.9
1589,3,2024-03-05,12,clear,33.0
1590,3,2024-03-05,19,clear,24.7
1591,3,2024-03-06,12,clear,36.0
1592,3,2024-03-06,19,clear,25.3
1593,3,2024-03-07,12,clear,31.9
1594,3,2024-03-07,19,clear,37.9
1595,3,2024-03-08,12,clear,28.0
1596,3,2024-03-08,19,clear,34.4
1597,3,2024-03-09,12,clear,28.9
1598,3,2024-03-09,19,clear,26.7
1599,3,2024-03-10,12,clear,32.4
1600,3,2024-03-10,19,clear,25.2
1601,3,2024-03-11,12,rain,25.2
1602,3,2024-03-11,19,clear,41.4
1603,3,2024-03-12,12,clear,34.2
1604,3,2024-03-12,19,clear,37.0
1605,3,2024-03-13,12,clear,30.0
1606,3,2024-03-13,19,clear,38.3
1607,3,2024-03-14,12,clear,25.2
1608,3,2024-03-14,19,heatwave,33.7
1609,3,2024-03-15,12,clear,23.1
1610,3,2024-03-15,19,clear,33.0
1611,3,2024-03-16,12,clear,34.8
1612,3,2024-03-16,19,clear,27.0
1613,3,2024-03-17,12,heavy_rain,34.1
1614,3,2024-03-17,19,heatwave,38.9
1615,3,2024-03-18,12,clear,31.1
1616,3,2024-03-18,19,heatwave,29.2
1617,3,2024-03-19,12,clear,21.0
1618,3,2024-03-19,19,clear,30.2
1619,3,2024-03-20,12,clear,26.3
1620,3,2024-03-20,19,clear,32.3
1621,3,2024-03-21,12,clear,31.5
1622,3,2024-03-21,19,heatwave,31.7
1623,3,2024-03-22,12,heavy_rain,33.1
1624,3,2024-03-22,19,rain,28.6
1625,3,2024-03-23,12,clear,33.1
1626,3,2024-03-23,19,clear,38.3
1627,3,2024-03-24,12,clear,35.7
1628,3,2024-03-24,19,rain,39.4
1629,3,2024-03-25,12,clear,29.6
1630,3,2024-03-25,19,clear,20.9
1631,3,2024-03-26,12,clear,32.8
1632,3,2024-03-26,19,clear,29.4
1633,3,2024-03-27,12,clear,30.0
1634,3,2024-03-27,19,heavy_rain,29.4
1635,3,2024-03-28,12,rain,33.2
1636,3,2024-03-28,19,clear,32.3
1637,3,2024-03-29,12,clear,37.7
1638,3,2024-03-29,19,clear,35.4
1639,3,2024-03-30,12,clear,28.7
1640,3,2024-03-30,19,clear,37.2
1641,3,2024-03-31,12,clear,25.9
1642,3,2024-03-31,19,clear,27.3
1643,3,2024-04-01,12,heatwave,28.3
1644,3,2024-04-01,19,clear,36.4
1645,3,2024-04-02,12,clear,32.5
1646,3,2024-04-02,19,clear,28.5
1647,3,2024-04-03,12,clear,35.3
1648,3,2024-04-03,19,clear,30.1
1649,3,2024-04-04,12,clear,19.2
1650,3,2024-04-04,19,clear,28.6
1651,3,2024-04-05,12,clear,32.2
1652,3,2024-04-05,19,clear,32.8
1653,3,2024-04-06,12,clear,30.8
1654,3,2024-04-06,19,clear,25.2
1655,3,2024-04-07,12,heatwave,43.1
1656,3,2024-04-07,19,clear,37.6
1657,3,2024-04-08,12,clear,22.9
1658,3,2024-04-08,19,clear,27.0
1659,3,2024-04-09,12,clear,38.8
1660,3,2024-04-09,19,clear,30.1
1661,3,2024-04-10,12,clear,28.1
1662,3,2024-04-10,19,clear,28.5
1663,3,2024-04-11,12,clear,32.4
1664,3,2024-04-11,19,clear,25.8
1665,3,2024-04-12,12,rain,25.9
1666,3,2024-04-12,19,clear,31.9
1667,3,2024-04-13,12,clear,28.0
1668,3,2024-04-13,19,clear,35.9
1669,3,2024-04-14,12,clear,35.4
1670,3,2024-04-14,19,clear,34.5
1671,3,2024-04-15,12,clear,25.0
1672,3,2024-04-15,19,clear,31.1
1673,3,2024-04-16,12,clear,24.5
1674,3,2024-04-16,19,clear,25.7
1675,3,2024-04-17,12,clear,31.1
1676,3,2024-04-17,19,heatwave,37.0
1677,3,2024-04-18,12,heatwave,31.5
1678,3,2024-04-18,19,clear,28.7
1679,3,2024-04-19,12,clear,31.2
1680,3,2024-04-19,19,clear,19.2
1681,3,2024-04-20,12,clear,32.3
1682,3,2024-04-20,19,heavy_rain,32.9
1683,3,2024-04-21,12,clear,24.5
1684,3,2024-04-21,19,rain,31.9
1685,3,2024-04-22,12,clear,32.7
1686,3,2024-04-22,19,clear,19.2
1687,3,2024-04-23,12,clear,25.8
1688,3,2024-04-23,19,clear,34.2
1689,3,2024-04-24,12,clear,22.3
1690,3,2024-04-24,19,clear,29.6
1691,3,2024-04-25,12,clear,27.8
1692,3,2024-04-25,19,clear,26.4
1693,3,2024-04-26,12,clear,32.8
1694,3,2024-04-26,19,clear,36.1
1695,3,2024-04-27,12,clear,36.1
1696,3,2024-04-27,19,clear,36.5
1697,3,2024-04-28,12,clear,31.6
1698,3,2024-04-28,19,clear,30.7
1699,3,2024-04-29,12,heatwave,35.4
1700,3,2024-04-29,19,clear,22.2
1701,3,2024-04-30,12,clear,37.8
1702,3,2024-04-30,19,clear,27.8
1703,3,2024-05-01,12,clear,29.9
1704,3,2024-05-01,19,clear,29.5
1705,3,2024-05-02,12,clear,27.9
1706,3,2024-05-02,19,heatwave,27.8
1707,3,2024-05-03,12,clear,32.9
1708,3,2024-05-03,19,clear,30.7
1709,3,2024-05-04,12,clear,25.1
1710,3,2024-05-04,19,clear,29.4
1711,3,2024-05-05,12,clear,33.4
1712,3,2024-05-05,19,clear,30.4
1713,3,2024-05-06,12,rain,29.2
1714,3,2024-05-06,19,clear,35.2
1715,3,2024-05-07,12,clear,30.6
1716,3,2024-05-07,19,clear,25.8
1717,3,2024-05-08,12,clear,27.5
1718,3,2024-05-08,19,clear,32.2
1719,3,2024-05-09,12,clear,32.1
1720,3,2024-05-09,19,clear,25.1
1721,3,2024-05-10,12,rain,35.7
1722,3,2024-05-10,19,clear,39.5
1723,3,2024-05-11,12,clear,36.1
1724,3,2024-05-11,19,rain,30.6
1725,3,2024-05-12,12,clear,26.1
1726,3,2024-05-12,19,clear,33.1
1727,3,2024-05-13,12,clear,27.8
1728,3,2024-05-13,19,clear,23.9
1729,3,2024-05-14,12,clear,28.6
1730,3,2024-05-14,19,clear,37.6
1731,3,2024-05-15,12,clear,31.2
1732,3,2024-05-15,19,clear,30.0
1733,3,2024-05-16,12,clear,20.5
1734,3,2024-05-16,19,clear,25.7
1735,3,2024-05-17,12,clear,26.0
1736,3,2024-05-17,19,clear,34.0
1737,3,2024-05-18,12,clear,27.8
1738,3,2024-05-18,19,clear,35.9
1739,3,2024-05-19,12,clear,23.7
1740,3,2024-05-19,19,clear,28.8
1741,3,2024-05-20,12,clear,31.7
1742,3,2024-05-20,19,clear,36.4
1743,3,2024-05-21,12,clear,24.1
1744,3,2024-05-21,19,clear,33.9
1745,3,2024-05-22,12,clear,31.9
1746,3,2024-05-22,19,clear,33.1
1747,3,2024-05-23,12,clear,30.5
1748,3,2024-05-23,19,clear,30.9
1749,3,2024-05-24,12,clear,28.2
1750,3,2024-05-24,19,heatwave,33.4
1751,3,2024-05-25,12,clear,28.5
1752,3,2024-05-25,19,clear,27.9
1753,3,2024-05-26,12,heatwave,30.3
1754,3,2024-05-26,19,clear,30.3
1755,3,2024-05-27,12,clear,25.1
1756,3,2024-05-27,19,clear,31.4
1757,3,2024-05-28,12,clear,26.3
1758,3,2024-05-28,19,clear,33.1
1759,3,2024-05-29,12,clear,32.0
1760,3,2024-05-29,19,clear,32.2
1761,3,2024-05-30,12,clear,31.6
1762,3,2024-05-30,19,clear,26.9
1763,3,2024-05-31,12,clear,30.5
1764,3,2024-05-31,19,clear,35.6
1765,3,2024-06-01,12,clear,25.4
1766,3,2024-06-01,19,clear,28.2
1767,3,2024-06-02,12,clear,34.6
1768,3,2024-06-02,19,clear,25.4
1769,3,2024-06-03,12,clear,30.4
1770,3,2024-06-03,19,clear,28.9
1771,3,2024-06-04,12,clear,30.5
1772,3,2024-06-04,19,heavy_rain,25.2
1773,3,2024-06-05,12,clear,32.6
1774,3,2024-06-05,19,clear,28.0
1775,3,2024-06-06,12,clear,28.7
1776,3,2024-06-06,19,rain,29.7
1777,3,2024-06-07,12,clear,41.8
1778,3,2024-06-07,19,clear,35.9
1779,3,2024-06-08,12,clear,21.2
1780,3,2024-06-08,19,clear,27.5
1781,3,2024-06-09,12,rain,34.6
1782,3,2024-06-09,19,heavy_rain,26.0
1783,3,2024-06-10,12,rain,33.1
1784,3,2024-06-10,19,clear,33.7
1785,3,2024-06-11,12,clear,20.5
1786,3,2024-06-11,19,rain,27.0
1787,3,2024-06-12,12,clear,27.8
1788,3,2024-06-12,19,clear,32.8
1789,3,2024-06-13,12,clear,32.2
1790,3,2024-06-13,19,clear,31.2
1791,3,2024-06-14,12,rain,26.3
1792,3,2024-06-14,19,heavy_rain,37.6
1793,3,2024-06-15,12,rain,25.3
1794,3,2024-06-15,19,heatwave,25.2
1795,3,2024-06-16,12,rain,31.4
1796,3,2024-06-16,19,clear,23.9
1797,3,2024-06-17,12,rain,30.3
1798,3,2024-06-17,19,rain,21.8
1799,3,2024-06-18,12,rain,28.5
1800,3,2024-06-18,19,clear,25.7
1801,3,2024-06-19,12,rain,24.8
1802,3,2024-06-19,19,clear,31.4
1803,3,2024-06-20,12,clear,22.8
1804,3,2024-06-20,19,rain,37.8
1805,3,2024-06-21,12,rain,33.0
1806,3,2024-06-21,19,clear,25.3
1807,3,2024-06-22,12,rain,24.4
1808,3,2024-06-22,19,clear,28.4
1809,3,2024-06-23,12,heavy_rain,34.7
1810,3,2024-06-23,19,heavy_rain,26.1
1811,3,2024-06-24,12,heavy_rain,23.6
1812,3,2024-06-24,19,heatwave,20.5
1813,3,2024-06-25,12,clear,28.1
1814,3,2024-06-25,19,clear,41.1
1815,3,2024-06-26,12,clear,34.0
1816,3,2024-06-26,19,clear,31.9
1817,3,2024-06-27,12,rain,32.2
1818,3,2024-06-27,19,clear,27.3
1819,3,2024-06-28,12,clear,29.4
1820,3,2024-06-28,19,clear,26.9
1821,3,2024-06-29,12,rain,39.7
1822,3,2024-06-29,19,clear,27.8
1823,3,2024-06-30,12,rain,30.5
1824,3,2024-06-30,19,clear,43.2
1825,3,2024-07-01,12,clear,38.4
1826,3,2024-07-01,19,clear,28.3
1827,3,2024-07-02,12,clear,31.5
1828,3,2024-07-02,19,clear,29.8
1829,3,2024-07-03,12,clear,29.1
1830,3,2024-07-03,19,rain,38.8
1831,3,2024-07-04,12,clear,24.8
1832,3,2024-07-04,19,heatwave,26.9
1833,3,2024-07-05,12,clear,22.2
1834,3,2024-07-05,19,clear,31.4
1835,3,2024-07-06,12,clear,30.6
1836,3,2024-07-06,19,rain,27.9
1837,3,2024-07-07,12,rain,30.0
1838,3,2024-07-07,19,rain,26.7
1839,3,2024-07-08,12,clear,25.1
1840,3,2024-07-08,19,heatwave,33.9
1841,3,2024-07-09,12,clear,37.2
1842,3,2024-07-09,19,clear,22.9
1843,3,2024-07-10,12,clear,25.7
1844,3,2024-07-10,19,rain,32.3
1845,3,2024-07-11,12,clear,31.5
1846,3,2024-07-11,19,clear,28.8
1847,3,2024-07-12,12,clear,31.8
1848,3,2024-07-12,19,heavy_rain,26.0
1849,3,2024-07-13,12,clear,35.2
1850,3,2024-07-13,19,clear,27.6
1851,3,2024-07-14,12,clear,25.8
1852,3,2024-07-14,19,rain,37.6
1853,3,2024-07-15,12,clear,30.8
1854,3,2024-07-15,19,rain,28.0
1855,3,2024-07-16,12,clear,23.4
1856,3,2024-07-16,19,clear,25.1
1857,3,2024-07-17,12,clear,31.7
1858,3,2024-07-17,19,clear,42.3
1859,3,2024-07-18,12,rain,24.5
1860,3,2024-07-18,19,rain,33.6
1861,3,2024-07-19,12,clear,25.9
1862,3,2024-07-19,19,clear,31.3
1863,3,2024-07-20,12,heatwave,33.0
1864,3,2024-07-20,19,clear,33.7
1865,3,2024-07-21,12,heavy_rain,21.0
1866,3,2024-07-21,19,clear,35.1
1867,3,2024-07-22,12,clear,29.7
1868,3,2024-07-22,19,clear,24.9
1869,3,2024-07-23,12,clear,32.2
1870,3,2024-07-23,19,heavy_rain,31.6
1871,3,2024-07-24,12,clear,30.2
1872,3,2024-07-24,19,rain,39.5
1873,3,2024-07-25,12,clear,27.7
1874,3,2024-07-25,19,rain,21.3
1875,3,2024-07-26,12,clear,35.7
1876,3,2024-07-26,19,clear,31.3
1877,3,2024-07-27,12,clear,28.2
1878,3,2024-07-27,19,heavy_rain,27.3
1879,3,2024-07-28,12,rain,32.3
1880,3,2024-07-28,19,heatwave,23.7
1881,3,2024-07-29,12,heavy_rain,30.1
1882,3,2024-07-29,19,clear,31.8
1883,3,2024-07-30,12,rain,38.0
1884,3,2024-07-30,19,rain,28.3
1885,3,2024-07-31,12,clear,26.0
1886,3,2024-07-31,19,rain,36.0
1887,3,2024-08-01,12,clear,25.5
1888,3,2024-08-01,19,heavy_rain,31.9
1889,3,2024-08-02,12,heavy_rain,30.7
1890,3,2024-08-02,19,clear,31.7
1891,3,2024-08-03,12,rain,32.1
1892,3,2024-08-03,19,clear,35.3
1893,3,2024-08-04,12,clear,28.0
1894,3,2024-08-04,19,clear,25.2
1895,3,2024-08-05,12,clear,30.7
1896,3,2024-08-05,19,clear,36.1
1897,3,2024-08-06,12,clear,25.6
1898,3,2024-08-06,19,clear,35.2
1899,3,2024-08-07,12,rain,36.8
1900,3,2024-08-07,19,clear,34.3
1901,3,2024-08-08,12,clear,28.8
1902,3,2024-08-08,19,heatwave,26.0
1903,3,2024-08-09,12,clear,20.7
1904,3,2024-08-09,19,clear,31.5
1905,3,2024-08-10,12,rain,37.6
1906,3,2024-08-10,19,rain,35.6
1907,3,2024-08-11,12,clear,35.6
1908,3,2024-08-11,19,clear,24.1
1909,3,2024-08-12,12,clear,35.2
1910,3,2024-08-12,19,clear,28.7
1911,3,2024-08-13,12,clear,28.0
1912,3,2024-08-13,19,rain,27.0
1913,3,2024-08-14,12,clear,21.3
1914,3,2024-08-14,19,rain,23.5
1915,3,2024-08-15,12,heavy_rain,35.1
1916,3,2024-08-15,19,clear,34.4
1917,3,2024-08-16,12,clear,23.6
1918,3,2024-08-16,19,rain,26.0
1919,3,2024-08-17,12,clear,22.4
1920,3,2024-08-17,19,clear,27.2
1921,3,2024-08-18,12,rain,28.7
1922,3,2024-08-18,19,clear,27.3
1923,3,2024-08-19,12,clear,32.4
1924,3,2024-08-19,19,heavy_rain,40.1
1925,3,2024-08-20,12,rain,27.8
1926,3,2024-08-20,19,rain,29.9
1927,3,2024-08-21,12,clear,14.2
1928,3,2024-08-21,19,rain,33.2
1929,3,2024-08-22,12,rain,22.2
1930,3,2024-08-22,19,heatwave,30.8
1931,3,2024-08-23,12,clear,26.1
1932,3,2024-08-23,19,rain,25.0
1933,3,2024-08-24,12,clear,28.7
1934,3,2024-08-24,19,heavy_rain,34.4
1935,3,2024-08-25,12,clear,24.2
1936,3,2024-08-25,19,clear,34.9
1937,3,2024-08-26,12,clear,37.1
1938,3,2024-08-26,19,rain,20.6
1939,3,2024-08-27,12,clear,28.7
1940,3,2024-08-27,19,clear,25.9
1941,3,2024-08-28,12,rain,25.3
1942,3,2024-08-28,19,heatwave,36.7
1943,3,2024-08-29,12,clear,24.0
1944,3,2024-08-29,19,rain,24.7
1945,3,2024-08-30,12,clear,29.3
1946,3,2024-08-30,19,clear,34.9
1947,3,2024-08-31,12,heavy_rain,13.8
1948,3,2024-08-31,19,rain,30.5
1949,3,2024-09-01,12,clear,30.1
1950,3,2024-09-01,19,heavy_rain,30.0
1951,3,2024-09-02,12,clear,32.7
1952,3,2024-09-02,19,clear,31.6
1953,3,2024-09-03,12,clear,23.6
1954,3,2024-09-03,19,clear,32.1
1955,3,2024-09-04,12,clear,31.6
1956,3,2024-09-04,19,clear,36.9
1957,3,2024-09-05,12,heavy_rain,34.6
1958,3,2024-09-05,19,clear,20.0
1959,3,2024-09-06,12,heatwave,31.7
1960,3,2024-09-06,19,heavy_rain,36.7
1961,3,2024-09-07,12,clear,41.2
1962,3,2024-09-07,19,clear,27.0
1963,3,2024-09-08,12,clear,26.2
1964,3,2024-09-08,19,clear,39.0
1965,3,2024-09-09,12,rain,49.3
1966,3,2024-09-09,19,clear,24.8
1967,3,2024-09-10,12,heavy_rain,32.6
1968,3,2024-09-10,19,rain,34.1
1969,3,2024-09-11,12,clear,24.5
1970,3,2024-09-11,19,clear,29.0
1971,3,2024-09-12,12,clear,36.6
1972,3,2024-09-12,19,clear,28.2
1973,3,2024-09-13,12,clear,35.8
1974,3,2024-09-13,19,clear,26.0
1975,3,2024-09-14,12,clear,28.6
1976,3,2024-09-14,19,heatwave,38.5
1977,3,2024-09-15,12,clear,27.4
1978,3,2024-09-15,19,heavy_rain,29.5
1979,3,2024-09-16,12,clear,30.0
1980,3,2024-09-16,19,clear,24.5
1981,3,2024-09-17,12,clear,18.7
1982,3,2024-09-17,19,rain,22.0
1983,3,2024-09-18,12,clear,28.5
1984,3,2024-09-18,19,clear,27.2
1985,3,2024-09-19,12,clear,31.7
1986,3,2024-09-19,19,clear,22.3
1987,3,2024-09-20,12,rain,34.6
1988,3,2024-09-20,19,clear,29.9
1989,3,2024-09-21,12,clear,32.7
1990,3,2024-09-21,19,clear,27.6
1991,3,2024-09-22,12,clear,31.3
1992,3,2024-09-22,19,clear,36.7
1993,3,2024-09-23,12,heavy_rain,37.2
1994,3,2024-09-23,19,clear,27.9
1995,3,2024-09-24,12,clear,30.7
1996,3,2024-09-24,19,clear,27.8
1997,3,2024-09-25,12,clear,29.7
1998,3,2024-09-25,19,rain,31.5
1999,3,2024-09-26,12,clear,32.5
2000,3,2024-09-26,19,rain,31.6
2001,3,2024-09-27,12,heavy_rain,35.7
2002,3,2024-09-27,19,clear,28.2
2003,3,2024-09-28,12,clear,25.7
2004,3,2024-09-28,19,rain,36.2
2005,3,2024-09-29,12,heavy_rain,24.7
2006,3,2024-09-29,19,clear,36.1
2007,3,2024-09-30,12,clear,25.3
2008,3,2024-09-30,19,clear,32.6
2009,3,2024-10-01,12,clear,26.8
2010,3,2024-10-01,19,clear,31.3
2011,3,2024-10-02,12,clear,37.0
2012,3,2024-10-02,19,clear,32.0
2013,3,2024-10-03,12,clear,31.8
2014,3,2024-10-03,19,clear,34.7
2015,3,2024-10-04,12,clear,41.2
2016,3,2024-10-04,19,clear,33.6
2017,3,2024-10-05,12,clear,27.7
2018,3,2024-10-05,19,clear,38.4
2019,3,2024-10-06,12,rain,27.8
2020,3,2024-10-06,19,clear,23.5
2021,3,2024-10-07,12,clear,27.2
2022,3,2024-10-07,19,clear,29.8
2023,3,2024-10-08,12,clear,25.8
2024,3,2024-10-08,19,clear,23.1
2025,3,2024-10-09,12,clear,30.4
2026,3,2024-10-09,19,clear,31.5
2027,3,2024-10-10,12,clear,35.8
2028,3,2024-10-10,19,clear,23.0
2029,3,2024-10-11,12,clear,34.8
2030,3,2024-10-11,19,clear,28.5
2031,3,2024-10-12,12,clear,22.5
2032,3,2024-10-12,19,clear,35.4
2033,3,2024-10-13,12,clear,35.2
2034,3,2024-10-13,19,clear,34.1
2035,3,2024-10-14,12,clear,25.8
2036,3,2024-10-14,19,clear,29.9
2037,3,2024-10-15,12,clear,29.4
2038,3,2024-10-15,19,clear,29.5
2039,3,2024-10-16,12,clear,31.4
2040,3,2024-10-16,19,clear,37.3
2041,3,2024-10-17,12,clear,25.0
2042,3,2024-10-17,19,clear,28.2
2043,3,2024-10-18,12,clear,23.5
2044,3,2024-10-18,19,clear,33.6
2045,3,2024-10-19,12,clear,34.2
2046,3,2024-10-19,19,clear,23.4
2047,3,2024-10-20,12,clear,33.2
2048,3,2024-10-20,19,clear,26.3
2049,3,2024-10-21,12,clear,23.9
2050,3,2024-10-21,19,clear,18.0
2051,3,2024-10-22,12,clear,30.9
2052,3,2024-10-22,19,clear,19.6
2053,3,2024-10-23,12,clear,26.9
2054,3,2024-10-23,19,clear,35.1
2055,3,2024-10-24,12,clear,27.4
2056,3,2024-10-24,19,clear,14.1
2057,3,2024-10-25,12,clear,37.8
2058,3,2024-10-25,19,clear,28.4
2059,3,2024-10-26,12,clear,34.8
2060,3,2024-10-26,19,clear,30.5
2061,3,2024-10-27,12,clear,35.4
2062,3,2024-10-27,19,clear,32.5
2063,3,2024-10-28,12,clear,25.5
2064,3,2024-10-28,19,clear,34.2
2065,3,2024-10-29,12,clear,28.2
2066,3,2024-10-29,19,clear,29.6
2067,3,2024-10-30,12,clear,35.1
2068,3,2024-10-30,19,clear,29.5
2069,3,2024-10-31,12,clear,21.8
2070,3,2024-10-31,19,clear,27.9
2071,3,2024-11-01,12,clear,30.2
2072,3,2024-11-01,19,clear,25.7
2073,3,2024-11-02,12,clear,34.9
2074,3,2024-11-02,19,clear,31.1
2075,3,2024-11-03,12,clear,29.6
2076,3,2024-11-03,19,clear,29.2
2077,3,2024-11-04,12,clear,25.6
2078,3,2024-11-04,19,clear,18.2
2079,3,2024-11-05,12,clear,21.2
2080,3,2024-11-05,19,clear,29.7
2081,3,2024-11-06,12,clear,32.1
2082,3,2024-11-06,19,clear,37.0
2083,3,2024-11-07,12,clear,22.9
2084,3,2024-11-07,19,rain,37.4
2085,3,2024-11-08,12,clear,30.2
2086,3,2024-11-08,19,clear,36.5
2087,3,2024-11-09,12,clear,28.0
2088,3,2024-11-09,19,clear,24.1
2089,3,2024-11-10,12,clear,29.8
2090,3,2024-11-10,19,clear,29.3
2091,3,2024-11-11,12,clear,27.3
2092,3,2024-11-11,19,clear,34.6
2093,3,2024-11-12,12,clear,35.5
2094,3,2024-11-12,19,clear,27.3
2095,3,2024-11-13,12,clear,33.1
2096,3,2024-11-13,19,clear,36.4
2097,3,2024-11-14,12,clear,37.2
2098,3,2024-11-14,19,clear,27.0
2099,3,2024-11-15,12,clear,25.3
2100,3,2024-11-15,19,clear,30.3
2101,3,2024-11-16,12,clear,21.7
2102,3,2024-11-16,19,clear,22.0
2103,3,2024-11-17,12,clear,24.6
2104,3,2024-11-17,19,rain,30.4
2105,3,2024-11-18,12,clear,25.5
2106,3,2024-11-18,19,clear,37.6
2107,3,2024-11-19,12,clear,31.3
2108,3,2024-11-19,19,clear,28.7
2109,3,2024-11-20,12,clear,34.1
2110,3,2024-11-20,19,heatwave,30.9
2111,3,2024-11-21,12,heatwave,24.0
2112,3,2024-11-21,19,clear,26.0
2113,3,2024-11-22,12,clear,27.4
2114,3,2024-11-22,19,clear,27.0
2115,3,2024-11-23,12,clear,25.1
2116,3,2024-11-23,19,clear,29.5
2117,3,2024-11-24,12,clear,36.8
2118,3,2024-11-24,19,clear,25.7
2119,3,2024-11-25,12,clear,25.7
2120,3,2024-11-25,19,clear,33.3
2121,3,2024-11-26,12,clear,24.5
2122,3,2024-11-26,19,rain,30.7
2123,3,2024-11-27,12,heatwave,24.1
2124,3,2024-11-27,19,heatwave,25.0
2125,3,2024-11-28,12,clear,33.1
2126,3,2024-11-28,19,clear,28.9
2127,3,2024-11-29,12,clear,26.0
2128,3,2024-11-29,19,clear,24.7
2129,3,2024-11-30,12,clear,34.0
2130,3,2024-11-30,19,clear,26.6
2131,3,2024-12-01,12,rain,45.4
2132,3,2024-12-01,19,clear,22.1
2133,3,2024-12-02,12,clear,34.1
2134,3,2024-12-02,19,clear,31.7
2135,3,2024-12-03,12,heavy_rain,23.7
2136,3,2024-12-03,19,clear,37.7
2137,3,2024-12-04,12,clear,28.9
2138,3,2024-12-04,19,clear,34.9
2139,3,2024-12-05,12,clear,18.9
2140,3,2024-12-05,19,clear,32.6
2141,3,2024-12-06,12,clear,36.6
2142,3,2024-12-06,19,clear,31.6
2143,3,2024-12-07,12,clear,25.4
2144,3,2024-12-07,19,clear,24.9
2145,3,2024-12-08,12,heatwave,39.1
2146,3,2024-12-08,19,clear,31.8
2147,3,2024-12-09,12,clear,37.1
2148,3,2024-12-09,19,clear,31.5
2149,3,2024-12-10,12,clear,32.7
2150,3,2024-12-10,19,clear,27.6
2151,3,2024-12-11,12,clear,30.2
2152,3,2024-12-11,19,clear,24.3
2153,3,2024-12-12,12,clear,25.8
2154,3,2024-12-12,19,clear,41.7
2155,3,2024-12-13,12,clear,36.6
2156,3,2024-12-13,19,clear,30.7
2157,3,2024-12-14,12,clear,32.1
2158,3,2024-12-14,19,clear,28.2
2159,3,2024-12-15,12,rain,31.7
2160,3,2024-12-15,19,clear,26.9
2161,3,2024-12-16,12,clear,36.7
2162,3,2024-12-16,19,heatwave,29.5
2163,3,2024-12-17,12,heatwave,31.0
2164,3,2024-12-17,19,clear,30.8
2165,3,2024-12-18,12,clear,37.7
2166,3,2024-12-18,19,rain,31.0
2167,3,2024-12-19,12,clear,31.0
2168,3,2024-12-19,19,clear,28.2
2169,3,2024-12-20,12,clear,30.3
2170,3,2024-12-20,19,rain,36.4
2171,3,2024-12-21,12,clear,26.2
2172,3,2024-12-21,19,clear,33.7
2173,3,2024-12-22,12,clear,33.9
2174,3,2024-12-22,19,clear,31.4
2175,3,2024-12-23,12,clear,30.7
2176,3,2024-12-23,19,clear,33.0
2177,3,2024-12-24,12,clear,31.6
2178,3,2024-12-24,19,clear,29.3
2179,3,2024-12-25,12,clear,29.5
2180,3,2024-12-25,19,clear,32.0
2181,3,2024-12-26,12,heavy_rain,25.8
2182,3,2024-12-26,19,clear,27.5
2183,3,2024-12-27,12,clear,37.5
2184,3,2024-12-27,19,clear,39.1
2185,3,2024-12-28,12,clear,31.2
2186,3,2024-12-28,19,clear,29.2
2187,3,2024-12-29,12,clear,31.1
2188,3,2024-12-29,19,clear,34.8
2189,3,2024-12-30,12,rain,35.2
2190,3,2024-12-30,19,clear,31.4
2191,4,2024-01-01,12,clear,32.8
2192,4,2024-01-01,19,clear,38.7
2193,4,2024-01-02,12,clear,35.5
2194,4,2024-01-02,19,clear,29.6
2195,4,2024-01-03,12,clear,15.8
2196,4,2024-01-03,19,clear,27.3
2197,4,2024-01-04,12,clear,21.9
2198,4,2024-01-04,19,clear,29.1
2199,4,2024-01-05,12,rain,29.4
2200,4,2024-01-05,19,clear,36.4
2201,4,2024-01-06,12,clear,26.6
2202,4,2024-01-06,19,clear,31.5
2203,4,2024-01-07,12,rain,32.4
2204,4,2024-01-07,19,clear,26.5
2205,4,2024-01-08,12,clear,23.1
2206,4,2024-01-08,19,clear,30.7
2207,4,2024-01-09,12,clear,25.9
2208,4,2024-01-09,19,clear,34.5
2209,4,2024-01-10,12,clear,29.3
2210,4,2024-01-10,19,heatwave,34.0
2211,4,2024-01-11,12,rain,26.7
2212,4,2024-01-11,19,clear,25.6
2213,4,2024-01-12,12,clear,25.6
2214,4,2024-01-12,19,clear,33.9
2215,4,2024-01-13,12,clear,22.9
2216,4,2024-01-13,19,heatwave,27.4
2217,4,2024-01-14,12,clear,29.2
2218,4,2024-01-14,19,clear,27.7
2219,4,2024-01-15,12,heatwave,38.4
2220,4,2024-01-15,19,clear,33.2
2221,4,2024-01-16,12,heavy_rain,24.4
2222,4,2024-01-16,19,clear,28.1
2223,4,2024-01-17,12,heatwave,21.7
2224,4,2024-01-17,19,clear,33.1
2225,4,2024-01-18,12,clear,23.2
2226,4,2024-01-18,19,clear,26.9
2227,4,2024-01-19,12,clear,31.6
2228,4,2024-01-19,19,clear,22.1
2229,4,2024-01-20,12,clear,30.3
2230,4,2024-01-20,19,clear,29.2
2231,4,2024-01-21,12,clear,26.4
2232,4,2024-01-21,19,clear,27.8
2233,4,2024-01-22,12,clear,23.5
2234,4,2024-01-22,19,clear,33.5
2235,4,2024-01-23,12,clear,25.3
2236,4,2024-01-23,19,clear,41.0
2237,4,2024-01-24,12,clear,29.4
2238,4,2024-01-24,19,clear,39.5
2239,4,2024-01-25,12,clear,32.3
2240,4,2024-01-25,19,clear,33.7
2241,4,2024-01-26,12,clear,33.9
2242,4,2024-01-26,19,clear,35.0
2243,4,2024-01-27,12,clear,30.7
2244,4,2024-01-27,19,clear,30.4
2245,4,2024-01-28,12,rain,30.0
2246,4,2024-01-28,19,clear,31.7
2247,4,2024-01-29,12,clear,27.5
2248,4,2024-01-29,19,clear,37.2
2249,4,2024-01-30,12,clear,28.2
2250,4,2024-01-30,19,clear,34.8
2251,4,2024-01-31,12,clear,40.1
2252,4,2024-01-31,19,heatwave,34.7
2253,4,2024-02-01,12,clear,31.9
2254,4,2024-02-01,19,clear,32.3
2255,4,2024-02-02,12,clear,29.5
2256,4,2024-02-02,19,clear,27.4
2257,4,2024-02-03,12,heavy_rain,30.3
2258,4,2024-02-03,19,clear,24.6
2259,4,2024-02-04,12,heatwave,27.0
2260,4,2024-02-04,19,clear,34.6
2261,4,2024-02-05,12,clear,26.9
2262,4,2024-02-05,19,clear,21.4
2263,4,2024-02-06,12,clear,31.0
2264,4,2024-02-06,19,clear,28.4
2265,4,2024-02-07,12,clear,33.8
2266,4,2024-02-07,19,clear,30.7
2267,4,2024-02-08,12,clear,26.6
2268,4,2024-02-08,19,clear,27.7
2269,4,2024-02-09,12,clear,31.7
2270,4,2024-02-09,19,clear,26.2
2271,4,2024-02-10,12,clear,30.8
2272,4,2024-02-10,19,clear,30.9
2273,4,2024-02-11,12,clear,23.7
2274,4,2024-02-11,19,clear,31.2
2275,4,2024-02-12,12,clear,28.8
2276,4,2024-02-12,19,clear,31.1
2277,4,2024-02-13,12,clear,31.7
2278,4,2024-02-13,19,clear,39.2
2279,4,2024-02-14,12,clear,28.6
2280,4,2024-02-14,19,clear,35.7
2281,4,2024-02-15,12,clear,29.4
2282,4,2024-02-15,19,clear,30.0
2283,4,2024-02-16,12,clear,44.4
2284,4,2024-02-16,19,heatwave,32.1
2285,4,2024-02-17,12,clear,29.9
2286,4,2024-02-17,19,clear,35.7
2287,4,2024-02-18,12,rain,28.3
2288,4,2024-02-18,19,clear,22.2
2289,4,2024-02-19,12,heatwave,33.7
2290,4,2024-02-19,19,clear,34.0
2291,4,2024-02-20,12,clear,35.3
2292,4,2024-02-20,19,clear,19.8
2293,4,2024-02-21,12,clear,30.0
2294,4,2024-02-21,19,clear,33.5
2295,4,2024-02-22,12,heatwave,21.6
2296,4,2024-02-22,19,heatwave,30.8
2297,4,2024-02-23,12,clear,30.7
2298,4,2024-02-23,19,clear,37.0
2299,4,2024-02-24,12,clear,28.0
2300,4,2024-02-24,19,clear,27.2
2301,4,2024-02-25,12,clear,28.8
2302,4,2024-02-25,19,clear,38.2
2303,4,2024-02-26,12,clear,25.7
2304,4,2024-02-26,19,clear,29.5
2305,4,2024-02-27,12,clear,21.7
2306,4,2024-02-27,19,heatwave,27.7
2307,4,2024-02-28,12,clear,30.4
2308,4,2024-02-28,19,clear,26.1
2309,4,2024-02-29,12,clear,31.4
2310,4,2024-02-29,19,clear,33.7
2311,4,2024-03-01,12,clear,24.0
2312,4,2024-03-01,19,clear,25.5
2313,4,2024-03-02,12,clear,36.0
2314,4,2024-03-02,19,clear,37.5
2315,4,2024-03-03,12,heatwave,30.1
2316,4,2024-03-03,19,clear,35.9
2317,4,2024-03-04,12,clear,16.3
2318,4,2024-03-04,19,clear,28.9
2319,4,2024-03-05,12,clear,36.1
2320,4,2024-03-05,19,clear,29.1
2321,4,2024-03-06,12,clear,26.8
2322,4,2024-03-06,19,clear,24.5
2323,4,2024-03-07,12,heatwave,31.4
2324,4,2024-03-07,19,clear,33.5
2325,4,2024-03-08,12,clear,38.0
2326,4,2024-03-08,19,clear,31.5
2327,4,2024-03-09,12,clear,27.1
2328,4,2024-03-09,19,clear,28.8
2329,4,2024-03-10,12,clear,28.7
2330,4,2024-03-10,19,clear,28.8
2331,4,2024-03-11,12,clear,31.2
2332,4,2024-03-11,19,clear,30.4
2333,4,2024-03-12,12,clear,31.5
2334,4,2024-03-12,19,clear,30.8
2335,4,2024-03-13,12,clear,18.9
2336,4,2024-03-13,19,clear,31.6
2337,4,2024-03-14,12,clear,30.7
2338,4,2024-03-14,19,clear,25.9
2339,4,2024-03-15,12,clear,27.5
2340,4,2024-03-15,19,clear,29.5
2341,4,2024-03-16,12,clear,27.0
2342,4,2024-03-16,19,clear,32.4
2343,4,2024-03-17,12,clear,31.2
2344,4,2024-03-17,19,clear,16.3
2345,4,2024-03-18,12,clear,30.6
2346,4,2024-03-18,19,clear,33.6
2347,4,2024-03-19,12,clear,23.6
2348,4,2024-03-19,19,clear,26.0
2349,4,2024-03-20,12,clear,24.2
2350,4,2024-03-20,19,clear,34.8
2351,4,2024-03-21,12,clear,29.3
2352,4,2024-03-21,19,clear,32.0
2353,4,2024-03-22,12,clear,28.1
2354,4,2024-03-22,19,clear,33.4
2355,4,2024-03-23,12,clear,22.9
2356,4,2024-03-23,19,clear,24.3
2357,4,2024-03-24,12,clear,32.5
2358,4,2024-03-24,19,clear,29.6
2359,4,2024-03-25,12,clear,19.7
2360,4,2024-03-25,19,heatwave,26.5
2361,4,2024-03-26,12,clear,31.2
2362,4,2024-03-26,19,clear,40.1
2363,4,2024-03-27,12,clear,29.2
2364,4,2024-03-27,19,rain,36.4
2365,4,2024-03-28,12,clear,37.4
2366,4,2024-03-28,19,rain,22.0
2367,4,2024-03-29,12,clear,31.0
2368,4,2024-03-29,19,clear,24.8
2369,4,2024-03-30,12,clear,35.5
2370,4,2024-03-30,19,heavy_rain,25.6
2371,4,2024-03-31,12,clear,36.4
2372,4,2024-03-31,19,clear,26.3
2373,4,2024-04-01,12,clear,21.6
2374,4,2024-04-01,19,rain,27.4
2375,4,2024-04-02,12,clear,33.6
2376,4,2024-04-02,19,rain,33.8
2377,4,2024-04-03,12,rain,26.1
2378,4,2024-04-03,19,clear,30.3
2379,4,2024-04-04,12,clear,30.9
2380,4,2024-04-04,19,clear,32.5
2381,4,2024-04-05,12,clear,39.9
2382,4,2024-04-05,19,clear,20.7
2383,4,2024-04-06,12,clear,31.2
2384,4,2024-04-06,19,rain,31.8
2385,4,2024-04-07,12,clear,33.8
2386,4,2024-04-07,19,clear,28.5
2387,4,2024-04-08,12,clear,21.8
2388,4,2024-04-08,19,clear,25.0
2389,4,2024-04-09,12,clear,22.2
2390,4,2024-04-09,19,clear,35.2
2391,4,2024-04-10,12,clear,31.9
2392,4,2024-04-10,19,clear,39.6
2393,4,2024-04-11,12,clear,32.1
2394,4,2024-04-11,19,clear,36.5
2395,4,2024-04-12,12,clear,45.7
2396,4,2024-04-12,19,clear,26.0
2397,4,2024-04-13,12,clear,28.6
2398,4,2024-04-13,19,clear,28.3
2399,4,2024-04-14,12,clear,21.4
2400,4,2024-04-14,19,rain,30.0
2401,4,2024-04-15,12,clear,28.9
2402,4,2024-04-15,19,clear,40.7
2403,4,2024-04-16,12,clear,28.5
2404,4,2024-04-16,19,clear,26.3
2405,4,2024-04-17,12,clear,21.6
2406,4,2024-04-17,19,clear,28.3
2407,4,2024-04-18,12,rain,25.7
2408,4,2024-04-18,19,clear,27.7
2409,4,2024-04-19,12,rain,30.6
2410,4,2024-04-19,19,clear,25.8
2411,4,2024-04-20,12,heatwave,30.2
2412,4,2024-04-20,19,clear,34.5
2413,4,2024-04-21,12,clear,28.5
2414,4,2024-04-21,19,clear,27.7
2415,4,2024-04-22,12,clear,27.3
2416,4,2024-04-22,19,clear,31.7
2417,4,2024-04-23,12,clear,29.5
2418,4,2024-04-23,19,clear,23.5
2419,4,2024-04-24,12,clear,34.7
2420,4,2024-04-24,19,clear,28.1
2421,4,2024-04-25,12,clear,32.7
2422,4,2024-04-25,19,clear,33.8
2423,4,2024-04-26,12,clear,35.7
2424,4,2024-04-26,19,clear,30.1
2425,4,2024-04-27,12,clear,20.1
2426,4,2024-04-27,19,clear,36.8
2427,4,2024-04-28,12,clear,31.0
2428,4,2024-04-28,19,clear,29.6
2429,4,2024-04-29,12,clear,35.6
2430,4,2024-04-29,19,clear,22.6
2431,4,2024-04-30,12,clear,34.6
2432,4,2024-04-30,19,rain,40.9
2433,4,2024-05-01,12,clear,27.4
2434,4,2024-05-01,19,rain,37.5
2435,4,2024-05-02,12,clear,25.4
2436,4,2024-05-02,19,clear,28.2
2437,4,2024-05-03,12,clear,25.2
2438,4,2024-05-03,19,clear,34.6
2439,4,2024-05-04,12,clear,30.1
2440,4,2024-05-04,19,clear,26.6
2441,4,2024-05-05,12,clear,20.2
2442,4,2024-05-05,19,clear,33.8
2443,4,2024-05-06,12,clear,32.3
2444,4,2024-05-06,19,rain,31.5
2445,4,2024-05-07,12,clear,24.5
2446,4,2024-05-07,19,clear,32.5
2447,4,2024-05-08,12,clear,35.9
2448,4,2024-05-08,19,clear,29.3
2449,4,2024-05-09,12,clear,28.6
2450,4,2024-05-09,19,clear,25.2
2451,4,2024-05-10,12,clear,31.4
2452,4,2024-05-10,19,clear,37.0
2453,4,2024-05-11,12,clear,30.0
2454,4,2024-05-11,19,rain,29.1
2455,4,2024-05-12,12,clear,24.4
2456,4,2024-05-12,19,clear,23.8
2457,4,2024-05-13,12,clear,33.3
2458,4,2024-05-13,19,clear,32.7
2459,4,2024-05-14,12,clear,32.2
2460,4,2024-05-14,19,rain,36.8
2461,4,2024-05-15,12,clear,24.5
2462,4,2024-05-15,19,clear,33.2
2463,4,2024-05-16,12,clear,39.8
2464,4,2024-05-16,19,heatwave,24.0
2465,4,2024-05-17,12,clear,18.8
2466,4,2024-05-17,19,clear,25.4
2467,4,2024-05-18,12,clear,23.9
2468,4,2024-05-18,19,clear,21.3
2469,4,2024-05-19,12,clear,32.2
2470,4,2024-05-19,19,clear,33.8
2471,4,2024-05-20,12,clear,28.9
2472,4,2024-05-20,19,heatwave,28.8
2473,4,2024-05-21,12,clear,31.2
2474,4,2024-05-21,19,clear,33.1
2475,4,2024-05-22,12,clear,34.8
2476,4,2024-05-22,19,clear,22.8
2477,4,2024-05-23,12,heavy_rain,26.9
2478,4,2024-05-23,19,rain,30.9
2479,4,2024-05-24,12,clear,30.5
2480,4,2024-05-24,19,clear,35.3
2481,4,2024-05-25,12,clear,25.4
2482,4,2024-05-25,19,clear,34.9
2483,4,2024-05-26,12,clear,29.6
2484,4,2024-05-26,19,clear,34.3
2485,4,2024-05-27,12,clear,25.8
2486,4,2024-05-27,19,clear,25.3
2487,4,2024-05-28,12,rain,31.8
2488,4,2024-05-28,19,heavy_rain,25.1
2489,4,2024-05-29,12,clear,24.6
2490,4,2024-05-29,19,clear,32.4
2491,4,2024-05-30,12,clear,17.1
2492,4,2024-05-30,19,heavy_rain,30.1
2493,4,2024-05-31,12,clear,34.9
2494,4,2024-05-31,19,clear,27.5
2495,4,2024-06-01,12,rain,25.7
2496,4,2024-06-01,19,clear,24.0
2497,4,2024-06-02,12,clear,26.8
2498,4,2024-06-02,19,clear,27.2
2499,4,2024-06-03,12,rain,27.4
2500,4,2024-06-03,19,heavy_rain,25.0
2501,4,2024-06-04,12,rain,31.5
2502,4,2024-06-04,19,clear,30.1
2503,4,2024-06-05,12,clear,32.5
2504,4,2024-06-05,19,clear,34.9
2505,4,2024-06-06,12,clear,28.8
2506,4,2024-06-06,19,rain,25.2
2507,4,2024-06-07,12,clear,10.9
2508,4,2024-06-07,19,clear,35.3
2509,4,2024-06-08,12,clear,25.5
2510,4,2024-06-08,19,heavy_rain,21.8
2511,4,2024-06-09,12,clear,28.6
2512,4,2024-06-09,19,clear,33.2
2513,4,2024-06-10,12,clear,30.4
2514,4,2024-06-10,19,clear,35.4
2515,4,2024-06-11,12,clear,29.3
2516,4,2024-06-11,19,clear,28.2
2517,4,2024-06-12,12,clear,26.7
2518,4,2024-06-12,19,heavy_rain,25.4
2519,4,2024-06-13,12,heavy_rain,27.3
2520,4,2024-06-13,19,clear,32.0
2521,4,2024-06-14,12,clear,29.6
2522,4,2024-06-14,19,heavy_rain,34.1
2523,4,2024-06-15,12,clear,40.3
2524,4,2024-06-15,19,clear,32.6
2525,4,2024-06-16,12,clear,30.3
2526,4,2024-06-16,19,rain,32.8
2527,4,2024-06-17,12,clear,28.9
2528,4,2024-06-17,19,clear,34.2
2529,4,2024-06-18,12,rain,31.3
2530,4,2024-06-18,19,clear,30.4
2531,4,2024-06-19,12,clear,29.7
2532,4,2024-06-19,19,clear,27.1
2533,4,2024-06-20,12,rain,34.3
2534,4,2024-06-20,19,clear,29.3
2535,4,2024-06-21,12,clear,26.2
2536,4,2024-06-21,19,clear,31.1
2537,4,2024-06-22,12,clear,26.7
2538,4,2024-06-22,19,rain,20.4
2539,4,2024-06-23,12,rain,30.8
2540,4,2024-06-23,19,rain,31.4
2541,4,2024-06-24,12,rain,28.0
2542,4,2024-06-24,19,clear,31.4
2543,4,2024-06-25,12,clear,34.3
2544,4,2024-06-25,19,heavy_rain,26.7
2545,4,2024-06-26,12,heatwave,35.2
2546,4,2024-06-26,19,clear,30.3
2547,4,2024-06-27,12,clear,22.3
2548,4,2024-06-27,19,clear,33.3
2549,4,2024-06-28,12,clear,37.0
2550,4,2024-06-28,19,clear,27.1
2551,4,2024-06-29,12,clear,37.3
2552,4,2024-06-29,19,rain,25.8
2553,4,2024-06-30,12,clear,44.8
2554,4,2024-06-30,19,rain,31.1
2555,4,2024-07-01,12,clear,26.3
2556,4,2024-07-01,19,rain,25.1
2557,4,2024-07-02,12,heavy_rain,26.4
2558,4,2024-07-02,19,rain,35.5
2559,4,2024-07-03,12,rain,35.8
2560,4,2024-07-03,19,heavy_rain,25.5
2561,4,2024-07-04,12,rain,32.5
2562,4,2024-07-04,19,clear,26.5
2563,4,2024-07-05,12,clear,24.8
2564,4,2024-07-05,19,rain,26.7
2565,4,2024-07-06,12,clear,26.5
2566,4,2024-07-06,19,clear,25.7
2567,4,2024-07-07,12,heatwave,34.8
2568,4,2024-07-07,19,clear,26.9
2569,4,2024-07-08,12,clear,35.1
2570,4,2024-07-08,19,clear,32.2
2571,4,2024-07-09,12,heatwave,21.5
2572,4,2024-07-09,19,clear,22.3
2573,4,2024-07-10,12,clear,33.1
2574,4,2024-07-10,19,clear,20.2
2575,4,2024-07-11,12,rain,31.2
2576,4,2024-07-11,19,clear,21.4
2577,4,2024-07-12,12,rain,28.5
2578,4,2024-07-12,19,clear,27.4
2579,4,2024-07-13,12,rain,25.9
2580,4,2024-07-13,19,heavy_rain,29.6
2581,4,2024-07-14,12,clear,26.6
2582,4,2024-07-14,19,clear,31.5
2583,4,2024-07-15,12,heavy_rain,40.3
2584,4,2024-07-15,19,rain,26.6
2585,4,2024-07-16,12,clear,34.6
2586,4,2024-07-16,19,heatwave,36.0
2587,4,2024-07-17,12,clear,31.2
2588,4,2024-07-17,19,rain,27.6
2589,4,2024-07-18,12,rain,25.2
2590,4,2024-07-18,19,rain,27.9
2591,4,2024-07-19,12,clear,25.0
2592,4,2024-07-19,19,clear,22.8
2593,4,2024-07-20,12,clear,27.1
2594,4,2024-07-20,19,heatwave,19.3
2595,4,2024-07-21,12,heatwave,28.4
2596,4,2024-07-21,19,rain,33.7
2597,4,2024-07-22,12,rain,29.5
2598,4,2024-07-22,19,heavy_rain,26.3
2599,4,2024-07-23,12,heavy_rain,27.6
2600,4,2024-07-23,19,heavy_rain,35.9
2601,4,2024-07-24,12,clear,25.6
2602,4,2024-07-24,19,rain,29.9
2603,4,2024-07-25,12,heavy_rain,26.2
2604,4,2024-07-25,19,heavy_rain,31.0
2605,4,2024-07-26,12,rain,32.7
2606,4,2024-07-26,19,heavy_rain,30.1
2607,4,2024-07-27,12,clear,34.4
2608,4,2024-07-27,19,clear,34.9
2609,4,2024-07-28,12,clear,32.1
2610,4,2024-07-28,19,clear,30.2
2611,4,2024-07-29,12,clear,33.1
2612,4,2024-07-29,19,clear,28.2
2613,4,2024-07-30,12,clear,37.4
2614,4,2024-07-30,19,clear,25.9
2615,4,2024-07-31,12,clear,34.0
2616,4,2024-07-31,19,clear,29.8
2617,4,2024-08-01,12,rain,33.2
2618,4,2024-08-01,19,heavy_rain,29.9
2619,4,2024-08-02,12,clear,26.8
2620,4,2024-08-02,19,clear,27.8
2621,4,2024-08-03,12,rain,28.9
2622,4,2024-08-03,19,rain,25.8
2623,4,2024-08-04,12,clear,38.6
2624,4,2024-08-04,19,heavy_rain,23.4
2625,4,2024-08-05,12,clear,27.7
2626,4,2024-08-05,19,clear,32.2
2627,4,2024-08-06,12,heatwave,36.8
2628,4,2024-08-06,19,clear,26.2
2629,4,2024-08-07,12,heavy_rain,22.4
2630,4,2024-08-07,19,clear,31.8
2631,4,2024-08-08,12,clear,29.6
2632,4,2024-08-08,19,clear,20.2
2633,4,2024-08-09,12,rain,28.9
2634,4,2024-08-09,19,clear,30.3
2635,4,2024-08-10,12,clear,22.9
2636,4,2024-08-10,19,rain,22.1
2637,4,2024-08-11,12,clear,26.8
2638,4,2024-08-11,19,rain,37.4
2639,4,2024-08-12,12,heatwave,25.4
2640,4,2024-08-12,19,clear,30.7
2641,4,2024-08-13,12,clear,29.8
2642,4,2024-08-13,19,clear,30.9
2643,4,2024-08-14,12,clear,32.6
2644,4,2024-08-14,19,clear,24.5
2645,4,2024-08-15,12,clear,29.4
2646,4,2024-08-15,19,clear,30.9
2647,4,2024-08-16,12,heavy_rain,37.4
2648,4,2024-08-16,19,clear,38.4
2649,4,2024-08-17,12,rain,39.2
2650,4,2024-08-17,19,clear,27.9
2651,4,2024-08-18,12,clear,33.5
2652,4,2024-08-18,19,clear,38.9
2653,4,2024-08-19,12,clear,23.8
2654,4,2024-08-19,19,rain,23.1
2655,4,2024-08-20,12,clear,32.9
2656,4,2024-08-20,19,clear,34.7
2657,4,2024-08-21,12,clear,35.8
2658,4,2024-08-21,19,clear,33.9
2659,4,2024-08-22,12,clear,38.0
2660,4,2024-08-22,19,clear,32.2
2661,4,2024-08-23,12,rain,23.0
2662,4,2024-08-23,19,clear,22.5
2663,4,2024-08-24,12,clear,31.8
2664,4,2024-08-24,19,clear,28.6
2665,4,2024-08-25,12,clear,29.8
2666,4,2024-08-25,19,clear,31.7
2667,4,2024-08-26,12,heatwave,30.4
2668,4,2024-08-26,19,heavy_rain,22.7
2669,4,2024-08-27,12,rain,36.8
2670,4,2024-08-27,19,clear,32.9
2671,4,2024-08-28,12,clear,27.0
2672,4,2024-08-28,19,clear,35.9
2673,4,2024-08-29,12,rain,28.6
2674,4,2024-08-29,19,clear,36.1
2675,4,2024-08-30,12,rain,24.6
2676,4,2024-08-30,19,clear,29.1
2677,4,2024-08-31,12,clear,39.7
2678,4,2024-08-31,19,heatwave,33.3
2679,4,2024-09-01,12,clear,23.8
2680,4,2024-09-01,19,rain,39.5
2681,4,2024-09-02,12,rain,35.2
2682,4,2024-09-02,19,rain,34.8
2683,4,2024-09-03,12,clear,33.7
2684,4,2024-09-03,19,clear,12.6
2685,4,2024-09-04,12,clear,32.8
2686,4,2024-09-04,19,rain,27.0
2687,4,2024-09-05,12,clear,26.8
2688,4,2024-09-05,19,heavy_rain,24.3
2689,4,2024-09-06,12,heatwave,21.2
2690,4,2024-09-06,19,rain,28.4
2691,4,2024-09-07,12,rain,28.8
2692,4,2024-09-07,19,heavy_rain,34.6
2693,4,2024-09-08,12,clear,27.5
2694,4,2024-09-08,19,clear,31.1
2695,4,2024-09-09,12,rain,31.6
2696,4,2024-09-09,19,clear,34.8
2697,4,2024-09-10,12,clear,34.6
2698,4,2024-09-10,19,clear,29.7
2699,4,2024-09-11,12,rain,35.9
2700,4,2024-09-11,19,clear,30.0
2701,4,2024-09-12,12,clear,30.3
2702,4,2024-09-12,19,clear,26.5
2703,4,2024-09-13,12,clear,22.6
2704,4,2024-09-13,19,rain,36.8
2705,4,2024-09-14,12,clear,29.7
2706,4,2024-09-14,19,clear,32.5
2707,4,2024-09-15,12,clear,30.7
2708,4,2024-09-15,19,heavy_rain,27.4
2709,4,2024-09-16,12,rain,39.1
2710,4,2024-09-16,19,rain,26.2
2711,4,2024-09-17,12,heavy_rain,24.3
2712,4,2024-09-17,19,clear,33.1
2713,4,2024-09-18,12,clear,25.8
2714,4,2024-09-18,19,rain,34.5
2715,4,2024-09-19,12,heatwave,28.3
2716,4,2024-09-19,19,clear,29.6
2717,4,2024-09-20,12,heavy_rain,27.0
2718,4,2024-09-20,19,clear,27.1
2719,4,2024-09-21,12,heavy_rain,28.9
2720,4,2024-09-21,19,rain,41.3
2721,4,2024-09-22,12,clear,28.7
2722,4,2024-09-22,19,clear,27.8
2723,4,2024-09-23,12,clear,34.2
2724,4,2024-09-23,19,clear,29.4
2725,4,2024-09-24,12,clear,26.2
2726,4,2024-09-24,19,clear,32.0
2727,4,2024-09-25,12,clear,32.7
2728,4,2024-09-25,19,clear,29.4
2729,4,2024-09-26,12,clear,29.3
2730,4,2024-09-26,19,clear,29.0
2731,4,2024-09-27,12,rain,28.3
2732,4,2024-09-27,19,clear,28.1
2733,4,2024-09-28,12,rain,33.3
2734,4,2024-09-28,19,clear,26.2
2735,4,2024-09-29,12,clear,27.9
2736,4,2024-09-29,19,clear,26.7
2737,4,2024-09-30,12,clear,29.8
2738,4,2024-09-30,19,clear,32.3
2739,4,2024-10-01,12,clear,30.7
2740,4,2024-10-01,19,clear,32.2
2741,4,2024-10-02,12,clear,27.7
2742,4,2024-10-02,19,clear,26.4
2743,4,2024-10-03,12,clear,36.1
2744,4,2024-10-03,19,clear,30.0
2745,4,2024-10-04,12,clear,32.7
2746,4,2024-10-04,19,heatwave,21.7
2747,4,2024-10-05,12,clear,26.5
2748,4,2024-10-05,19,heatwave,29.0
2749,4,2024-10-06,12,clear,25.6
2750,4,2024-10-06,19,heatwave,35.5
2751,4,2024-10-07,12,clear,29.9
2752,4,2024-10-07,19,clear,29.0
2753,4,2024-10-08,12,clear,31.6
2754,4,2024-10-08,19,clear,26.2
2755,4,2024-10-09,12,clear,37.4
2756,4,2024-10-09,19,clear,22.9
2757,4,2024-10-10,12,clear,30.2
2758,4,2024-10-10,19,heavy_rain,32.8
2759,4,2024-10-11,12,clear,35.4
2760,4,2024-10-11,19,heatwave,31.8
2761,4,2024-10-12,12,heavy_rain,26.8
2762,4,2024-10-12,19,heatwave,34.6
2763,4,2024-10-13,12,clear,25.9
2764,4,2024-10-13,19,clear,32.3
2765,4,2024-10-14,12,clear,28.8
2766,4,2024-10-14,19,clear,34.3
2767,4,2024-10-15,12,heatwave,23.9
2768,4,2024-10-15,19,clear,41.1
2769,4,2024-10-16,12,heatwave,25.3
2770,4,2024-10-16,19,clear,32.9
2771,4,2024-10-17,12,clear,35.4
2772,4,2024-10-17,19,clear,26.9
2773,4,2024-10-18,12,clear,26.3
2774,4,2024-10-18,19,clear,32.2
2775,4,2024-10-19,12,clear,29.2
2776,4,2024-10-19,19,clear,28.1
2777,4,2024-10-20,12,clear,28.6
2778,4,2024-10-20,19,clear,36.4
2779,4,2024-10-21,12,clear,27.2
2780,4,2024-10-21,19,clear,30.7
2781,4,2024-10-22,12,clear,26.2
2782,4,2024-10-22,19,clear,27.8
2783,4,2024-10-23,12,clear,26.2
2784,4,2024-10-23,19,clear,34.0
2785,4,2024-10-24,12,clear,33.7
2786,4,2024-10-24,19,clear,25.8
2787,4,2024-10-25,12,clear,33.0
2788,4,2024-10-25,19,clear,32.3
2789,4,2024-10-26,12,clear,26.7
2790,4,2024-10-26,19,clear,25.8
2791,4,2024-10-27,12,clear,24.5
2792,4,2024-10-27,19,clear,32.0
2793,4,2024-10-28,12,clear,30.8
2794,4,2024-10-28,19,clear,27.2
2795,4,2024-10-29,12,clear,25.8
2796,4,2024-10-29,19,clear,26.3
2797,4,2024-10-30,12,heatwave,26.0
2798,4,2024-10-30,19,clear,31.0
2799,4,2024-10-31,12,clear,42.7
2800,4,2024-10-31,19,clear,40.0
2801,4,2024-11-01,12,clear,29.6
2802,4,2024-11-01,19,clear,43.0
2803,4,2024-11-02,12,clear,32.7
2804,4,2024-11-02,19,clear,23.7
2805,4,2024-11-03,12,clear,26.1
2806,4,2024-11-03,19,clear,28.2
2807,4,2024-11-04,12,clear,19.9
2808,4,2024-11-04,19,clear,31.1
2809,4,2024-11-05,12,clear,35.3
2810,4,2024-11-05,19,clear,28.8
2811,4,2024-11-06,12,clear,21.5
2812,4,2024-11-06,19,clear,28.8
2813,4,2024-11-07,12,clear,35.1
2814,4,2024-11-07,19,rain,25.1
2815,4,2024-11-08,12,clear,28.8
2816,4,2024-11-08,19,clear,25.9
2817,4,2024-11-09,12,clear,21.0
2818,4,2024-11-09,19,clear,28.0
2819,4,2024-11-10,12,clear,24.1
2820,4,2024-11-10,19,clear,34.6
2821,4,2024-11-11,12,heatwave,29.0
2822,4,2024-11-11,19,clear,34.6
2823,4,2024-11-12,12,clear,24.2
2824,4,2024-11-12,19,clear,29.4
2825,4,2024-11-13,12,heatwave,26.1
2826,4,2024-11-13,19,clear,37.1
2827,4,2024-11-14,12,clear,33.8
2828,4,2024-11-14,19,clear,21.3
2829,4,2024-11-15,12,clear,23.7
2830,4,2024-11-15,19,clear,27.9
2831,4,2024-11-16,12,rain,31.4
2832,4,2024-11-16,19,clear,24.0
2833,4,2024-11-17,12,clear,26.6
2834,4,2024-11-17,19,clear,25.5
2835,4,2024-11-18,12,clear,40.4
2836,4,2024-11-18,19,clear,30.4
2837,4,2024-11-19,12,clear,25.6
2838,4,2024-11-19,19,rain,20.8
2839,4,2024-11-20,12,clear,20.8
2840,4,2024-11-20,19,clear,21.0
2841,4,2024-11-21,12,clear,34.9
2842,4,2024-11-21,19,clear,32.1
2843,4,2024-11-22,12,clear,27.6
2844,4,2024-11-22,19,clear,23.3
2845,4,2024-11-23,12,clear,24.0
2846,4,2024-11-23,19,clear,35.4
2847,4,2024-11-24,12,clear,26.8
2848,4,2024-11-24,19,clear,36.6
2849,4,2024-11-25,12,clear,29.6
2850,4,2024-11-25,19,clear,28.5
2851,4,2024-11-26,12,clear,25.8
2852,4,2024-11-26,19,clear,31.1
2853,4,2024-11-27,12,clear,27.8
2854,4,2024-11-27,19,clear,31.8
2855,4,2024-11-28,12,clear,29.9
2856,4,2024-11-28,19,heatwave,25.6
2857,4,2024-11-29,12,clear,22.6
2858,4,2024-11-29,19,heatwave,39.1
2859,4,2024-11-30,12,clear,32.5
2860,4,2024-11-30,19,heatwave,25.3
2861,4,2024-12-01,12,clear,27.8
2862,4,2024-12-01,19,clear,37.1
2863,4,2024-12-02,12,clear,33.9
2864,4,2024-12-02,19,clear,29.4
2865,4,2024-12-03,12,clear,23.7
2866,4,2024-12-03,19,clear,27.2
2867,4,2024-12-04,12,heavy_rain,25.7
2868,4,2024-12-04,19,rain,38.5
2869,4,2024-12-05,12,clear,26.6
2870,4,2024-12-05,19,clear,28.4
2871,4,2024-12-06,12,clear,36.3
2872,4,2024-12-06,19,clear,27.6
2873,4,2024-12-07,12,clear,32.4
2874,4,2024-12-07,19,clear,25.7
2875,4,2024-12-08,12,clear,33.7
2876,4,2024-12-08,19,clear,26.7
2877,4,2024-12-09,12,clear,25.8
2878,4,2024-12-09,19,clear,26.5
2879,4,2024-12-10,12,clear,22.1
2880,4,2024-12-10,19,clear,25.4
2881,4,2024-12-11,12,clear,27.7
2882,4,2024-12-11,19,clear,27.9
2883,4,2024-12-12,12,clear,38.1
2884,4,2024-12-12,19,clear,32.4
2885,4,2024-12-13,12,clear,36.3
2886,4,2024-12-13,19,clear,38.0
2887,4,2024-12-14,12,clear,33.2
2888,4,2024-12-14,19,clear,18.7
2889,4,2024-12-15,12,clear,32.1
2890,4,2024-12-15,19,clear,28.8
2891,4,2024-12-16,12,clear,29.6
2892,4,2024-12-16,19,clear,34.2
2893,4,2024-12-17,12,clear,35.4
2894,4,2024-12-17,19,clear,33.1
2895,4,2024-12-18,12,clear,26.1
2896,4,2024-12-18,19,clear,25.2
2897,4,2024-12-19,12,clear,34.3
2898,4,2024-12-19,19,clear,27.7
2899,4,2024-12-20,12,clear,34.8
2900,4,2024-12-20,19,clear,23.9
2901,4,2024-12-21,12,clear,25.4
2902,4,2024-12-21,19,heatwave,22.8
2903,4,2024-12-22,12,clear,36.4
2904,4,2024-12-22,19,rain,22.8
2905,4,2024-12-23,12,clear,39.0
2906,4,2024-12-23,19,clear,32.9
2907,4,2024-12-24,12,clear,34.3
2908,4,2024-12-24,19,clear,39.6
2909,4,2024-12-25,12,clear,33.8
2910,4,2024-12-25,19,clear,32.6
2911,4,2024-12-26,12,clear,33.4
2912,4,2024-12-26,19,clear,22.7
2913,4,2024-12-27,12,clear,26.8
2914,4,2024-12-27,19,clear,34.0
2915,4,2024-12-28,12,clear,29.8
2916,4,2024-12-28,19,heatwave,25.8
2917,4,2024-12-29,12,clear,31.7
2918,4,2024-12-29,19,clear,25.0
2919,4,2024-12-30,12,clear,33.8
2920,4,2024-12-30,19,heatwave,37.1
2921,5,2024-01-01,12,clear,33.4
2922,5,2024-01-01,19,heatwave,27.8
2923,5,2024-01-02,12,heavy_rain,37.3
2924,5,2024-01-02,19,clear,32.2
2925,5,2024-01-03,12,heatwave,32.6
2926,5,2024-01-03,19,clear,24.2
2927,5,2024-01-04,12,clear,42.7
2928,5,2024-01-04,19,heatwave,25.0
2929,5,2024-01-05,12,clear,19.8
2930,5,2024-01-05,19,heatwave,33.6
2931,5,2024-01-06,12,clear,28.0
2932,5,2024-01-06,19,heatwave,34.2
2933,5,2024-01-07,12,clear,35.4
2934,5,2024-01-07,19,clear,33.1
2935,5,2024-01-08,12,clear,23.4
2936,5,2024-01-08,19,clear,34.5
2937,5,2024-01-09,12,clear,29.8
2938,5,2024-01-09,19,clear,25.7
2939,5,2024-01-10,12,clear,32.3
2940,5,2024-01-10,19,clear,32.1
2941,5,2024-01-11,12,clear,28.7
2942,5,2024-01-11,19,clear,35.5
2943,5,2024-01-12,12,clear,39.8
2944,5,2024-01-12,19,heatwave,33.0
2945,5,2024-01-13,12,clear,28.6
2946,5,2024-01-13,19,clear,29.1
2947,5,2024-01-14,12,clear,27.9
2948,5,2024-01-14,19,rain,31.8
2949,5,2024-01-15,12,clear,30.1
2950,5,2024-01-15,19,clear,26.7
2951,5,2024-01-16,12,clear,22.5
2952,5,2024-01-16,19,clear,22.3
2953,5,2024-01-17,12,clear,36.5
2954,5,2024-01-17,19,clear,25.2
2955,5,2024-01-18,12,heatwave,24.8
2956,5,2024-01-18,19,clear,28.5
2957,5,2024-01-19,12,heatwave,31.0
2958,5,2024-01-19,19,clear,29.6
2959,5,2024-01-20,12,clear,36.8
2960,5,2024-01-20,19,clear,22.1
2961,5,2024-01-21,12,clear,31.2
2962,5,2024-01-21,19,clear,21.8
2963,5,2024-01-22,12,clear,25.2
2964,5,2024-01-22,19,heatwave,27.4
2965,5,2024-01-23,12,clear,28.4
2966,5,2024-01-23,19,clear,29.0
2967,5,2024-01-24,12,heavy_rain,35.0
2968,5,2024-01-24,19,clear,29.1
2969,5,2024-01-25,12,clear,31.5
2970,5,2024-01-25,19,clear,29.6
2971,5,2024-01-26,12,clear,26.8
2972,5,2024-01-26,19,clear,32.6
2973,5,2024-01-27,12,clear,32.8
2974,5,2024-01-27,19,clear,28.8
2975,5,2024-01-28,12,heatwave,29.7
2976,5,2024-01-28,19,clear,25.0
2977,5,2024-01-29,12,clear,28.6
2978,5,2024-01-29,19,clear,25.8
2979,5,2024-01-30,12,clear,27.1
2980,5,2024-01-30,19,clear,16.3
2981,5,2024-01-31,12,clear,37.0
2982,5,2024-01-31,19,clear,35.1
2983,5,2024-02-01,12,clear,29.3
2984,5,2024-02-01,19,heatwave,24.8
2985,5,2024-02-02,12,clear,29.3
2986,5,2024-02-02,19,clear,33.8
2987,5,2024-02-03,12,clear,27.7
2988,5,2024-02-03,19,clear,28.1
2989,5,2024-02-04,12,clear,30.9
2990,5,2024-02-04,19,clear,23.6
2991,5,2024-02-05,12,clear,30.7
2992,5,2024-02-05,19,clear,35.7
2993,5,2024-02-06,12,clear,27.5
2994,5,2024-02-06,19,clear,22.2
2995,5,2024-02-07,12,rain,31.2
2996,5,2024-02-07,19,clear,23.3
2997,5,2024-02-08,12,clear,35.0
2998,5,2024-02-08,19,clear,28.0
2999,5,2024-02-09,12,clear,32.4
3000,5,2024-02-09,19,clear,33.7
3001,5,2024-02-10,12,clear,31.2
3002,5,2024-02-10,19,clear,26.8
3003,5,2024-02-11,12,clear,24.7
3004,5,2024-02-11,19,clear,26.6
3005,5,2024-02-12,12,clear,29.1
3006,5,2024-02-12,19,clear,26.2
3007,5,2024-02-13,12,clear,30.7
3008,5,2024-02-13,19,clear,29.0
3009,5,2024-02-14,12,rain,19.2
3010,5,2024-02-14,19,clear,18.9
3011,5,2024-02-15,12,clear,27.0
3012,5,2024-02-15,19,clear,38.1
3013,5,2024-02-16,12,clear,34.2
3014,5,2024-02-16,19,clear,27.7
3015,5,2024-02-17,12,heatwave,36.6
3016,5,2024-02-17,19,clear,21.1
3017,5,2024-02-18,12,clear,27.2
3018,5,2024-02-18,19,clear,31.2
3019,5,2024-02-19,12,clear,31.0
3020,5,2024-02-19,19,clear,23.8
3021,5,2024-02-20,12,clear,31.5
3022,5,2024-02-20,19,clear,25.5
3023,5,2024-02-21,12,clear,28.5
3024,5,2024-02-21,19,clear,35.0
3025,5,2024-02-22,12,clear,23.3
3026,5,2024-02-22,19,clear,38.2
3027,5,2024-02-23,12,clear,27.2
3028,5,2024-02-23,19,clear,34.2
3029,5,2024-02-24,12,heatwave,40.2
3030,5,2024-02-24,19,clear,34.6
3031,5,2024-02-25,12,clear,35.1
3032,5,2024-02-25,19,clear,31.7
3033,5,2024-02-26,12,clear,31.9
3034,5,2024-02-26,19,clear,35.9
3035,5,2024-02-27,12,clear,27.2
3036,5,2024-02-27,19,clear,34.1
3037,5,2024-02-28,12,clear,32.1
3038,5,2024-02-28,19,clear,19.2
3039,5,2024-02-29,12,clear,35.9
3040,5,2024-02-29,19,clear,31.6
3041,5,2024-03-01,12,clear,26.9
3042,5,2024-03-01,19,heatwave,26.6
3043,5,2024-03-02,12,clear,37.5
3044,5,2024-03-02,19,clear,32.6
3045,5,2024-03-03,12,heavy_rain,26.3
3046,5,2024-03-03,19,rain,35.5
3047,5,2024-03-04,12,heatwave,22.9
3048,5,2024-03-04,19,clear,29.1
3049,5,2024-03-05,12,clear,23.8
3050,5,2024-03-05,19,clear,25.7
3051,5,2024-03-06,12,clear,25.1
3052,5,2024-03-06,19,clear,27.1
3053,5,2024-03-07,12,clear,26.8
3054,5,2024-03-07,19,clear,22.7
3055,5,2024-03-08,12,clear,32.4
3056,5,2024-03-08,19,clear,32.3
3057,5,2024-03-09,12,clear,29.0
3058,5,2024-03-09,19,clear,31.2
3059,5,2024-03-10,12,clear,27.6
3060,5,2024-03-10,19,clear,32.2
3061,5,2024-03-11,12,clear,34.9
3062,5,2024-03-11,19,clear,35.1
3063,5,2024-03-12,12,clear,23.3
3064,5,2024-03-12,19,heatwave,31.5
3065,5,2024-03-13,12,clear,23.5
3066,5,2024-03-13,19,clear,27.4
3067,5,2024-03-14,12,clear,33.8
3068,5,2024-03-14,19,clear,22.6
3069,5,2024-03-15,12,clear,31.6
3070,5,2024-03-15,19,clear,25.1
3071,5,2024-03-16,12,clear,29.5
3072,5,2024-03-16,19,clear,27.9
3073,5,2024-03-17,12,clear,42.4
3074,5,2024-03-17,19,clear,21.5
3075,5,2024-03-18,12,clear,29.3
3076,5,2024-03-18,19,clear,26.6
3077,5,2024-03-19,12,clear,33.7
3078,5,2024-03-19,19,clear,28.2
3079,5,2024-03-20,12,rain,28.2
3080,5,2024-03-20,19,clear,31.7
3081,5,2024-03-21,12,clear,35.9
3082,5,2024-03-21,19,heatwave,27.0
3083,5,2024-03-22,12,clear,29.5
3084,5,2024-03-22,19,clear,23.9
3085,5,2024-03-23,12,clear,23.6
3086,5,2024-03-23,19,heatwave,19.4
3087,5,2024-03-24,12,heavy_rain,31.2
3088,5,2024-03-24,19,clear,32.8
3089,5,2024-03-25,12,clear,30.7
3090,5,2024-03-25,19,clear,24.4
3091,5,2024-03-26,12,clear,29.2
3092,5,2024-03-26,19,clear,30.7
3093,5,2024-03-27,12,clear,38.3
3094,5,2024-03-27,19,clear,40.5
3095,5,2024-03-28,12,clear,21.3
3096,5,2024-03-28,19,rain,21.5
3097,5,2024-03-29,12,clear,25.4
3098,5,2024-03-29,19,heavy_rain,21.2
3099,5,2024-03-30,12,clear,26.2
3100,5,2024-03-30,19,clear,31.5
3101,5,2024-03-31,12,clear,30.2
3102,5,2024-03-31,19,clear,24.5
3103,5,2024-04-01,12,clear,28.0
3104,5,2024-04-01,19,clear,28.7
3105,5,2024-04-02,12,clear,31.2
3106,5,2024-04-02,19,heatwave,25.5
3107,5,2024-04-03,12,clear,36.6
3108,5,2024-04-03,19,clear,23.6
3109,5,2024-04-04,12,clear,29.6
3110,5,2024-04-04,19,clear,25.9
3111,5,2024-04-05,12,clear,20.5
3112,5,2024-04-05,19,clear,31.6
3113,5,2024-04-06,12,heavy_rain,32.9
3114,5,2024-04-06,19,clear,26.1
3115,5,2024-04-07,12,clear,28.5
3116,5,2024-04-07,19,clear,31.4
3117,5,2024-04-08,12,clear,26.3
3118,5,2024-04-08,19,clear,35.2
3119,5,2024-04-09,12,rain,25.2
3120,5,2024-04-09,19,clear,35.0
3121,5,2024-04-10,12,clear,37.1
3122,5,2024-04-10,19,clear,33.8
3123,5,2024-04-11,12,clear,32.8
3124,5,2024-04-11,19,clear,31.1
3125,5,2024-04-12,12,clear,32.3
3126,5,2024-04-12,19,clear,36.8
3127,5,2024-04-13,12,clear,30.3
3128,5,2024-04-13,19,clear,26.9
3129,5,2024-04-14,12,heavy_rain,27.2
3130,5,2024-04-14,19,rain,28.4
3131,5,2024-04-15,12,heatwave,25.0
3132,5,2024-04-15,19,clear,27.2
3133,5,2024-04-16,12,rain,26.4
3134,5,2024-04-16,19,clear,34.4
3135,5,2024-04-17,12,clear,32.3
3136,5,2024-04-17,19,clear,34.3
3137,5,2024-04-18,12,clear,23.6
3138,5,2024-04-18,19,clear,24.2
3139,5,2024-04-19,12,clear,31.9
3140,5,2024-04-19,19,clear,39.4
3141,5,2024-04-20,12,clear,31.8
3142,5,2024-04-20,19,clear,42.3
3143,5,2024-04-21,12,clear,29.2
3144,5,2024-04-21,19,clear,23.6
3145,5,2024-04-22,12,clear,37.7
3146,5,2024-04-22,19,clear,20.7
3147,5,2024-04-23,12,clear,41.2
3148,5,2024-04-23,19,clear,27.4
3149,5,2024-04-24,12,clear,31.8
3150,5,2024-04-24,19,clear,39.6
3151,5,2024-04-25,12,clear,25.7
3152,5,2024-04-25,19,clear,30.3
3153,5,2024-04-26,12,clear,30.5
3154,5,2024-04-26,19,clear,29.1
3155,5,2024-04-27,12,clear,33.8
3156,5,2024-04-27,19,clear,37.1
3157,5,2024-04-28,12,clear,31.7
3158,5,2024-04-28,19,rain,36.6
3159,5,2024-04-29,12,clear,28.8
3160,5,2024-04-29,19,clear,26.3
3161,5,2024-04-30,12,clear,27.3
3162,5,2024-04-30,19,clear,30.0
3163,5,2024-05-01,12,clear,38.6
3164,5,2024-05-01,19,clear,26.3
3165,5,2024-05-02,12,clear,27.2
3166,5,2024-05-02,19,clear,29.1
3167,5,2024-05-03,12,clear,31.1
3168,5,2024-05-03,19,clear,20.6
3169,5,2024-05-04,12,clear,29.4
3170,5,2024-05-04,19,heatwave,26.8
3171,5,2024-05-05,12,clear,37.8
3172,5,2024-05-05,19,clear,24.8
3173,5,2024-05-06,12,clear,27.1
3174,5,2024-05-06,19,clear,29.3
3175,5,2024-05-07,12,clear,31.2
3176,5,2024-05-07,19,clear,26.5
3177,5,2024-05-08,12,clear,27.8
3178,5,2024-05-08,19,clear,24.1
3179,5,2024-05-09,12,clear,31.5
3180,5,2024-05-09,19,clear,20.0
3181,5,2024-05-10,12,rain,25.5
3182,5,2024-05-10,19,rain,30.5
3183,5,2024-05-11,12,clear,25.8
3184,5,2024-05-11,19,clear,21.6
3185,5,2024-05-12,12,clear,29.8
3186,5,2024-05-12,19,clear,33.3
3187,5,2024-05-13,12,clear,19.8
3188,5,2024-05-13,19,clear,32.0
3189,5,2024-05-14,12,clear,27.9
3190,5,2024-05-14,19,heavy_rain,34.3
3191,5,2024-05-15,12,clear,25.1
3192,5,2024-05-15,19,clear,25.3
3193,5,2024-05-16,12,clear,28.5
3194,5,2024-05-16,19,clear,37.9
3195,5,2024-05-17,12,clear,34.1
3196,5,2024-05-17,19,clear,26.4
3197,5,2024-05-18,12,clear,25.6
3198,5,2024-05-18,19,clear,28.0
3199,5,2024-05-19,12,clear,30.1
3200,5,2024-05-19,19,heavy_rain,32.9
3201,5,2024-05-20,12,clear,21.0
3202,5,2024-05-20,19,clear,32.2
3203,5,2024-05-21,12,clear,31.2
3204,5,2024-05-21,19,clear,27.2
3205,5,2024-05-22,12,clear,30.9
3206,5,2024-05-22,19,clear,25.3
3207,5,2024-05-23,12,clear,39.5
3208,5,2024-05-23,19,clear,28.2
3209,5,2024-05-24,12,clear,28.0
3210,5,2024-05-24,19,clear,30.2
3211,5,2024-05-25,12,clear,37.3
3212,5,2024-05-25,19,heatwave,30.1
3213,5,2024-05-26,12,heavy_rain,32.9
3214,5,2024-05-26,19,heatwave,25.5
3215,5,2024-05-27,12,clear,30.6
3216,5,2024-05-27,19,clear,21.9
3217,5,2024-05-28,12,clear,22.2
3218,5,2024-05-28,19,clear,26.4
3219,5,2024-05-29,12,clear,25.4
3220,5,2024-05-29,19,clear,26.8
3221,5,2024-05-30,12,clear,33.7
3222,5,2024-05-30,19,clear,33.7
3223,5,2024-05-31,12,clear,29.9
3224,5,2024-05-31,19,clear,31.2
3225,5,2024-06-01,12,clear,37.9
3226,5,2024-06-01,19,heavy_rain,25.8
3227,5,2024-06-02,12,clear,32.8
3228,5,2024-06-02,19,rain,22.6
3229,5,2024-06-03,12,clear,29.0
3230,5,2024-06-03,19,heatwave,35.8
3231,5,2024-06-04,12,clear,22.2
3232,5,2024-06-04,19,clear,29.7
3233,5,2024-06-05,12,clear,29.9
3234,5,2024-06-05,19,rain,24.8
3235,5,2024-06-06,12,rain,32.1
3236,5,2024-06-06,19,rain,33.7
3237,5,2024-06-07,12,clear,46.3
3238,5,2024-06-07,19,clear,26.6
3239,5,2024-06-08,12,clear,29.5
3240,5,2024-06-08,19,rain,27.5
3241,5,2024-06-09,12,clear,35.0
3242,5,2024-06-09,19,clear,34.4
3243,5,2024-06-10,12,clear,25.3
3244,5,2024-06-10,19,clear,29.8
3245,5,2024-06-11,12,heavy_rain,30.0
3246,5,2024-06-11,19,clear,31.8
3247,5,2024-06-12,12,rain,28.3
3248,5,2024-06-12,19,clear,33.8
3249,5,2024-06-13,12,rain,26.4
3250,5,2024-06-13,19,clear,28.3
3251,5,2024-06-14,12,clear,36.7
3252,5,2024-06-14,19,heavy_rain,27.0
3253,5,2024-06-15,12,rain,33.7
3254,5,2024-06-15,19,clear,33.7
3255,5,2024-06-16,12,rain,33.7
3256,5,2024-06-16,19,clear,20.0
3257,5,2024-06-17,12,clear,32.5
3258,5,2024-06-17,19,clear,30.7
3259,5,2024-06-18,12,heavy_rain,31.1
3260,5,2024-06-18,19,clear,27.2
3261,5,2024-06-19,12,clear,33.2
3262,5,2024-06-19,19,heavy_rain,30.6
3263,5,2024-06-20,12,rain,44.5
3264,5,2024-06-20,19,clear,28.7
3265,5,2024-06-21,12,clear,22.4
3266,5,2024-06-21,19,clear,21.6
3267,5,2024-06-22,12,clear,37.1
3268,5,2024-06-22,19,heavy_rain,24.7
3269,5,2024-06-23,12,clear,38.9
3270,5,2024-06-23,19,clear,26.3
3271,5,2024-06-24,12,clear,36.6
3272,5,2024-06-24,19,rain,27.9
3273,5,2024-06-25,12,clear,40.2
3274,5,2024-06-25,19,rain,35.4
3275,5,2024-06-26,12,clear,25.1
3276,5,2024-06-26,19,clear,29.6
3277,5,2024-06-27,12,heavy_rain,33.2
3278,5,2024-06-27,19,clear,27.1
3279,5,2024-06-28,12,clear,25.8
3280,5,2024-06-28,19,rain,31.9
3281,5,2024-06-29,12,rain,30.6
3282,5,2024-06-29,19,clear,31.0
3283,5,2024-06-30,12,clear,23.8
3284,5,2024-06-30,19,heavy_rain,32.1
3285,5,2024-07-01,12,heavy_rain,27.0
3286,5,2024-07-01,19,heavy_rain,34.9
3287,5,2024-07-02,12,rain,33.5
3288,5,2024-07-02,19,clear,27.6
3289,5,2024-07-03,12,clear,28.1
3290,5,2024-07-03,19,clear,30.2
3291,5,2024-07-04,12,clear,30.1
3292,5,2024-07-04,19,heatwave,33.5
3293,5,2024-07-05,12,clear,38.4
3294,5,2024-07-05,19,rain,33.4
3295,5,2024-07-06,12,clear,33.1
3296,5,2024-07-06,19,clear,33.0
3297,5,2024-07-07,12,heavy_rain,30.3
3298,5,2024-07-07,19,clear,40.5
3299,5,2024-07-08,12,clear,27.8
3300,5,2024-07-08,19,clear,25.4
3301,5,2024-07-09,12,clear,35.0
3302,5,2024-07-09,19,heatwave,30.0
3303,5,2024-07-10,12,heavy_rain,28.0
3304,5,2024-07-10,19,heatwave,28.6
3305,5,2024-07-11,12,rain,30.4
3306,5,2024-07-11,19,heavy_rain,32.1
3307,5,2024-07-12,12,heavy_rain,33.8
3308,5,2024-07-12,19,heavy_rain,26.9
3309,5,2024-07-13,12,clear,37.2
3310,5,2024-07-13,19,rain,32.9
3311,5,2024-07-14,12,clear,31.3
3312,5,2024-07-14,19,clear,34.3
3313,5,2024-07-15,12,rain,31.9
3314,5,2024-07-15,19,clear,19.1
3315,5,2024-07-16,12,clear,25.8
3316,5,2024-07-16,19,clear,32.9
3317,5,2024-07-17,12,rain,32.3
3318,5,2024-07-17,19,clear,27.5
3319,5,2024-07-18,12,clear,36.1
3320,5,2024-07-18,19,clear,26.2
3321,5,2024-07-19,12,clear,25.2
3322,5,2024-07-19,19,clear,37.5
3323,5,2024-07-20,12,clear,28.4
3324,5,2024-07-20,19,heatwave,26.7
3325,5,2024-07-21,12,clear,29.3
3326,5,2024-07-21,19,clear,33.9
3327,5,2024-07-22,12,clear,32.9
3328,5,2024-07-22,19,rain,31.9
3329,5,2024-07-23,12,clear,27.3
3330,5,2024-07-23,19,heavy_rain,37.2
3331,5,2024-07-24,12,clear,32.7
3332,5,2024-07-24,19,rain,33.1
3333,5,2024-07-25,12,clear,31.1
3334,5,2024-07-25,19,clear,29.5
3335,5,2024-07-26,12,clear,33.0
3336,5,2024-07-26,19,rain,33.3
3337,5,2024-07-27,12,rain,30.4
3338,5,2024-07-27,19,rain,40.6
3339,5,2024-07-28,12,heatwave,23.2
3340,5,2024-07-28,19,heavy_rain,28.7
3341,5,2024-07-29,12,clear,33.3
3342,5,2024-07-29,19,rain,36.4
3343,5,2024-07-30,12,heavy_rain,30.1
3344,5,2024-07-30,19,clear,34.7
3345,5,2024-07-31,12,rain,32.0
3346,5,2024-07-31,19,clear,31.8
3347,5,2024-08-01,12,rain,37.5
3348,5,2024-08-01,19,clear,22.9
3349,5,2024-08-02,12,rain,23.8
3350,5,2024-08-02,19,rain,31.4
3351,5,2024-08-03,12,clear,30.8
3352,5,2024-08-03,19,clear,27.7
3353,5,2024-08-04,12,clear,14.4
3354,5,2024-08-04,19,clear,30.9
3355,5,2024-08-05,12,rain,30.0
3356,5,2024-08-05,19,clear,30.4
3357,5,2024-08-06,12,clear,31.3
3358,5,2024-08-06,19,rain,26.9
3359,5,2024-08-07,12,clear,23.6
3360,5,2024-08-07,19,heatwave,32.3
3361,5,2024-08-08,12,clear,35.8
3362,5,2024-08-08,19,heavy_rain,37.7
3363,5,2024-08-09,12,clear,20.2
3364,5,2024-08-09,19,rain,20.2
3365,5,2024-08-10,12,rain,37.7
3366,5,2024-08-10,19,heavy_rain,30.6
3367,5,2024-08-11,12,rain,30.3
3368,5,2024-08-11,19,clear,29.4
3369,5,2024-08-12,12,clear,31.2
3370,5,2024-08-12,19,rain,31.4
3371,5,2024-08-13,12,heavy_rain,24.6
3372,5,2024-08-13,19,rain,40.1
3373,5,2024-08-14,12,clear,19.9
3374,5,2024-08-14,19,clear,29.1
3375,5,2024-08-15,12,clear,27.2
3376,5,2024-08-15,19,rain,26.9
3377,5,2024-08-16,12,clear,36.9
3378,5,2024-08-16,19,clear,32.4
3379,5,2024-08-17,12,clear,32.4
3380,5,2024-08-17,19,heavy_rain,23.5
3381,5,2024-08-18,12,rain,22.8
3382,5,2024-08-18,19,clear,33.8
3383,5,2024-08-19,12,clear,34.0
3384,5,2024-08-19,19,clear,35.0
3385,5,2024-08-20,12,heavy_rain,29.8
3386,5,2024-08-20,19,rain,30.2
3387,5,2024-08-21,12,rain,32.5
3388,5,2024-08-21,19,rain,21.3
3389,5,2024-08-22,12,rain,24.9
3390,5,2024-08-22,19,clear,30.3
3391,5,2024-08-23,12,clear,15.7
3392,5,2024-08-23,19,rain,34.1
3393,5,2024-08-24,12,rain,25.3
3394,5,2024-08-24,19,heavy_rain,30.2
3395,5,2024-08-25,12,rain,34.6
3396,5,2024-08-25,19,clear,27.4
3397,5,2024-08-26,12,clear,31.7
3398,5,2024-08-26,19,heatwave,33.3
3399,5,2024-08-27,12,clear,26.9
3400,5,2024-08-27,19,clear,23.1
3401,5,2024-08-28,12,clear,27.2
3402,5,2024-08-28,19,clear,31.8
3403,5,2024-08-29,12,clear,20.5
3404,5,2024-08-29,19,clear,30.9
3405,5,2024-08-30,12,clear,28.9
3406,5,2024-08-30,19,heavy_rain,33.2
3407,5,2024-08-31,12,clear,30.2
3408,5,2024-08-31,19,rain,32.5
3409,5,2024-09-01,12,rain,35.2
3410,5,2024-09-01,19,clear,29.8
3411,5,2024-09-02,12,clear,23.9
3412,5,2024-09-02,19,rain,25.7
3413,5,2024-09-03,12,heavy_rain,29.4
3414,5,2024-09-03,19,clear,28.5
3415,5,2024-09-04,12,heavy_rain,36.8
3416,5,2024-09-04,19,heavy_rain,30.5
3417,5,2024-09-05,12,clear,22.9
3418,5,2024-09-05,19,clear,29.9
3419,5,2024-09-06,12,rain,26.2
3420,5,2024-09-06,19,heatwave,30.8
3421,5,2024-09-07,12,clear,29.1
3422,5,2024-09-07,19,clear,33.7
3423,5,2024-09-08,12,rain,28.8
3424,5,2024-09-08,19,clear,37.3
3425,5,2024-09-09,12,heavy_rain,32.3
3426,5,2024-09-09,19,clear,31.5
3427,5,2024-09-10,12,clear,34.0
3428,5,2024-09-10,19,clear,27.2
3429,5,2024-09-11,12,clear,30.0
3430,5,2024-09-11,19,clear,28.1
3431,5,2024-09-12,12,clear,39.6
3432,5,2024-09-12,19,rain,27.9
3433,5,2024-09-13,12,heavy_rain,26.1
3434,5,2024-09-13,19,rain,33.6
3435,5,2024-09-14,12,rain,28.8
3436,5,2024-09-14,19,clear,23.7
3437,5,2024-09-15,12,clear,27.8
3438,5,2024-09-15,19,clear,24.8
3439,5,2024-09-16,12,rain,35.4
3440,5,2024-09-16,19,clear,37.2
3441,5,2024-09-17,12,clear,31.6
3442,5,2024-09-17,19,clear,27.9
3443,5,2024-09-18,12,clear,33.8
3444,5,2024-09-18,19,rain,30.3
3445,5,2024-09-19,12,clear,24.9
3446,5,2024-09-19,19,clear,25.7
3447,5,2024-09-20,12,heavy_rain,27.4
3448,5,2024-09-20,19,clear,26.5
3449,5,2024-09-21,12,clear,22.7
3450,5,2024-09-21,19,rain,27.9
3451,5,2024-09-22,12,clear,40.0
3452,5,2024-09-22,19,clear,35.9
3453,5,2024-09-23,12,rain,24.7
3454,5,2024-09-23,19,clear,27.9
3455,5,2024-09-24,12,clear,29.4
3456,5,2024-09-24,19,clear,38.0
3457,5,2024-09-25,12,clear,38.9
3458,5,2024-09-25,19,rain,25.5
3459,5,2024-09-26,12,clear,19.4
3460,5,2024-09-26,19,clear,28.3
3461,5,2024-09-27,12,clear,26.6
3462,5,2024-09-27,19,rain,28.9
3463,5,2024-09-28,12,rain,32.6
3464,5,2024-09-28,19,heavy_rain,34.1
3465,5,2024-09-29,12,clear,34.0
3466,5,2024-09-29,19,clear,31.5
3467,5,2024-09-30,12,heatwave,36.3
3468,5,2024-09-30,19,clear,32.6
3469,5,2024-10-01,12,clear,24.2
3470,5,2024-10-01,19,rain,30.0
3471,5,2024-10-02,12,clear,32.2
3472,5,2024-10-02,19,clear,21.2
3473,5,2024-10-03,12,clear,38.1
3474,5,2024-10-03,19,clear,35.2
3475,5,2024-10-04,12,rain,24.0
3476,5,2024-10-04,19,clear,29.5
3477,5,2024-10-05,12,clear,15.4
3478,5,2024-10-05,19,clear,26.1
3479,5,2024-10-06,12,clear,35.1
3480,5,2024-10-06,19,clear,29.9
3481,5,2024-10-07,12,clear,32.5
3482,5,2024-10-07,19,heavy_rain,30.2
3483,5,2024-10-08,12,clear,30.9
3484,5,2024-10-08,19,clear,20.9
3485,5,2024-10-09,12,clear,26.1
3486,5,2024-10-09,19,heavy_rain,38.4
3487,5,2024-10-10,12,clear,21.3
3488,5,2024-10-10,19,clear,26.8
3489,5,2024-10-11,12,clear,30.3
3490,5,2024-10-11,19,clear,20.3
3491,5,2024-10-12,12,clear,33.5
3492,5,2024-10-12,19,clear,19.8
3493,5,2024-10-13,12,clear,35.3
3494,5,2024-10-13,19,clear,24.8
3495,5,2024-10-14,12,clear,34.8
3496,5,2024-10-14,19,heavy_rain,30.0
3497,5,2024-10-15,12,clear,26.1
3498,5,2024-10-15,19,clear,28.2
3499,5,2024-10-16,12,clear,26.5
3500,5,2024-10-16,19,clear,30.0
3501,5,2024-10-17,12,clear,38.0
3502,5,2024-10-17,19,clear,38.6
3503,5,2024-10-18,12,clear,28.3
3504,5,2024-10-18,19,clear,32.7
3505,5,2024-10-19,12,clear,29.5
3506,5,2024-10-19,19,clear,20.8
3507,5,2024-10-20,12,clear,26.2
3508,5,2024-10-20,19,clear,29.4
3509,5,2024-10-21,12,clear,28.7
3510,5,2024-10-21,19,clear,25.5
3511,5,2024-10-22,12,heatwave,40.6
3512,5,2024-10-22,19,clear,33.5
3513,5,2024-10-23,12,heavy_rain,32.1
3514,5,2024-10-23,19,clear,16.4
3515,5,2024-10-24,12,clear,24.1
3516,5,2024-10-24,19,clear,37.9
3517,5,2024-10-25,12,clear,29.4
3518,5,2024-10-25,19,clear,22.1
3519,5,2024-10-26,12,clear,25.7
3520,5,2024-10-26,19,heatwave,30.0
3521,5,2024-10-27,12,clear,30.6
3522,5,2024-10-27,19,clear,29.0
3523,5,2024-10-28,12,heavy_rain,35.3
3524,5,2024-10-28,19,rain,27.2
3525,5,2024-10-29,12,heavy_rain,23.6
3526,5,2024-10-29,19,clear,33.3
3527,5,2024-10-30,12,clear,32.5
3528,5,2024-10-30,19,clear,26.9
3529,5,2024-10-31,12,clear,31.7
3530,5,2024-10-31,19,clear,37.4
3531,5,2024-11-01,12,rain,31.7
3532,5,2024-11-01,19,clear,23.0
3533,5,2024-11-02,12,clear,31.8
3534,5,2024-11-02,19,clear,25.8
3535,5,2024-11-03,12,heavy_rain,31.5
3536,5,2024-11-03,19,clear,31.4
3537,5,2024-11-04,12,clear,27.6
3538,5,2024-11-04,19,clear,32.3
3539,5,2024-11-05,12,rain,28.3
3540,5,2024-11-05,19,clear,32.4
3541,5,2024-11-06,12,clear,31.8
3542,5,2024-11-06,19,clear,33.4
3543,5,2024-11-07,12,clear,30.3
3544,5,2024-11-07,19,clear,31.1
3545,5,2024-11-08,12,clear,27.5
3546,5,2024-11-08,19,clear,24.1
3547,5,2024-11-09,12,clear,29.6
3548,5,2024-11-09,19,clear,26.2
3549,5,2024-11-10,12,clear,27.3
3550,5,2024-11-10,19,clear,26.8
3551,5,2024-11-11,12,clear,36.7
3552,5,2024-11-11,19,clear,19.1
3553,5,2024-11-12,12,clear,22.0
3554,5,2024-11-12,19,rain,27.2
3555,5,2024-11-13,12,clear,26.2
3556,5,2024-11-13,19,clear,30.6
3557,5,2024-11-14,12,clear,28.2
3558,5,2024-11-14,19,clear,35.1
3559,5,2024-11-15,12,clear,31.1
3560,5,2024-11-15,19,clear,21.8
3561,5,2024-11-16,12,clear,28.0
3562,5,2024-11-16,19,clear,27.4
3563,5,2024-11-17,12,clear,34.4
3564,5,2024-11-17,19,clear,23.5
3565,5,2024-11-18,12,clear,32.4
3566,5,2024-11-18,19,clear,33.6
3567,5,2024-11-19,12,clear,31.5
3568,5,2024-11-19,19,heatwave,29.5
3569,5,2024-11-20,12,clear,25.3
3570,5,2024-11-20,19,rain,30.2
3571,5,2024-11-21,12,clear,36.0
3572,5,2024-11-21,19,clear,29.2
3573,5,2024-11-22,12,clear,25.1
3574,5,2024-11-22,19,heavy_rain,33.7
3575,5,2024-11-23,12,clear,31.8
3576,5,2024-11-23,19,clear,31.9
3577,5,2024-11-24,12,clear,25.3
3578,5,2024-11-24,19,clear,32.2
3579,5,2024-11-25,12,clear,41.0
3580,5,2024-11-25,19,clear,25.8
3581,5,2024-11-26,12,clear,34.2
3582,5,2024-11-26,19,clear,39.6
3583,5,2024-11-27,12,clear,27.7
3584,5,2024-11-27,19,clear,36.5
3585,5,2024-11-28,12,clear,32.2
3586,5,2024-11-28,19,clear,29.9
3587,5,2024-11-29,12,clear,33.0
3588,5,2024-11-29,19,clear,30.3
3589,5,2024-11-30,12,clear,25.7
3590,5,2024-11-30,19,clear,25.9
3591,5,2024-12-01,12,clear,27.0
3592,5,2024-12-01,19,clear,38.5
3593,5,2024-12-02,12,clear,22.6
3594,5,2024-12-02,19,clear,28.7
3595,5,2024-12-03,12,clear,31.2
3596,5,2024-12-03,19,clear,29.6
3597,5,2024-12-04,12,clear,23.3
3598,5,2024-12-04,19,clear,30.5
3599,5,2024-12-05,12,heatwave,23.0
3600,5,2024-12-05,19,clear,39.9
3601,5,2024-12-06,12,clear,31.4
3602,5,2024-12-06,19,clear,33.0
3603,5,2024-12-07,12,clear,29.3
3604,5,2024-12-07,19,clear,24.5
3605,5,2024-12-08,12,clear,27.3
3606,5,2024-12-08,19,clear,30.3
3607,5,2024-12-09,12,clear,20.8
3608,5,2024-12-09,19,clear,37.3
3609,5,2024-12-10,12,clear,28.6
3610,5,2024-12-10,19,clear,34.9
3611,5,2024-12-11,12,heatwave,27.8
3612,5,2024-12-11,19,clear,36.4
3613,5,2024-12-12,12,clear,28.1
3614,5,2024-12-12,19,clear,37.6
3615,5,2024-12-13,12,clear,27.2
3616,5,2024-12-13,19,clear,26.1
3617,5,2024-12-14,12,clear,23.2
3618,5,2024-12-14,19,clear,32.7
3619,5,2024-12-15,12,clear,19.4
3620,5,2024-12-15,19,clear,31.4
3621,5,2024-12-16,12,clear,25.5
3622,5,2024-12-16,19,clear,21.1
3623,5,2024-12-17,12,clear,33.1
3624,5,2024-12-17,19,clear,23.0
3625,5,2024-12-18,12,clear,27.1
3626,5,2024-12-18,19,clear,28.3
3627,5,2024-12-19,12,clear,28.3
3628,5,2024-12-19,19,clear,29.0
3629,5,2024-12-20,12,clear,20.3
3630,5,2024-12-20,19,clear,31.7
3631,5,2024-12-21,12,clear,29.4
3632,5,2024-12-21,19,rain,32.0
3633,5,2024-12-22,12,clear,20.6
3634,5,2024-12-22,19,clear,23.9
3635,5,2024-12-23,12,clear,31.1
3636,5,2024-12-23,19,clear,23.3
3637,5,2024-12-24,12,clear,37.0
3638,5,2024-12-24,19,clear,25.1
3639,5,2024-12-25,12,clear,29.6
3640,5,2024-12-25,19,clear,16.6
3641,5,2024-12-26,12,clear,41.6
3642,5,2024-12-26,19,clear,30.6
3643,5,2024-12-27,12,clear,24.1
3644,5,2024-12-27,19,clear,25.0
3645,5,2024-12-28,12,clear,34.2
3646,5,2024-12-28,19,rain,33.4
3647,5,2024-12-29,12,clear,31.2
3648,5,2024-12-29,19,clear,27.9
3649,5,2024-12-30,12,heavy_rain,21.5
3650,5,2024-12-30,19,clear,25.4
3651,6,2024-01-01,12,clear,29.9
3652,6,2024-01-01,19,clear,32.7
3653,6,2024-01-02,12,clear,27.5
3654,6,2024-01-02,19,clear,33.2
3655,6,2024-01-03,12,clear,27.8
3656,6,2024-01-03,19,clear,28.9
3657,6,2024-01-04,12,clear,28.8
3658,6,2024-01-04,19,clear,27.8
3659,6,2024-01-05,12,clear,24.9
3660,6,2024-01-05,19,clear,32.8
3661,6,2024-01-06,12,clear,31.4
3662,6,2024-01-06,19,clear,34.2
3663,6,2024-01-07,12,clear,26.1
3664,6,2024-01-07,19,clear,29.9
3665,6,2024-01-08,12,clear,34.4
3666,6,2024-01-08,19,clear,32.9
3667,6,2024-01-09,12,clear,30.0
3668,6,2024-01-09,19,clear,33.8
3669,6,2024-01-10,12,clear,22.3
3670,6,2024-01-10,19,clear,34.0
3671,6,2024-01-11,12,clear,28.0
3672,6,2024-01-11,19,clear,30.3
3673,6,2024-01-12,12,clear,30.8
3674,6,2024-01-12,19,clear,34.7
3675,6,2024-01-13,12,clear,29.1
3676,6,2024-01-13,19,clear,19.5
3677,6,2024-01-14,12,clear,25.7
3678,6,2024-01-14,19,clear,32.5
3679,6,2024-01-15,12,clear,33.5
3680,6,2024-01-15,19,clear,23.4
3681,6,2024-01-16,12,clear,34.7
3682,6,2024-01-16,19,clear,34.2
3683,6,2024-01-17,12,clear,21.9
3684,6,2024-01-17,19,clear,35.5
3685,6,2024-01-18,12,rain,29.8
3686,6,2024-01-18,19,clear,39.8
3687,6,2024-01-19,12,clear,32.4
3688,6,2024-01-19,19,clear,35.9
3689,6,2024-01-20,12,clear,26.0
3690,6,2024-01-20,19,clear,33.0
3691,6,2024-01-21,12,clear,39.0
3692,6,2024-01-21,19,clear,36.3
3693,6,2024-01-22,12,clear,30.1
3694,6,2024-01-22,19,clear,38.0
3695,6,2024-01-23,12,heatwave,35.2
3696,6,2024-01-23,19,clear,35.3
3697,6,2024-01-24,12,clear,20.6
3698,6,2024-01-24,19,clear,33.2
3699,6,2024-01-25,12,clear,32.5
3700,6,2024-01-25,19,rain,41.6
3701,6,2024-01-26,12,clear,31.7
3702,6,2024-01-26,19,clear,25.5
3703,6,2024-01-27,12,clear,28.7
3704,6,2024-01-27,19,clear,32.6
3705,6,2024-01-28,12,clear,35.2
3706,6,2024-01-28,19,clear,32.3
3707,6,2024-01-29,12,clear,27.9
3708,6,2024-01-29,19,heavy_rain,28.4
3709,6,2024-01-30,12,clear,34.3
3710,6,2024-01-30,19,heatwave,22.8
3711,6,2024-01-31,12,clear,28.3
3712,6,2024-01-31,19,clear,29.8
3713,6,2024-02-01,12,clear,27.5
3714,6,2024-02-01,19,clear,32.1
3715,6,2024-02-02,12,clear,21.9
3716,6,2024-02-02,19,clear,34.3
3717,6,2024-02-03,12,clear,34.3
3718,6,2024-02-03,19,clear,39.9
3719,6,2024-02-04,12,clear,23.1
3720,6,2024-02-04,19,clear,21.6
3721,6,2024-02-05,12,clear,31.1
3722,6,2024-02-05,19,clear,30.3
3723,6,2024-02-06,12,clear,27.6
3724,6,2024-02-06,19,clear,33.6
3725,6,2024-02-07,12,clear,31.6
3726,6,2024-02-07,19,clear,34.4
3727,6,2024-02-08,12,clear,32.6
3728,6,2024-02-08,19,clear,29.9
3729,6,2024-02-09,12,clear,17.9
3730,6,2024-02-09,19,clear,26.5
3731,6,2024-02-10,12,heatwave,36.3
3732,6,2024-02-10,19,clear,23.5
3733,6,2024-02-11,12,clear,19.6
3734,6,2024-02-11,19,clear,30.6
3735,6,2024-02-12,12,clear,27.3
3736,6,2024-02-12,19,clear,34.5
3737,6,2024-02-13,12,clear,29.4
3738,6,2024-02-13,19,clear,26.3
3739,6,2024-02-14,12,clear,20.9
3740,6,2024-02-14,19,clear,26.9
3741,6,2024-02-15,12,clear,35.1
3742,6,2024-02-15,19,clear,28.5
3743,6,2024-02-16,12,clear,34.6
3744,6,2024-02-16,19,clear,40.0
3745,6,2024-02-17,12,clear,24.8
3746,6,2024-02-17,19,clear,28.6
3747,6,2024-02-18,12,clear,37.1
3748,6,2024-02-18,19,clear,33.0
3749,6,2024-02-19,12,clear,30.0
3750,6,2024-02-19,19,clear,32.4
3751,6,2024-02-20,12,clear,33.9
3752,6,2024-02-20,19,clear,40.4
3753,6,2024-02-21,12,clear,36.9
3754,6,2024-02-21,19,clear,27.7
3755,6,2024-02-22,12,clear,31.8
3756,6,2024-02-22,19,clear,29.5
3757,6,2024-02-23,12,clear,31.9
3758,6,2024-02-23,19,clear,30.2
3759,6,2024-02-24,12,clear,29.0
3760,6,2024-02-24,19,clear,27.7
3761,6,2024-02-25,12,clear,27.4
3762,6,2024-02-25,19,clear,24.1
3763,6,2024-02-26,12,rain,33.8
3764,6,2024-02-26,19,clear,21.3
3765,6,2024-02-27,12,clear,31.4
3766,6,2024-02-27,19,clear,16.1
3767,6,2024-02-28,12,clear,34.8
3768,6,2024-02-28,19,clear,32.8
3769,6,2024-02-29,12,clear,29.3
3770,6,2024-02-29,19,heatwave,29.8
3771,6,2024-03-01,12,clear,36.0
3772,6,2024-03-01,19,clear,27.0
3773,6,2024-03-02,12,clear,31.8
3774,6,2024-03-02,19,clear,25.4
3775,6,2024-03-03,12,clear,34.3
3776,6,2024-03-03,19,heatwave,28.3
3777,6,2024-03-04,12,clear,37.7
3778,6,2024-03-04,19,clear,24.0
3779,6,2024-03-05,12,clear,26.9
3780,6,2024-03-05,19,clear,25.5
3781,6,2024-03-06,12,clear,21.8
3782,6,2024-03-06,19,clear,23.4
3783,6,2024-03-07,12,clear,25.9
3784,6,2024-03-07,19,clear,28.5
3785,6,2024-03-08,12,rain,33.1
3786,6,2024-03-08,19,clear,26.1
3787,6,2024-03-09,12,clear,26.5
3788,6,2024-03-09,19,clear,18.5
3789,6,2024-03-10,12,clear,35.7
3790,6,2024-03-10,19,clear,23.4
3791,6,2024-03-11,12,clear,22.8
3792,6,2024-03-11,19,clear,32.7
3793,6,2024-03-12,12,clear,26.9
3794,6,2024-03-12,19,clear,22.8
3795,6,2024-03-13,12,clear,29.5
3796,6,2024-03-13,19,clear,25.1
3797,6,2024-03-14,12,clear,23.8
3798,6,2024-03-14,19,rain,31.4
3799,6,2024-03-15,12,clear,34.8
3800,6,2024-03-15,19,clear,32.0
3801,6,2024-03-16,12,clear,32.2
3802,6,2024-03-16,19,clear,22.9
3803,6,2024-03-17,12,clear,21.8
3804,6,2024-03-17,19,clear,26.3
3805,6,2024-03-18,12,clear,25.6
3806,6,2024-03-18,19,rain,40.2
3807,6,2024-03-19,12,clear,28.0
3808,6,2024-03-19,19,clear,24.9
3809,6,2024-03-20,12,clear,32.4
3810,6,2024-03-20,19,clear,35.6
3811,6,2024-03-21,12,clear,29.7
3812,6,2024-03-21,19,clear,27.4
3813,6,2024-03-22,12,clear,37.7
3814,6,2024-03-22,19,clear,29.1
3815,6,2024-03-23,12,clear,36.6
3816,6,2024-03-23,19,heatwave,28.7
3817,6,2024-03-24,12,clear,30.6
3818,6,2024-03-24,19,clear,26.7
3819,6,2024-03-25,12,clear,32.6
3820,6,2024-03-25,19,clear,35.5
3821,6,2024-03-26,12,heatwave,31.7
3822,6,2024-03-26,19,clear,37.7
3823,6,2024-03-27,12,clear,32.2
3824,6,2024-03-27,19,heatwave,38.9
3825,6,2024-03-28,12,clear,32.2
3826,6,2024-03-28,19,clear,25.4
3827,6,2024-03-29,12,clear,30.7
3828,6,2024-03-29,19,clear,19.6
3829,6,2024-03-30,12,clear,28.2
3830,6,2024-03-30,19,clear,30.9
3831,6,2024-03-31,12,clear,22.4
3832,6,2024-03-31,19,clear,32.0
3833,6,2024-04-01,12,clear,32.2
3834,6,2024-04-01,19,clear,27.7
3835,6,2024-04-02,12,rain,26.3
3836,6,2024-04-02,19,clear,32.3
3837,6,2024-04-03,12,clear,29.8
3838,6,2024-04-03,19,clear,36.2
3839,6,2024-04-04,12,clear,34.4
3840,6,2024-04-04,19,clear,28.0
3841,6,2024-04-05,12,clear,22.4
3842,6,2024-04-05,19,clear,17.1
3843,6,2024-04-06,12,clear,28.8
3844,6,2024-04-06,19,clear,30.2
3845,6,2024-04-07,12,clear,30.9
3846,6,2024-04-07,19,clear,19.8
3847,6,2024-04-08,12,clear,26.9
3848,6,2024-04-08,19,clear,30.6
3849,6,2024-04-09,12,clear,31.4
3850,6,2024-04-09,19,clear,36.8
3851,6,2024-04-10,12,clear,20.8
3852,6,2024-04-10,19,clear,44.3
3853,6,2024-04-11,12,clear,16.1
3854,6,2024-04-11,19,clear,35.4
3855,6,2024-04-12,12,clear,29.7
3856,6,2024-04-12,19,clear,37.1
3857,6,2024-04-13,12,clear,32.1
3858,6,2024-04-13,19,clear,35.1
3859,6,2024-04-14,12,clear,33.9
3860,6,2024-04-14,19,clear,35.0
3861,6,2024-04-15,12,clear,26.5
3862,6,2024-04-15,19,clear,21.5
3863,6,2024-04-16,12,clear,33.7
3864,6,2024-04-16,19,clear,30.4
3865,6,2024-04-17,12,clear,31.4
3866,6,2024-04-17,19,clear,38.0
3867,6,2024-04-18,12,clear,27.9
3868,6,2024-04-18,19,clear,27.7
3869,6,2024-04-19,12,clear,28.2
3870,6,2024-04-19,19,clear,26.2
3871,6,2024-04-20,12,clear,27.7
3872,6,2024-04-20,19,clear,33.6
3873,6,2024-04-21,12,rain,18.5
3874,6,2024-04-21,19,clear,31.5
3875,6,2024-04-22,12,clear,40.3
3876,6,2024-04-22,19,clear,23.7
3877,6,2024-04-23,12,clear,24.4
3878,6,2024-04-23,19,clear,29.6
3879,6,2024-04-24,12,clear,29.2
3880,6,2024-04-24,19,rain,21.8
3881,6,2024-04-25,12,clear,24.9
3882,6,2024-04-25,19,clear,34.0
3883,6,2024-04-26,12,rain,23.2
3884,6,2024-04-26,19,clear,30.2
3885,6,2024-04-27,12,heavy_rain,31.9
3886,6,2024-04-27,19,clear,33.8
3887,6,2024-04-28,12,clear,28.7
3888,6,2024-04-28,19,clear,30.9
3889,6,2024-04-29,12,clear,37.1
3890,6,2024-04-29,19,clear,23.3
3891,6,2024-04-30,12,clear,32.0
3892,6,2024-04-30,19,clear,20.0
3893,6,2024-05-01,12,clear,31.3
3894,6,2024-05-01,19,clear,25.8
3895,6,2024-05-02,12,clear,25.3
3896,6,2024-05-02,19,heatwave,28.0
3897,6,2024-05-03,12,clear,26.7
3898,6,2024-05-03,19,heatwave,30.3
3899,6,2024-05-04,12,clear,21.8
3900,6,2024-05-04,19,clear,31.1
3901,6,2024-05-05,12,clear,28.6
3902,6,2024-05-05,19,clear,30.8
3903,6,2024-05-06,12,clear,24.8
3904,6,2024-05-06,19,clear,27.3
3905,6,2024-05-07,12,clear,30.8
3906,6,2024-05-07,19,clear,32.3
3907,6,2024-05-08,12,clear,24.6
3908,6,2024-05-08,19,clear,21.7
3909,6,2024-05-09,12,clear,33.0
3910,6,2024-05-09,19,clear,23.9
3911,6,2024-05-10,12,clear,28.3
3912,6,2024-05-10,19,clear,25.9
3913,6,2024-05-11,12,rain,25.5
3914,6,2024-05-11,19,clear,16.4
3915,6,2024-05-12,12,heatwave,31.6
3916,6,2024-05-12,19,clear,29.7
3917,6,2024-05-13,12,clear,31.1
3918,6,2024-05-13,19,clear,32.3
3919,6,2024-05-14,12,clear,28.5
3920,6,2024-05-14,19,clear,29.1
3921,6,2024-05-15,12,heatwave,32.8
3922,6,2024-05-15,19,clear,33.8
3923,6,2024-05-16,12,clear,24.3
3924,6,2024-05-16,19,clear,38.4
3925,6,2024-05-17,12,clear,40.8
3926,6,2024-05-17,19,rain,28.0
3927,6,2024-05-18,12,heatwave,21.6
3928,6,2024-05-18,19,clear,27.2
3929,6,2024-05-19,12,clear,30.4
3930,6,2024-05-19,19,clear,26.1
3931,6,2024-05-20,12,clear,32.4
3932,6,2024-05-20,19,clear,31.5
3933,6,2024-05-21,12,clear,31.4
3934,6,2024-05-21,19,clear,28.7
3935,6,2024-05-22,12,clear,27.3
3936,6,2024-05-22,19,clear,36.0
3937,6,2024-05-23,12,clear,30.6
3938,6,2024-05-23,19,clear,33.2
3939,6,2024-05-24,12,clear,38.3
3940,6,2024-05-24,19,clear,28.9
3941,6,2024-05-25,12,clear,33.4
3942,6,2024-05-25,19,clear,35.0
3943,6,2024-05-26,12,clear,15.3
3944,6,2024-05-26,19,rain,30.2
3945,6,2024-05-27,12,clear,25.8
3946,6,2024-05-27,19,clear,35.4
3947,6,2024-05-28,12,clear,33.9
3948,6,2024-05-28,19,heavy_rain,35.4
3949,6,2024-05-29,12,clear,36.6
3950,6,2024-05-29,19,clear,32.6
3951,6,2024-05-30,12,clear,28.1
3952,6,2024-05-30,19,heavy_rain,20.1
3953,6,2024-05-31,12,clear,28.0
3954,6,2024-05-31,19,clear,33.5
3955,6,2024-06-01,12,clear,36.0
3956,6,2024-06-01,19,clear,27.7
3957,6,2024-06-02,12,clear,33.3
3958,6,2024-06-02,19,rain,30.7
3959,6,2024-06-03,12,heavy_rain,34.1
3960,6,2024-06-03,19,clear,35.8
3961,6,2024-06-04,12,heavy_rain,35.7
3962,6,2024-06-04,19,clear,27.0
3963,6,2024-06-05,12,heatwave,30.8
3964,6,2024-06-05,19,rain,33.5
3965,6,2024-06-06,12,clear,27.9
3966,6,2024-06-06,19,rain,36.4
3967,6,2024-06-07,12,clear,25.2
3968,6,2024-06-07,19,clear,32.0
3969,6,2024-06-08,12,clear,26.9
3970,6,2024-06-08,19,clear,31.3
3971,6,2024-06-09,12,clear,34.3
3972,6,2024-06-09,19,heavy_rain,30.2
3973,6,2024-06-10,12,clear,36.5
3974,6,2024-06-10,19,clear,27.5
3975,6,2024-06-11,12,rain,30.8
3976,6,2024-06-11,19,clear,33.5
3977,6,2024-06-12,12,clear,31.6
3978,6,2024-06-12,19,heavy_rain,27.8
3979,6,2024-06-13,12,clear,31.8
3980,6,2024-06-13,19,rain,33.1
3981,6,2024-06-14,12,heavy_rain,23.1
3982,6,2024-06-14,19,clear,27.3
3983,6,2024-06-15,12,clear,28.1
3984,6,2024-06-15,19,clear,38.3
3985,6,2024-06-16,12,rain,28.7
3986,6,2024-06-16,19,rain,29.5
3987,6,2024-06-17,12,clear,27.9
3988,6,2024-06-17,19,heavy_rain,27.6
3989,6,2024-06-18,12,clear,27.0
3990,6,2024-06-18,19,heavy_rain,23.9
3991,6,2024-06-19,12,clear,29.8
3992,6,2024-06-19,19,clear,33.8
3993,6,2024-06-20,12,rain,35.5
3994,6,2024-06-20,19,heavy_rain,28.5
3995,6,2024-06-21,12,clear,30.0
3996,6,2024-06-21,19,clear,26.2
3997,6,2024-06-22,12,clear,25.3
3998,6,2024-06-22,19,clear,31.8
3999,6,2024-06-23,12,rain,34.0
4000,6,2024-06-23,19,clear,27.0
4001,6,2024-06-24,12,clear,34.4
4002,6,2024-06-24,19,clear,28.2
4003,6,2024-06-25,12,clear,34.6
4004,6,2024-06-25,19,rain,32.4
4005,6,2024-06-26,12,clear,25.8
4006,6,2024-06-26,19,rain,29.9
4007,6,2024-06-27,12,rain,30.9
4008,6,2024-06-27,19,clear,44.8
4009,6,2024-06-28,12,clear,29.5
4010,6,2024-06-28,19,clear,37.6
4011,6,2024-06-29,12,clear,33.1
4012,6,2024-06-29,19,heatwave,23.0
4013,6,2024-06-30,12,clear,27.6
4014,6,2024-06-30,19,clear,30.1
4015,6,2024-07-01,12,clear,30.9
4016,6,2024-07-01,19,rain,28.7
4017,6,2024-07-02,12,clear,24.8
4018,6,2024-07-02,19,rain,28.4
4019,6,2024-07-03,12,clear,28.7
4020,6,2024-07-03,19,clear,26.2
4021,6,2024-07-04,12,clear,33.5
4022,6,2024-07-04,19,clear,26.0
4023,6,2024-07-05,12,clear,32.2
4024,6,2024-07-05,19,clear,26.1
4025,6,2024-07-06,12,clear,26.7
4026,6,2024-07-06,19,clear,28.5
4027,6,2024-07-07,12,rain,27.7
4028,6,2024-07-07,19,clear,31.5
4029,6,2024-07-08,12,rain,29.7
4030,6,2024-07-08,19,rain,33.0
4031,6,2024-07-09,12,clear,40.5
4032,6,2024-07-09,19,heatwave,42.6
4033,6,2024-07-10,12,heavy_rain,32.6
4034,6,2024-07-10,19,clear,25.5
4035,6,2024-07-11,12,clear,32.4
4036,6,2024-07-11,19,heavy_rain,19.9
4037,6,2024-07-12,12,clear,32.5
4038,6,2024-07-12,19,clear,28.0
4039,6,2024-07-13,12,rain,24.2
4040,6,2024-07-13,19,clear,31.6
4041,6,2024-07-14,12,clear,29.6
4042,6,2024-07-14,19,clear,29.9
4043,6,2024-07-15,12,clear,31.3
4044,6,2024-07-15,19,heatwave,25.4
4045,6,2024-07-16,12,clear,25.7
4046,6,2024-07-16,19,rain,24.5
4047,6,2024-07-17,12,rain,30.7
4048,6,2024-07-17,19,clear,24.6
4049,6,2024-07-18,12,clear,33.0
4050,6,2024-07-18,19,clear,35.3
4051,6,2024-07-19,12,rain,40.2
4052,6,2024-07-19,19,rain,23.9
4053,6,2024-07-20,12,clear,26.6
4054,6,2024-07-20,19,clear,30.9
4055,6,2024-07-21,12,clear,25.9
4056,6,2024-07-21,19,clear,27.4
4057,6,2024-07-22,12,clear,27.6
4058,6,2024-07-22,19,clear,23.1
4059,6,2024-07-23,12,clear,31.1
4060,6,2024-07-23,19,clear,30.3
4061,6,2024-07-24,12,clear,37.9
4062,6,2024-07-24,19,heavy_rain,35.8
4063,6,2024-07-25,12,rain,19.0
4064,6,2024-07-25,19,clear,30.9
4065,6,2024-07-26,12,rain,22.0
4066,6,2024-07-26,19,rain,34.3
4067,6,2024-07-27,12,clear,27.0
4068,6,2024-07-27,19,rain,28.8
4069,6,2024-07-28,12,clear,26.9
4070,6,2024-07-28,19,heavy_rain,31.0
4071,6,2024-07-29,12,clear,30.8
4072,6,2024-07-29,19,rain,25.8
4073,6,2024-07-30,12,clear,34.6
4074,6,2024-07-30,19,clear,19.5
4075,6,2024-07-31,12,clear,23.0
4076,6,2024-07-31,19,rain,31.0
4077,6,2024-08-01,12,clear,24.8
4078,6,2024-08-01,19,rain,20.0
4079,6,2024-08-02,12,clear,33.0
4080,6,2024-08-02,19,rain,31.1
4081,6,2024-08-03,12,clear,41.4
4082,6,2024-08-03,19,rain,38.9
4083,6,2024-08-04,12,clear,27.5
4084,6,2024-08-04,19,rain,34.5
4085,6,2024-08-05,12,rain,27.7
4086,6,2024-08-05,19,clear,29.9
4087,6,2024-08-06,12,heavy_rain,21.1
4088,6,2024-08-06,19,clear,33.3
4089,6,2024-08-07,12,heavy_rain,32.3
4090,6,2024-08-07,19,clear,35.0
4091,6,2024-08-08,12,clear,29.8
4092,6,2024-08-08,19,rain,32.7
4093,6,2024-08-09,12,rain,32.6
4094,6,2024-08-09,19,heavy_rain,30.4
4095,6,2024-08-10,12,rain,32.7
4096,6,2024-08-10,19,rain,26.0
4097,6,2024-08-11,12,clear,29.9
4098,6,2024-08-11,19,clear,24.5
4099,6,2024-08-12,12,clear,27.2
4100,6,2024-08-12,19,heatwave,30.5
4101,6,2024-08-13,12,clear,18.0
4102,6,2024-08-13,19,rain,31.6
4103,6,2024-08-14,12,clear,31.2
4104,6,2024-08-14,19,clear,34.9
4105,6,2024-08-15,12,clear,31.2
4106,6,2024-08-15,19,clear,29.0
4107,6,2024-08-16,12,clear,33.4
4108,6,2024-08-16,19,clear,26.0
4109,6,2024-08-17,12,clear,17.9
4110,6,2024-08-17,19,rain,31.0
4111,6,2024-08-18,12,rain,15.6
4112,6,2024-08-18,19,heavy_rain,28.9
4113,6,2024-08-19,12,heavy_rain,29.4
4114,6,2024-08-19,19,heavy_rain,34.5
4115,6,2024-08-20,12,heavy_rain,36.1
4116,6,2024-08-20,19,clear,27.0
4117,6,2024-08-21,12,rain,34.2
4118,6,2024-08-21,19,clear,38.3
4119,6,2024-08-22,12,clear,28.0
4120,6,2024-08-22,19,rain,32.3
4121,6,2024-08-23,12,rain,24.7
4122,6,2024-08-23,19,rain,25.1
4123,6,2024-08-24,12,clear,36.6
4124,6,2024-08-24,19,clear,38.7
4125,6,2024-08-25,12,clear,22.5
4126,6,2024-08-25,19,clear,38.1
4127,6,2024-08-26,12,clear,20.5
4128,6,2024-08-26,19,rain,26.4
4129,6,2024-08-27,12,clear,28.2
4130,6,2024-08-27,19,rain,36.5
4131,6,2024-08-28,12,heavy_rain,26.5
4132,6,2024-08-28,19,heavy_rain,34.0
4133,6,2024-08-29,12,rain,27.4
4134,6,2024-08-29,19,clear,30.1
4135,6,2024-08-30,12,rain,38.4
4136,6,2024-08-30,19,rain,36.4
4137,6,2024-08-31,12,clear,32.7
4138,6,2024-08-31,19,clear,28.8
4139,6,2024-09-01,12,clear,30.4
4140,6,2024-09-01,19,clear,30.1
4141,6,2024-09-02,12,clear,27.3
4142,6,2024-09-02,19,clear,29.0
4143,6,2024-09-03,12,rain,29.6
4144,6,2024-09-03,19,clear,24.5
4145,6,2024-09-04,12,heavy_rain,25.1
4146,6,2024-09-04,19,rain,34.7
4147,6,2024-09-05,12,rain,26.5
4148,6,2024-09-05,19,heatwave,31.8
4149,6,2024-09-06,12,clear,32.2
4150,6,2024-09-06,19,rain,27.6
4151,6,2024-09-07,12,clear,29.2
4152,6,2024-09-07,19,rain,33.7
4153,6,2024-09-08,12,clear,33.5
4154,6,2024-09-08,19,clear,27.6
4155,6,2024-09-09,12,clear,28.8
4156,6,2024-09-09,19,clear,29.9
4157,6,2024-09-10,12,clear,24.4
4158,6,2024-09-10,19,heavy_rain,27.1
4159,6,2024-09-11,12,clear,21.9
4160,6,2024-09-11,19,clear,28.1
4161,6,2024-09-12,12,clear,34.3
4162,6,2024-09-12,19,clear,31.3
4163,6,2024-09-13,12,clear,34.5
4164,6,2024-09-13,19,clear,24.4
4165,6,2024-09-14,12,clear,23.6
4166,6,2024-09-14,19,heavy_rain,29.1
4167,6,2024-09-15,12,clear,32.2
4168,6,2024-09-15,19,clear,30.8
4169,6,2024-09-16,12,clear,23.0
4170,6,2024-09-16,19,clear,28.0
4171,6,2024-09-17,12,heavy_rain,32.3
4172,6,2024-09-17,19,rain,32.2
4173,6,2024-09-18,12,clear,32.8
4174,6,2024-09-18,19,clear,34.8
4175,6,2024-09-19,12,clear,28.6
4176,6,2024-09-19,19,clear,30.6
4177,6,2024-09-20,12,clear,25.5
4178,6,2024-09-20,19,clear,27.5
4179,6,2024-09-21,12,heatwave,27.5
4180,6,2024-09-21,19,clear,30.1
4181,6,2024-09-22,12,clear,28.7
4182,6,2024-09-22,19,rain,46.2
4183,6,2024-09-23,12,clear,28.7
4184,6,2024-09-23,19,clear,34.0
4185,6,2024-09-24,12,clear,26.2
4186,6,2024-09-24,19,clear,31.8
4187,6,2024-09-25,12,rain,34.1
4188,6,2024-09-25,19,heavy_rain,36.2
4189,6,2024-09-26,12,clear,26.3
4190,6,2024-09-26,19,clear,41.4
4191,6,2024-09-27,12,heavy_rain,27.0
4192,6,2024-09-27,19,clear,26.2
4193,6,2024-09-28,12,rain,31.9
4194,6,2024-09-28,19,clear,30.8
4195,6,2024-09-29,12,clear,28.3
4196,6,2024-09-29,19,clear,29.2
4197,6,2024-09-30,12,clear,29.4
4198,6,2024-09-30,19,clear,29.0
4199,6,2024-10-01,12,clear,25.8
4200,6,2024-10-01,19,clear,24.8
4201,6,2024-10-02,12,clear,35.7
4202,6,2024-10-02,19,heatwave,30.2
4203,6,2024-10-03,12,clear,38.0
4204,6,2024-10-03,19,heatwave,26.7
4205,6,2024-10-04,12,heatwave,28.9
4206,6,2024-10-04,19,rain,40.4
4207,6,2024-10-05,12,clear,27.9
4208,6,2024-10-05,19,clear,19.0
4209,6,2024-10-06,12,clear,24.1
4210,6,2024-10-06,19,clear,24.0
4211,6,2024-10-07,12,clear,29.1
4212,6,2024-10-07,19,clear,27.9
4213,6,2024-10-08,12,clear,30.2
4214,6,2024-10-08,19,clear,33.3
4215,6,2024-10-09,12,clear,38.4
4216,6,2024-10-09,19,clear,24.5
4217,6,2024-10-10,12,clear,27.0
4218,6,2024-10-10,19,clear,28.0
4219,6,2024-10-11,12,clear,30.4
4220,6,2024-10-11,19,clear,26.1
4221,6,2024-10-12,12,clear,30.6
4222,6,2024-10-12,19,rain,25.3
4223,6,2024-10-13,12,clear,31.4
4224,6,2024-10-13,19,clear,32.2
4225,6,2024-10-14,12,clear,20.5
4226,6,2024-10-14,19,clear,28.9
4227,6,2024-10-15,12,clear,30.2
4228,6,2024-10-15,19,clear,30.7
4229,6,2024-10-16,12,clear,35.9
4230,6,2024-10-16,19,clear,31.3
4231,6,2024-10-17,12,clear,37.5
4232,6,2024-10-17,19,clear,27.3
4233,6,2024-10-18,12,clear,28.1
4234,6,2024-10-18,19,clear,36.1
4235,6,2024-10-19,12,clear,23.2
4236,6,2024-10-19,19,clear,28.6
4237,6,2024-10-20,12,clear,33.2
4238,6,2024-10-20,19,clear,24.1
4239,6,2024-10-21,12,clear,29.4
4240,6,2024-10-21,19,clear,35.0
4241,6,2024-10-22,12,clear,38.7
4242,6,2024-10-22,19,clear,30.0
4243,6,2024-10-23,12,rain,33.0
4244,6,2024-10-23,19,clear,37.3
4245,6,2024-10-24,12,clear,24.4
4246,6,2024-10-24,19,clear,25.7
4247,6,2024-10-25,12,clear,24.5
4248,6,2024-10-25,19,clear,28.9
4249,6,2024-10-26,12,clear,36.6
4250,6,2024-10-26,19,clear,30.0
4251,6,2024-10-27,12,clear,25.2
4252,6,2024-10-27,19,clear,31.4
4253,6,2024-10-28,12,clear,26.9
4254,6,2024-10-28,19,clear,28.2
4255,6,2024-10-29,12,clear,22.4
4256,6,2024-10-29,19,clear,30.6
4257,6,2024-10-30,12,clear,26.3
4258,6,2024-10-30,19,clear,27.5
4259,6,2024-10-31,12,clear,37.8
4260,6,2024-10-31,19,clear,16.2
4261,6,2024-11-01,12,clear,32.4
4262,6,2024-11-01,19,clear,23.8
4263,6,2024-11-02,12,clear,26.8
4264,6,2024-11-02,19,clear,29.9
4265,6,2024-11-03,12,clear,18.9
4266,6,2024-11-03,19,clear,32.9
4267,6,2024-11-04,12,clear,30.9
4268,6,2024-11-04,19,clear,34.8
4269,6,2024-11-05,12,clear,18.7
4270,6,2024-11-05,19,clear,29.4
4271,6,2024-11-06,12,clear,35.2
4272,6,2024-11-06,19,rain,32.0
4273,6,2024-11-07,12,clear,32.2
4274,6,2024-11-07,19,clear,23.9
4275,6,2024-11-08,12,clear,32.1
4276,6,2024-11-08,19,clear,30.5
4277,6,2024-11-09,12,clear,28.7
4278,6,2024-11-09,19,rain,32.4
4279,6,2024-11-10,12,clear,30.1
4280,6,2024-11-10,19,clear,27.3
4281,6,2024-11-11,12,clear,34.1
4282,6,2024-11-11,19,clear,40.4
4283,6,2024-11-12,12,clear,34.2
4284,6,2024-11-12,19,clear,26.3
4285,6,2024-11-13,12,clear,36.9
4286,6,2024-11-13,19,clear,29.0
4287,6,2024-11-14,12,clear,32.8
4288,6,2024-11-14,19,clear,29.8
4289,6,2024-11-15,12,clear,38.5
4290,6,2024-11-15,19,clear,30.3
4291,6,2024-11-16,12,clear,25.1
4292,6,2024-11-16,19,clear,31.9
4293,6,2024-11-17,12,clear,35.3
4294,6,2024-11-17,19,clear,24.2
4295,6,2024-11-18,12,clear,31.2
4296,6,2024-11-18,19,clear,35.2
4297,6,2024-11-19,12,clear,29.6
4298,6,2024-11-19,19,clear,33.1
4299,6,2024-11-20,12,clear,38.7
4300,6,2024-11-20,19,clear,27.0
4301,6,2024-11-21,12,heavy_rain,24.0
4302,6,2024-11-21,19,clear,29.3
4303,6,2024-11-22,12,clear,22.2
4304,6,2024-11-22,19,clear,23.2
4305,6,2024-11-23,12,clear,34.3
4306,6,2024-11-23,19,clear,27.8
4307,6,2024-11-24,12,heatwave,27.4
4308,6,2024-11-24,19,clear,29.2
4309,6,2024-11-25,12,clear,28.2
4310,6,2024-11-25,19,clear,29.2
4311,6,2024-11-26,12,clear,21.6
4312,6,2024-11-26,19,clear,22.8
4313,6,2024-11-27,12,clear,32.2
4314,6,2024-11-27,19,heatwave,40.3
4315,6,2024-11-28,12,clear,31.9
4316,6,2024-11-28,19,clear,30.9
4317,6,2024-11-29,12,rain,32.9
4318,6,2024-11-29,19,clear,27.7
4319,6,2024-11-30,12,heatwave,31.9
4320,6,2024-11-30,19,clear,47.5
4321,6,2024-12-01,12,clear,41.9
4322,6,2024-12-01,19,clear,24.3
4323,6,2024-12-02,12,clear,27.1
4324,6,2024-12-02,19,rain,32.4
4325,6,2024-12-03,12,clear,24.4
4326,6,2024-12-03,19,clear,32.9
4327,6,2024-12-04,12,clear,33.5
4328,6,2024-12-04,19,clear,29.7
4329,6,2024-12-05,12,clear,24.7
4330,6,2024-12-05,19,clear,31.5
4331,6,2024-12-06,12,clear,32.7
4332,6,2024-12-06,19,clear,27.5
4333,6,2024-12-07,12,rain,28.4
4334,6,2024-12-07,19,clear,31.1
4335,6,2024-12-08,12,clear,30.8
4336,6,2024-12-08,19,clear,23.5
4337,6,2024-12-09,12,clear,33.5
4338,6,2024-12-09,19,clear,36.9
4339,6,2024-12-10,12,rain,19.1
4340,6,2024-12-10,19,clear,30.9
4341,6,2024-12-11,12,clear,27.1
4342,6,2024-12-11,19,clear,34.5
4343,6,2024-12-12,12,clear,34.2
4344,6,2024-12-12,19,clear,24.0
4345,6,2024-12-13,12,clear,27.8
4346,6,2024-12-13,19,clear,31.4
4347,6,2024-12-14,12,clear,27.6
4348,6,2024-12-14,19,clear,34.8
4349,6,2024-12-15,12,clear,39.4
4350,6,2024-12-15,19,clear,27.1
4351,6,2024-12-16,12,rain,26.2
4352,6,2024-12-16,19,clear,25.3
4353,6,2024-12-17,12,clear,27.2
4354,6,2024-12-17,19,rain,38.5
4355,6,2024-12-18,12,clear,38.3
4356,6,2024-12-18,19,clear,36.6
4357,6,2024-12-19,12,heavy_rain,30.6
4358,6,2024-12-19,19,clear,43.0
4359,6,2024-12-20,12,clear,30.6
4360,6,2024-12-20,19,clear,31.5
4361,6,2024-12-21,12,clear,30.1
4362,6,2024-12-21,19,clear,32.2
4363,6,2024-12-22,12,clear,32.1
4364,6,2024-12-22,19,heatwave,29.8
4365,6,2024-12-23,12,rain,29.7
4366,6,2024-12-23,19,clear,28.1
4367,6,2024-12-24,12,rain,30.5
4368,6,2024-12-24,19,clear,30.2
4369,6,2024-12-25,12,clear,25.7
4370,6,2024-12-25,19,clear,32.4
4371,6,2024-12-26,12,clear,36.0
4372,6,2024-12-26,19,clear,34.5
4373,6,2024-12-27,12,rain,21.9
4374,6,2024-12-27,19,clear,26.9
4375,6,2024-12-28,12,clear,28.0
4376,6,2024-12-28,19,clear,23.2
4377,6,2024-12-29,12,clear,40.5
4378,6,2024-12-29,19,clear,28.0
4379,6,2024-12-30,12,clear,33.2
4380,6,2024-12-30,19,clear,36.8
4381,7,2024-01-01,12,clear,40.6
4382,7,2024-01-01,19,clear,24.6
4383,7,2024-01-02,12,clear,34.6
4384,7,2024-01-02,19,clear,24.6
4385,7,2024-01-03,12,clear,17.8
4386,7,2024-01-03,19,clear,37.9
4387,7,2024-01-04,12,rain,32.7
4388,7,2024-01-04,19,clear,29.8
4389,7,2024-01-05,12,clear,27.9
4390,7,2024-01-05,19,heatwave,37.6
4391,7,2024-01-06,12,clear,29.0
4392,7,2024-01-06,19,clear,22.4
4393,7,2024-01-07,12,clear,31.9
4394,7,2024-01-07,19,clear,29.6
4395,7,2024-01-08,12,clear,27.6
4396,7,2024-01-08,19,clear,34.6
4397,7,2024-01-09,12,clear,32.5
4398,7,2024-01-09,19,clear,36.2
4399,7,2024-01-10,12,heavy_rain,30.9
4400,7,2024-01-10,19,rain,26.2
4401,7,2024-01-11,12,heatwave,26.4
4402,7,2024-01-11,19,clear,22.6
4403,7,2024-01-12,12,clear,23.2
4404,7,2024-01-12,19,clear,26.4
4405,7,2024-01-13,12,clear,31.3
4406,7,2024-01-13,19,clear,30.3
4407,7,2024-01-14,12,clear,34.8
4408,7,2024-01-14,19,clear,27.6
4409,7,2024-01-15,12,rain,31.1
4410,7,2024-01-15,19,clear,36.7
4411,7,2024-01-16,12,clear,30.3
4412,7,2024-01-16,19,clear,25.7
4413,7,2024-01-17,12,rain,24.2
4414,7,2024-01-17,19,clear,36.5
4415,7,2024-01-18,12,clear,33.2
4416,7,2024-01-18,19,clear,26.5
4417,7,2024-01-19,12,clear,29.0
4418,7,2024-01-19,19,clear,28.3
4419,7,2024-01-20,12,clear,26.1
4420,7,2024-01-20,19,clear,32.4
4421,7,2024-01-21,12,clear,32.7
4422,7,2024-01-21,19,clear,40.4
4423,7,2024-01-22,12,clear,30.5
4424,7,2024-01-22,19,clear,35.1
4425,7,2024-01-23,12,clear,33.9
4426,7,2024-01-23,19,clear,31.8
4427,7,2024-01-24,12,clear,18.1
4428,7,2024-01-24,19,clear,24.8
4429,7,2024-01-25,12,clear,30.4
4430,7,2024-01-25,19,clear,34.2
4431,7,2024-01-26,12,clear,33.2
4432,7,2024-01-26,19,clear,29.8
4433,7,2024-01-27,12,clear,21.4
4434,7,2024-01-27,19,clear,31.4
4435,7,2024-01-28,12,clear,26.8
4436,7,2024-01-28,19,clear,30.6
4437,7,2024-01-29,12,clear,34.2
4438,7,2024-01-29,19,clear,22.8
4439,7,2024-01-30,12,clear,37.0
4440,7,2024-01-30,19,clear,37.1
4441,7,2024-01-31,12,clear,31.0
4442,7,2024-01-31,19,clear,31.6
4443,7,2024-02-01,12,clear,36.1
4444,7,2024-02-01,19,clear,25.0
4445,7,2024-02-02,12,clear,33.0
4446,7,2024-02-02,19,clear,10.5
4447,7,2024-02-03,12,clear,28.5
4448,7,2024-02-03,19,clear,41.3
4449,7,2024-02-04,12,clear,25.4
4450,7,2024-02-04,19,clear,35.1
4451,7,2024-02-05,12,clear,21.4
4452,7,2024-02-05,19,clear,34.3
4453,7,2024-02-06,12,clear,29.2
4454,7,2024-02-06,19,clear,26.5
4455,7,2024-02-07,12,clear,38.3
4456,7,2024-02-07,19,clear,23.8
4457,7,2024-02-08,12,clear,30.0
4458,7,2024-02-08,19,clear,26.2
4459,7,2024-02-09,12,clear,36.7
4460,7,2024-02-09,19,clear,26.7
4461,7,2024-02-10,12,clear,28.6
4462,7,2024-02-10,19,rain,29.3
4463,7,2024-02-11,12,clear,23.0
4464,7,2024-02-11,19,clear,30.7
4465,7,2024-02-12,12,clear,30.6
4466,7,2024-02-12,19,clear,31.7
4467,7,2024-02-13,12,clear,38.5
4468,7,2024-02-13,19,clear,27.2
4469,7,2024-02-14,12,clear,29.7
4470,7,2024-02-14,19,clear,30.9
4471,7,2024-02-15,12,clear,28.4
4472,7,2024-02-15,19,clear,23.9
4473,7,2024-02-16,12,clear,29.1
4474,7,2024-02-16,19,clear,26.4
4475,7,2024-02-17,12,clear,29.4
4476,7,2024-02-17,19,clear,27.2
4477,7,2024-02-18,12,clear,27.2
4478,7,2024-02-18,19,clear,22.5
4479,7,2024-02-19,12,clear,24.9
4480,7,2024-02-19,19,clear,33.2
4481,7,2024-02-20,12,clear,28.3
4482,7,2024-02-20,19,clear,25.4
4483,7,2024-02-21,12,clear,37.4
4484,7,2024-02-21,19,clear,28.7
4485,7,2024-02-22,12,rain,35.2
4486,7,2024-02-22,19,clear,28.1
4487,7,2024-02-23,12,clear,34.3
4488,7,2024-02-23,19,clear,27.3
4489,7,2024-02-24,12,heatwave,36.7
4490,7,2024-02-24,19,clear,23.6
4491,7,2024-02-25,12,clear,30.4
4492,7,2024-02-25,19,clear,24.7
4493,7,2024-02-26,12,heavy_rain,32.9
4494,7,2024-02-26,19,clear,37.2
4495,7,2024-02-27,12,clear,29.3
4496,7,2024-02-27,19,heatwave,31.3
4497,7,2024-02-28,12,clear,25.9
4498,7,2024-02-28,19,clear,27.6
4499,7,2024-02-29,12,clear,22.9
4500,7,2024-02-29,19,heavy_rain,29.8
4501,7,2024-03-01,12,heatwave,29.8
4502,7,2024-03-01,19,clear,30.8
4503,7,2024-03-02,12,clear,34.9
4504,7,2024-03-02,19,clear,26.1
4505,7,2024-03-03,12,clear,25.8
4506,7,2024-03-03,19,clear,37.7
4507,7,2024-03-04,12,clear,31.7
4508,7,2024-03-04,19,clear,28.5
4509,7,2024-03-05,12,clear,38.3
4510,7,2024-03-05,19,clear,33.8
4511,7,2024-03-06,12,clear,32.7
4512,7,2024-03-06,19,clear,37.4
4513,7,2024-03-07,12,clear,27.9
4514,7,2024-03-07,19,clear,30.6
4515,7,2024-03-08,12,clear,28.8
4516,7,2024-03-08,19,clear,30.2
4517,7,2024-03-09,12,clear,29.3
4518,7,2024-03-09,19,clear,38.3
4519,7,2024-03-10,12,clear,26.6
4520,7,2024-03-10,19,clear,24.1
4521,7,2024-03-11,12,clear,34.1
4522,7,2024-03-11,19,clear,37.5
4523,7,2024-03-12,12,clear,37.9
4524,7,2024-03-12,19,clear,37.8
4525,7,2024-03-13,12,clear,34.7
4526,7,2024-03-13,19,rain,30.9
4527,7,2024-03-14,12,clear,33.8
4528,7,2024-03-14,19,clear,27.7
4529,7,2024-03-15,12,clear,32.5
4530,7,2024-03-15,19,clear,30.7
4531,7,2024-03-16,12,clear,33.5
4532,7,2024-03-16,19,heatwave,30.4
4533,7,2024-03-17,12,clear,33.2
4534,7,2024-03-17,19,clear,41.6
4535,7,2024-03-18,12,clear,35.7
4536,7,2024-03-18,19,clear,27.7
4537,7,2024-03-19,12,clear,33.9
4538,7,2024-03-19,19,clear,26.2
4539,7,2024-03-20,12,clear,28.5
4540,7,2024-03-20,19,clear,25.7
4541,7,2024-03-21,12,clear,40.9
4542,7,2024-03-21,19,heatwave,25.3
4543,7,2024-03-22,12,clear,18.2
4544,7,2024-03-22,19,clear,24.6
4545,7,2024-03-23,12,clear,28.4
4546,7,2024-03-23,19,clear,31.2
4547,7,2024-03-24,12,clear,30.9
4548,7,2024-03-24,19,clear,22.5
4549,7,2024-03-25,12,clear,28.8
4550,7,2024-03-25,19,clear,37.0
4551,7,2024-03-26,12,heatwave,20.4
4552,7,2024-03-26,19,heatwave,31.9
4553,7,2024-03-27,12,clear,35.2
4554,7,2024-03-27,19,clear,30.8
4555,7,2024-03-28,12,clear,34.7
4556,7,2024-03-28,19,clear,26.1
4557,7,2024-03-29,12,clear,35.5
4558,7,2024-03-29,19,rain,31.3
4559,7,2024-03-30,12,clear,36.8
4560,7,2024-03-30,19,clear,27.0
4561,7,2024-03-31,12,clear,40.3
4562,7,2024-03-31,19,clear,26.8
4563,7,2024-04-01,12,clear,31.8
4564,7,2024-04-01,19,clear,30.4
4565,7,2024-04-02,12,rain,29.1
4566,7,2024-04-02,19,clear,34.2
4567,7,2024-04-03,12,clear,27.0
4568,7,2024-04-03,19,clear,29.9
4569,7,2024-04-04,12,clear,27.2
4570,7,2024-04-04,19,clear,28.0
4571,7,2024-04-05,12,clear,37.8
4572,7,2024-04-05,19,clear,26.6
4573,7,2024-04-06,12,clear,34.7
4574,7,2024-04-06,19,clear,28.8
4575,7,2024-04-07,12,clear,34.2
4576,7,2024-04-07,19,clear,26.8
4577,7,2024-04-08,12,clear,32.0
4578,7,2024-04-08,19,clear,34.4
4579,7,2024-04-09,12,clear,25.8
4580,7,2024-04-09,19,clear,23.0
4581,7,2024-04-10,12,clear,34.1
4582,7,2024-04-10,19,clear,29.0
4583,7,2024-04-11,12,clear,32.6
4584,7,2024-04-11,19,clear,27.7
4585,7,2024-04-12,12,clear,28.7
4586,7,2024-04-12,19,clear,26.0
4587,7,2024-04-13,12,clear,28.6
4588,7,2024-04-13,19,clear,26.5
4589,7,2024-04-14,12,clear,33.1
4590,7,2024-04-14,19,clear,27.5
4591,7,2024-04-15,12,clear,28.9
4592,7,2024-04-15,19,clear,28.9
4593,7,2024-04-16,12,clear,30.7
4594,7,2024-04-16,19,clear,27.0
4595,7,2024-04-17,12,clear,21.3
4596,7,2024-04-17,19,clear,27.1
4597,7,2024-04-18,12,clear,23.4
4598,7,2024-04-18,19,clear,34.6
4599,7,2024-04-19,12,clear,30.6
4600,7,2024-04-19,19,clear,28.4
4601,7,2024-04-20,12,rain,22.1
4602,7,2024-04-20,19,clear,32.6
4603,7,2024-04-21,12,clear,28.0
4604,7,2024-04-21,19,clear,30.3
4605,7,2024-04-22,12,clear,28.5
4606,7,2024-04-22,19,clear,24.0
4607,7,2024-04-23,12,clear,34.9
4608,7,2024-04-23,19,clear,32.3
4609,7,2024-04-24,12,clear,35.7
4610,7,2024-04-24,19,clear,27.3
4611,7,2024-04-25,12,clear,22.5
4612,7,2024-04-25,19,clear,22.1
4613,7,2024-04-26,12,clear,39.5
4614,7,2024-04-26,19,clear,19.5
4615,7,2024-04-27,12,clear,32.1
4616,7,2024-04-27,19,clear,34.4
4617,7,2024-04-28,12,clear,35.7
4618,7,2024-04-28,19,clear,22.1
4619,7,2024-04-29,12,clear,29.8
4620,7,2024-04-29,19,clear,32.0
4621,7,2024-04-30,12,clear,27.9
4622,7,2024-04-30,19,clear,32.9
4623,7,2024-05-01,12,clear,34.2
4624,7,2024-05-01,19,clear,29.2
4625,7,2024-05-02,12,clear,35.4
4626,7,2024-05-02,19,heatwave,34.7
4627,7,2024-05-03,12,clear,36.4
4628,7,2024-05-03,19,clear,27.9
4629,7,2024-05-04,12,rain,24.4
4630,7,2024-05-04,19,clear,39.3
4631,7,2024-05-05,12,clear,20.7
4632,7,2024-05-05,19,clear,31.5
4633,7,2024-05-06,12,clear,22.6
4634,7,2024-05-06,19,clear,27.0
4635,7,2024-05-07,12,clear,26.6
4636,7,2024-05-07,19,clear,40.2
4637,7,2024-05-08,12,clear,34.0
4638,7,2024-05-08,19,clear,29.0
4639,7,2024-05-09,12,clear,31.5
4640,7,2024-05-09,19,clear,34.3
4641,7,2024-05-10,12,clear,34.1
4642,7,2024-05-10,19,heavy_rain,21.7
4643,7,2024-05-11,12,clear,30.4
4644,7,2024-05-11,19,clear,33.5
4645,7,2024-05-12,12,clear,34.3
4646,7,2024-05-12,19,clear,22.3
4647,7,2024-05-13,12,clear,37.1
4648,7,2024-05-13,19,heavy_rain,31.8
4649,7,2024-05-14,12,clear,28.2
4650,7,2024-05-14,19,clear,22.8
4651,7,2024-05-15,12,heatwave,32.3
4652,7,2024-05-15,19,clear,33.0
4653,7,2024-05-16,12,clear,28.9
4654,7,2024-05-16,19,clear,28.8
4655,7,2024-05-17,12,clear,29.5
4656,7,2024-05-17,19,clear,30.2
4657,7,2024-05-18,12,rain,30.3
4658,7,2024-05-18,19,rain,26.8
4659,7,2024-05-19,12,clear,36.0
4660,7,2024-05-19,19,clear,32.0
4661,7,2024-05-20,12,clear,26.5
4662,7,2024-05-20,19,clear,40.6
4663,7,2024-05-21,12,clear,38.2
4664,7,2024-05-21,19,clear,33.4
4665,7,2024-05-22,12,clear,34.2
4666,7,2024-05-22,19,clear,29.3
4667,7,2024-05-23,12,clear,28.1
4668,7,2024-05-23,19,clear,37.3
4669,7,2024-05-24,12,clear,38.2
4670,7,2024-05-24,19,clear,31.8
4671,7,2024-05-25,12,clear,42.9
4672,7,2024-05-25,19,clear,36.1
4673,7,2024-05-26,12,clear,33.2
4674,7,2024-05-26,19,clear,27.2
4675,7,2024-05-27,12,clear,37.8
4676,7,2024-05-27,19,clear,29.0
4677,7,2024-05-28,12,clear,30.9
4678,7,2024-05-28,19,clear,32.4
4679,7,2024-05-29,12,clear,38.9
4680,7,2024-05-29,19,heavy_rain,23.7
4681,7,2024-05-30,12,clear,31.3
4682,7,2024-05-30,19,clear,32.4
4683,7,2024-05-31,12,clear,26.0
4684,7,2024-05-31,19,clear,38.7
4685,7,2024-06-01,12,clear,37.0
4686,7,2024-06-01,19,heavy_rain,27.9
4687,7,2024-06-02,12,clear,33.6
4688,7,2024-06-02,19,clear,26.7
4689,7,2024-06-03,12,clear,33.3
4690,7,2024-06-03,19,rain,44.6
4691,7,2024-06-04,12,clear,30.9
4692,7,2024-06-04,19,heavy_rain,30.8
4693,7,2024-06-05,12,heatwave,25.1
4694,7,2024-06-05,19,clear,38.9
4695,7,2024-06-06,12,clear,24.3
4696,7,2024-06-06,19,clear,29.8
4697,7,2024-06-07,12,heavy_rain,33.9
4698,7,2024-06-07,19,clear,29.6
4699,7,2024-06-08,12,rain,30.3
4700,7,2024-06-08,19,clear,16.0
4701,7,2024-06-09,12,rain,25.6
4702,7,2024-06-09,19,clear,29.0
4703,7,2024-06-10,12,clear,31.7
4704,7,2024-06-10,19,rain,34.7
4705,7,2024-06-11,12,clear,32.0
4706,7,2024-06-11,19,rain,33.1
4707,7,2024-06-12,12,clear,34.8
4708,7,2024-06-12,19,clear,24.8
4709,7,2024-06-13,12,heavy_rain,31.2
4710,7,2024-06-13,19,rain,34.1
4711,7,2024-06-14,12,rain,21.4
4712,7,2024-06-14,19,clear,36.2
4713,7,2024-06-15,12,clear,34.2
4714,7,2024-06-15,19,clear,28.7
4715,7,2024-06-16,12,rain,28.5
4716,7,2024-06-16,19,rain,32.8
4717,7,2024-06-17,12,rain,27.7
4718,7,2024-06-17,19,clear,35.2
4719,7,2024-06-18,12,heatwave,22.1
4720,7,2024-06-18,19,clear,29.9
4721,7,2024-06-19,12,clear,37.7
4722,7,2024-06-19,19,rain,27.1
4723,7,2024-06-20,12,clear,32.8
4724,7,2024-06-20,19,clear,24.2
4725,7,2024-06-21,12,rain,30.0
4726,7,2024-06-21,19,clear,40.0
4727,7,2024-06-22,12,heavy_rain,18.0
4728,7,2024-06-22,19,rain,19.5
4729,7,2024-06-23,12,clear,27.4
4730,7,2024-06-23,19,clear,31.8
4731,7,2024-06-24,12,clear,31.3
4732,7,2024-06-24,19,rain,29.9
4733,7,2024-06-25,12,heatwave,36.5
4734,7,2024-06-25,19,clear,28.7
4735,7,2024-06-26,12,heavy_rain,28.9
4736,7,2024-06-26,19,rain,24.9
4737,7,2024-06-27,12,heavy_rain,32.0
4738,7,2024-06-27,19,clear,29.2
4739,7,2024-06-28,12,heavy_rain,30.7
4740,7,2024-06-28,19,clear,25.5
4741,7,2024-06-29,12,rain,27.4
4742,7,2024-06-29,19,clear,37.0
4743,7,2024-06-30,12,heavy_rain,32.2
4744,7,2024-06-30,19,heavy_rain,29.6
4745,7,2024-07-01,12,rain,41.2
4746,7,2024-07-01,19,heavy_rain,26.0
4747,7,2024-07-02,12,clear,25.7
4748,7,2024-07-02,19,clear,28.1
4749,7,2024-07-03,12,rain,27.9
4750,7,2024-07-03,19,heatwave,29.2
4751,7,2024-07-04,12,heavy_rain,23.3
4752,7,2024-07-04,19,rain,36.9
4753,7,2024-07-05,12,rain,31.5
4754,7,2024-07-05,19,clear,22.0
4755,7,2024-07-06,12,clear,34.1
4756,7,2024-07-06,19,heatwave,28.9
4757,7,2024-07-07,12,rain,27.9
4758,7,2024-07-07,19,rain,32.7
4759,7,2024-07-08,12,rain,35.6
4760,7,2024-07-08,19,rain,37.4
4761,7,2024-07-09,12,clear,23.9
4762,7,2024-07-09,19,clear,38.9
4763,7,2024-07-10,12,heavy_rain,27.1
4764,7,2024-07-10,19,heavy_rain,32.8
4765,7,2024-07-11,12,rain,28.2
4766,7,2024-07-11,19,clear,29.6
4767,7,2024-07-12,12,clear,29.5
4768,7,2024-07-12,19,clear,18.3
4769,7,2024-07-13,12,clear,19.8
4770,7,2024-07-13,19,clear,36.2
4771,7,2024-07-14,12,heatwave,30.3
4772,7,2024-07-14,19,rain,25.7
4773,7,2024-07-15,12,clear,34.6
4774,7,2024-07-15,19,clear,24.2
4775,7,2024-07-16,12,heavy_rain,34.0
4776,7,2024-07-16,19,clear,27.5
4777,7,2024-07-17,12,clear,31.4
4778,7,2024-07-17,19,clear,31.2
4779,7,2024-07-18,12,clear,29.3
4780,7,2024-07-18,19,rain,22.7
4781,7,2024-07-19,12,heavy_rain,19.2
4782,7,2024-07-19,19,heatwave,32.2
4783,7,2024-07-20,12,clear,26.9
4784,7,2024-07-20,19,clear,34.7
4785,7,2024-07-21,12,clear,33.7
4786,7,2024-07-21,19,clear,24.7
4787,7,2024-07-22,12,rain,31.5
4788,7,2024-07-22,19,rain,19.6
4789,7,2024-07-23,12,clear,29.9
4790,7,2024-07-23,19,heatwave,28.9
4791,7,2024-07-24,12,rain,30.0
4792,7,2024-07-24,19,clear,28.0
4793,7,2024-07-25,12,clear,39.1
4794,7,2024-07-25,19,rain,40.9
4795,7,2024-07-26,12,clear,23.0
4796,7,2024-07-26,19,clear,31.9
4797,7,2024-07-27,12,clear,33.0
4798,7,2024-07-27,19,clear,32.8
4799,7,2024-07-28,12,heatwave,31.8
4800,7,2024-07-28,19,clear,34.8
4801,7,2024-07-29,12,clear,29.1
4802,7,2024-07-29,19,clear,36.6
4803,7,2024-07-30,12,clear,24.1
4804,7,2024-07-30,19,rain,26.4
4805,7,2024-07-31,12,clear,30.8
4806,7,2024-07-31,19,rain,32.0
4807,7,2024-08-01,12,clear,30.4
4808,7,2024-08-01,19,rain,30.1
4809,7,2024-08-02,12,clear,32.3
4810,7,2024-08-02,19,heavy_rain,33.5
4811,7,2024-08-03,12,rain,31.6
4812,7,2024-08-03,19,heavy_rain,40.3
4813,7,2024-08-04,12,rain,37.6
4814,7,2024-08-04,19,clear,27.2
4815,7,2024-08-05,12,clear,30.7
4816,7,2024-08-05,19,clear,29.8
4817,7,2024-08-06,12,clear,24.3
4818,7,2024-08-06,19,clear,29.8
4819,7,2024-08-07,12,clear,28.4
4820,7,2024-08-07,19,clear,44.0
4821,7,2024-08-08,12,rain,42.8
4822,7,2024-08-08,19,clear,22.0
4823,7,2024-08-09,12,clear,28.3
4824,7,2024-08-09,19,rain,34.8
4825,7,2024-08-10,12,rain,32.0
4826,7,2024-08-10,19,rain,29.4
4827,7,2024-08-11,12,heavy_rain,32.6
4828,7,2024-08-11,19,heavy_rain,26.8
4829,7,2024-08-12,12,clear,22.5
4830,7,2024-08-12,19,heavy_rain,26.3
4831,7,2024-08-13,12,rain,38.8
4832,7,2024-08-13,19,heatwave,28.5
4833,7,2024-08-14,12,clear,26.4
4834,7,2024-08-14,19,clear,26.3
4835,7,2024-08-15,12,rain,29.9
4836,7,2024-08-15,19,clear,37.9
4837,7,2024-08-16,12,clear,32.1
4838,7,2024-08-16,19,clear,27.3
4839,7,2024-08-17,12,clear,38.6
4840,7,2024-08-17,19,clear,30.4
4841,7,2024-08-18,12,rain,29.9
4842,7,2024-08-18,19,clear,31.1
4843,7,2024-08-19,12,rain,33.7
4844,7,2024-08-19,19,clear,39.9
4845,7,2024-08-20,12,clear,37.7
4846,7,2024-08-20,19,clear,20.7
4847,7,2024-08-21,12,clear,20.6
4848,7,2024-08-21,19,clear,20.0
4849,7,2024-08-22,12,clear,34.5
4850,7,2024-08-22,19,heatwave,34.3
4851,7,2024-08-23,12,clear,20.8
4852,7,2024-08-23,19,clear,20.8
4853,7,2024-08-24,12,clear,20.1
4854,7,2024-08-24,19,clear,19.7
4855,7,2024-08-25,12,clear,34.6
4856,7,2024-08-25,19,clear,24.2
4857,7,2024-08-26,12,clear,35.3
4858,7,2024-08-26,19,clear,27.7
4859,7,2024-08-27,12,clear,32.9
4860,7,2024-08-27,19,clear,26.5
4861,7,2024-08-28,12,rain,27.5
4862,7,2024-08-28,19,heavy_rain,29.5
4863,7,2024-08-29,12,clear,23.6
4864,7,2024-08-29,19,clear,32.7
4865,7,2024-08-30,12,clear,36.2
4866,7,2024-08-30,19,clear,32.4
4867,7,2024-08-31,12,clear,24.5
4868,7,2024-08-31,19,clear,25.1
4869,7,2024-09-01,12,clear,21.8
4870,7,2024-09-01,19,rain,26.1
4871,7,2024-09-02,12,clear,26.8
4872,7,2024-09-02,19,clear,29.1
4873,7,2024-09-03,12,clear,28.8
4874,7,2024-09-03,19,clear,32.2
4875,7,2024-09-04,12,clear,35.3
4876,7,2024-09-04,19,clear,35.6
4877,7,2024-09-05,12,rain,32.0
4878,7,2024-09-05,19,clear,33.6
4879,7,2024-09-06,12,rain,32.2
4880,7,2024-09-06,19,clear,28.9
4881,7,2024-09-07,12,clear,29.0
4882,7,2024-09-07,19,heatwave,31.3
4883,7,2024-09-08,12,clear,34.5
4884,7,2024-09-08,19,clear,28.8
4885,7,2024-09-09,12,rain,29.8
4886,7,2024-09-09,19,heavy_rain,35.4
4887,7,2024-09-10,12,rain,33.5
4888,7,2024-09-10,19,clear,22.6
4889,7,2024-09-11,12,clear,30.8
4890,7,2024-09-11,19,heavy_rain,25.5
4891,7,2024-09-12,12,rain,29.1
4892,7,2024-09-12,19,clear,39.0
4893,7,2024-09-13,12,rain,32.3
4894,7,2024-09-13,19,rain,28.6
4895,7,2024-09-14,12,clear,28.6
4896,7,2024-09-14,19,clear,36.9
4897,7,2024-09-15,12,clear,24.9
4898,7,2024-09-15,19,clear,29.9
4899,7,2024-09-16,12,clear,25.6
4900,7,2024-09-16,19,rain,20.3
4901,7,2024-09-17,12,heavy_rain,30.9
4902,7,2024-09-17,19,rain,31.1
4903,7,2024-09-18,12,rain,33.0
4904,7,2024-09-18,19,clear,26.6
4905,7,2024-09-19,12,clear,29.0
4906,7,2024-09-19,19,clear,31.9
4907,7,2024-09-20,12,heavy_rain,34.7
4908,7,2024-09-20,19,clear,25.9
4909,7,2024-09-21,12,rain,24.2
4910,7,2024-09-21,19,heavy_rain,32.7
4911,7,2024-09-22,12,clear,24.0
4912,7,2024-09-22,19,clear,20.4
4913,7,2024-09-23,12,clear,25.8
4914,7,2024-09-23,19,clear,25.3
4915,7,2024-09-24,12,rain,29.9
4916,7,2024-09-24,19,clear,25.7
4917,7,2024-09-25,12,heavy_rain,41.3
4918,7,2024-09-25,19,heavy_rain,32.5
4919,7,2024-09-26,12,clear,29.0
4920,7,2024-09-26,19,clear,28.3
4921,7,2024-09-27,12,clear,32.6
4922,7,2024-09-27,19,clear,29.4
4923,7,2024-09-28,12,rain,26.8
4924,7,2024-09-28,19,clear,26.7
4925,7,2024-09-29,12,heavy_rain,34.3
4926,7,2024-09-29,19,heavy_rain,30.5
4927,7,2024-09-30,12,clear,38.7
4928,7,2024-09-30,19,clear,32.5
4929,7,2024-10-01,12,heavy_rain,30.6
4930,7,2024-10-01,19,clear,23.8
4931,7,2024-10-02,12,clear,34.4
4932,7,2024-10-02,19,clear,24.6
4933,7,2024-10-03,12,clear,40.0
4934,7,2024-10-03,19,heatwave,24.7
4935,7,2024-10-04,12,clear,34.5
4936,7,2024-10-04,19,clear,32.5
4937,7,2024-10-05,12,rain,30.4
4938,7,2024-10-05,19,heavy_rain,32.0
4939,7,2024-10-06,12,clear,29.7
4940,7,2024-10-06,19,clear,29.5
4941,7,2024-10-07,12,clear,25.8
4942,7,2024-10-07,19,clear,29.8
4943,7,2024-10-08,12,clear,35.7
4944,7,2024-10-08,19,clear,38.7
4945,7,2024-10-09,12,clear,35.4
4946,7,2024-10-09,19,clear,34.2
4947,7,2024-10-10,12,clear,29.9
4948,7,2024-10-10,19,clear,23.9
4949,7,2024-10-11,12,clear,35.7
4950,7,2024-10-11,19,clear,23.7
4951,7,2024-10-12,12,clear,29.0
4952,7,2024-10-12,19,clear,38.3
4953,7,2024-10-13,12,heavy_rain,25.6
4954,7,2024-10-13,19,rain,26.1
4955,7,2024-10-14,12,clear,27.5
4956,7,2024-10-14,19,heavy_rain,31.7
4957,7,2024-10-15,12,clear,33.0
4958,7,2024-10-15,19,rain,21.0
4959,7,2024-10-16,12,clear,40.1
4960,7,2024-10-16,19,heatwave,31.3
4961,7,2024-10-17,12,heatwave,27.1
4962,7,2024-10-17,19,clear,16.4
4963,7,2024-10-18,12,clear,27.6
4964,7,2024-10-18,19,clear,26.4
4965,7,2024-10-19,12,clear,32.2
4966,7,2024-10-19,19,clear,31.8
4967,7,2024-10-20,12,clear,31.8
4968,7,2024-10-20,19,clear,29.3
4969,7,2024-10-21,12,clear,36.5
4970,7,2024-10-21,19,heavy_rain,31.8
4971,7,2024-10-22,12,clear,25.5
4972,7,2024-10-22,19,clear,12.8
4973,7,2024-10-23,12,clear,38.5
4974,7,2024-10-23,19,clear,33.0
4975,7,2024-10-24,12,clear,28.1
4976,7,2024-10-24,19,clear,32.8
4977,7,2024-10-25,12,clear,33.5
4978,7,2024-10-25,19,clear,34.1
4979,7,2024-10-26,12,clear,26.0
4980,7,2024-10-26,19,heatwave,22.2
4981,7,2024-10-27,12,clear,23.2
4982,7,2024-10-27,19,clear,31.7
4983,7,2024-10-28,12,clear,26.5
4984,7,2024-10-28,19,clear,33.1
4985,7,2024-10-29,12,clear,32.4
4986,7,2024-10-29,19,clear,31.4
4987,7,2024-10-30,12,clear,34.5
4988,7,2024-10-30,19,clear,32.4
4989,7,2024-10-31,12,heatwave,32.5
4990,7,2024-10-31,19,clear,25.8
4991,7,2024-11-01,12,clear,21.2
4992,7,2024-11-01,19,heavy_rain,34.1
4993,7,2024-11-02,12,clear,20.0
4994,7,2024-11-02,19,clear,29.5
4995,7,2024-11-03,12,clear,26.7
4996,7,2024-11-03,19,clear,25.2
4997,7,2024-11-04,12,heatwave,29.7
4998,7,2024-11-04,19,clear,20.1
4999,7,2024-11-05,12,heavy_rain,31.2
5000,7,2024-11-05,19,clear,25.8
5001,7,2024-11-06,12,heavy_rain,26.9
5002,7,2024-11-06,19,clear,25.8
5003,7,2024-11-07,12,clear,31.6
5004,7,2024-11-07,19,clear,34.6
5005,7,2024-11-08,12,clear,29.3
5006,7,2024-11-08,19,clear,27.2
5007,7,2024-11-09,12,clear,29.6
5008,7,2024-11-09,19,heavy_rain,35.8
5009,7,2024-11-10,12,clear,35.9
5010,7,2024-11-10,19,clear,29.3
5011,7,2024-11-11,12,clear,28.3
5012,7,2024-11-11,19,clear,27.1
5013,7,2024-11-12,12,clear,26.8
5014,7,2024-11-12,19,clear,32.1
5015,7,2024-11-13,12,clear,30.1
5016,7,2024-11-13,19,clear,24.8
5017,7,2024-11-14,12,heatwave,29.4
5018,7,2024-11-14,19,clear,31.2
5019,7,2024-11-15,12,clear,35.6
5020,7,2024-11-15,19,clear,20.1
5021,7,2024-11-16,12,clear,24.1
5022,7,2024-11-16,19,rain,29.5
5023,7,2024-11-17,12,clear,26.1
5024,7,2024-11-17,19,clear,24.8
5025,7,2024-11-18,12,clear,25.4
5026,7,2024-11-18,19,rain,25.9
5027,7,2024-11-19,12,clear,26.2
5028,7,2024-11-19,19,clear,24.8
5029,7,2024-11-20,12,clear,24.6
5030,7,2024-11-20,19,rain,25.8
5031,7,2024-11-21,12,clear,28.7
5032,7,2024-11-21,19,heatwave,24.4
5033,7,2024-11-22,12,clear,26.1
5034,7,2024-11-22,19,clear,32.9
5035,7,2024-11-23,12,clear,30.5
5036,7,2024-11-23,19,clear,23.7
5037,7,2024-11-24,12,clear,30.0
5038,7,2024-11-24,19,clear,31.5
5039,7,2024-11-25,12,clear,28.4
5040,7,2024-11-25,19,clear,31.2
5041,7,2024-11-26,12,clear,39.6
5042,7,2024-11-26,19,clear,32.0
5043,7,2024-11-27,12,clear,29.5
5044,7,2024-11-27,19,clear,38.6
5045,7,2024-11-28,12,clear,30.0
5046,7,2024-11-28,19,clear,28.7
5047,7,2024-11-29,12,clear,26.2
5048,7,2024-11-29,19,rain,34.9
5049,7,2024-11-30,12,heatwave,25.3
5050,7,2024-11-30,19,clear,37.1
5051,7,2024-12-01,12,clear,23.1
5052,7,2024-12-01,19,clear,28.7
5053,7,2024-12-02,12,clear,21.6
5054,7,2024-12-02,19,clear,42.4
5055,7,2024-12-03,12,clear,34.5
5056,7,2024-12-03,19,clear,32.1
5057,7,2024-12-04,12,rain,32.8
5058,7,2024-12-04,19,clear,22.6
5059,7,2024-12-05,12,clear,23.6
5060,7,2024-12-05,19,clear,33.3
5061,7,2024-12-06,12,heavy_rain,37.5
5062,7,2024-12-06,19,rain,26.7
5063,7,2024-12-07,12,clear,25.7
5064,7,2024-12-07,19,clear,27.4
5065,7,2024-12-08,12,clear,23.4
5066,7,2024-12-08,19,clear,37.4
5067,7,2024-12-09,12,clear,28.9
5068,7,2024-12-09,19,clear,29.8
5069,7,2024-12-10,12,clear,33.4
5070,7,2024-12-10,19,rain,37.4
5071,7,2024-12-11,12,clear,34.7
5072,7,2024-12-11,19,clear,29.1
5073,7,2024-12-12,12,clear,33.1
5074,7,2024-12-12,19,clear,30.2
5075,7,2024-12-13,12,clear,33.7
5076,7,2024-12-13,19,clear,30.5
5077,7,2024-12-14,12,clear,30.7
5078,7,2024-12-14,19,clear,33.4
5079,7,2024-12-15,12,clear,21.4
5080,7,2024-12-15,19,clear,31.6
5081,7,2024-12-16,12,heatwave,23.0
5082,7,2024-12-16,19,clear,41.5
5083,7,2024-12-17,12,rain,33.9
5084,7,2024-12-17,19,clear,28.2
5085,7,2024-12-18,12,clear,25.4
5086,7,2024-12-18,19,clear,34.6
5087,7,2024-12-19,12,clear,29.7
5088,7,2024-12-19,19,rain,29.5
5089,7,2024-12-20,12,clear,32.7
5090,7,2024-12-20,19,clear,39.5
5091,7,2024-12-21,12,clear,26.5
5092,7,2024-12-21,19,clear,33.7
5093,7,2024-12-22,12,clear,23.0
5094,7,2024-12-22,19,clear,30.1
5095,7,2024-12-23,12,clear,28.4
5096,7,2024-12-23,19,clear,36.7
5097,7,2024-12-24,12,heavy_rain,31.3
5098,7,2024-12-24,19,clear,29.6
5099,7,2024-12-25,12,clear,36.4
5100,7,2024-12-25,19,clear,33.7
5101,7,2024-12-26,12,clear,25.2
5102,7,2024-12-26,19,clear,28.6
5103,7,2024-12-27,12,clear,37.4
5104,7,2024-12-27,19,clear,23.3
5105,7,2024-12-28,12,clear,26.9
5106,7,2024-12-28,19,clear,33.6
5107,7,2024-12-29,12,clear,31.2
5108,7,2024-12-29,19,clear,36.8
5109,7,2024-12-30,12,heavy_rain,36.0
5110,7,2024-12-30,19,clear,29.2
5111,8,2024-01-01,12,clear,27.5
5112,8,2024-01-01,19,heatwave,28.5
5113,8,2024-01-02,12,heatwave,21.8
5114,8,2024-01-02,19,clear,36.3
5115,8,2024-01-03,12,clear,20.6
5116,8,2024-01-03,19,clear,34.4
5117,8,2024-01-04,12,clear,34.1
5118,8,2024-01-04,19,clear,29.3
5119,8,2024-01-05,12,clear,25.0
5120,8,2024-01-05,19,clear,20.2
5121,8,2024-01-06,12,clear,35.8
5122,8,2024-01-06,19,clear,34.0
5123,8,2024-01-07,12,clear,27.5
5124,8,2024-01-07,19,clear,40.1
5125,8,2024-01-08,12,clear,23.2
5126,8,2024-01-08,19,clear,24.9
5127,8,2024-01-09,12,clear,28.3
5128,8,2024-01-09,19,clear,29.9
5129,8,2024-01-10,12,clear,37.7
5130,8,2024-01-10,19,clear,21.6
5131,8,2024-01-11,12,clear,34.9
5132,8,2024-01-11,19,clear,35.5
5133,8,2024-01-12,12,clear,25.8
5134,8,2024-01-12,19,clear,33.3
5135,8,2024-01-13,12,clear,25.3
5136,8,2024-01-13,19,clear,25.6
5137,8,2024-01-14,12,clear,31.1
5138,8,2024-01-14,19,heavy_rain,26.2
5139,8,2024-01-15,12,heavy_rain,31.2
5140,8,2024-01-15,19,clear,27.2
5141,8,2024-01-16,12,clear,26.9
5142,8,2024-01-16,19,clear,33.9
5143,8,2024-01-17,12,clear,29.8
5144,8,2024-01-17,19,clear,25.1
5145,8,2024-01-18,12,clear,29.1
5146,8,2024-01-18,19,heatwave,24.7
5147,8,2024-01-19,12,clear,34.1
5148,8,2024-01-19,19,clear,26.5
5149,8,2024-01-20,12,clear,22.5
5150,8,2024-01-20,19,clear,28.0
5151,8,2024-01-21,12,clear,32.4
5152,8,2024-01-21,19,clear,36.0
5153,8,2024-01-22,12,clear,34.4
5154,8,2024-01-22,19,clear,22.0
5155,8,2024-01-23,12,heatwave,29.1
5156,8,2024-01-23,19,clear,30.9
5157,8,2024-01-24,12,clear,29.1
5158,8,2024-01-24,19,clear,21.9
5159,8,2024-01-25,12,clear,31.8
5160,8,2024-01-25,19,clear,26.3
5161,8,2024-01-26,12,clear,25.0
5162,8,2024-01-26,19,clear,23.6
5163,8,2024-01-27,12,clear,36.1
5164,8,2024-01-27,19,clear,25.0
5165,8,2024-01-28,12,clear,25.1
5166,8,2024-01-28,19,clear,32.4
5167,8,2024-01-29,12,clear,26.4
5168,8,2024-01-29,19,clear,30.0
5169,8,2024-01-30,12,clear,28.6
5170,8,2024-01-30,19,clear,33.9
5171,8,2024-01-31,12,clear,30.5
5172,8,2024-01-31,19,clear,26.2
5173,8,2024-02-01,12,rain,26.4
5174,8,2024-02-01,19,clear,33.0
5175,8,2024-02-02,12,clear,31.5
5176,8,2024-02-02,19,clear,26.2
5177,8,2024-02-03,12,clear,32.8
5178,8,2024-02-03,19,clear,30.9
5179,8,2024-02-04,12,clear,30.7
5180,8,2024-02-04,19,clear,34.2
5181,8,2024-02-05,12,clear,23.8
5182,8,2024-02-05,19,heatwave,31.0
5183,8,2024-02-06,12,clear,23.7
5184,8,2024-02-06,19,clear,32.7
5185,8,2024-02-07,12,clear,34.7
5186,8,2024-02-07,19,clear,30.2
5187,8,2024-02-08,12,clear,38.5
5188,8,2024-02-08,19,clear,29.8
5189,8,2024-02-09,12,clear,27.4
5190,8,2024-02-09,19,rain,36.5
5191,8,2024-02-10,12,clear,28.3
5192,8,2024-02-10,19,clear,36.9
5193,8,2024-02-11,12,clear,25.2
5194,8,2024-02-11,19,clear,34.5
5195,8,2024-02-12,12,clear,24.7
5196,8,2024-02-12,19,clear,30.9
5197,8,2024-02-13,12,clear,27.1
5198,8,2024-02-13,19,clear,34.1
5199,8,2024-02-14,12,clear,34.7
5200,8,2024-02-14,19,clear,22.2
5201,8,2024-02-15,12,clear,27.7
5202,8,2024-02-15,19,clear,35.0
5203,8,2024-02-16,12,clear,36.1
5204,8,2024-02-16,19,clear,19.5
5205,8,2024-02-17,12,clear,20.6
5206,8,2024-02-17,19,heavy_rain,32.4
5207,8,2024-02-18,12,clear,38.7
5208,8,2024-02-18,19,rain,20.7
5209,8,2024-02-19,12,clear,23.3
5210,8,2024-02-19,19,clear,22.1
5211,8,2024-02-20,12,clear,29.9
5212,8,2024-02-20,19,clear,34.7
5213,8,2024-02-21,12,clear,26.4
5214,8,2024-02-21,19,rain,20.4
5215,8,2024-02-22,12,clear,20.8
5216,8,2024-02-22,19,clear,32.7
5217,8,2024-02-23,12,clear,34.1
5218,8,2024-02-23,19,clear,37.4
5219,8,2024-02-24,12,rain,33.2
5220,8,2024-02-24,19,clear,23.9
5221,8,2024-02-25,12,clear,41.4
5222,8,2024-02-25,19,clear,31.7
5223,8,2024-02-26,12,clear,38.5
5224,8,2024-02-26,19,rain,31.9
5225,8,2024-02-27,12,clear,31.0
5226,8,2024-02-27,19,clear,22.9
5227,8,2024-02-28,12,clear,31.1
5228,8,2024-02-28,19,clear,29.9
5229,8,2024-02-29,12,heatwave,32.3
5230,8,2024-02-29,19,clear,31.5
5231,8,2024-03-01,12,clear,37.7
5232,8,2024-03-01,19,clear,32.3
5233,8,2024-03-02,12,clear,30.9
5234,8,2024-03-02,19,clear,34.9
5235,8,2024-03-03,12,rain,29.0
5236,8,2024-03-03,19,clear,22.4
5237,8,2024-03-04,12,clear,30.8
5238,8,2024-03-04,19,clear,35.2
5239,8,2024-03-05,12,clear,36.5
5240,8,2024-03-05,19,clear,27.5
5241,8,2024-03-06,12,heavy_rain,24.2
5242,8,2024-03-06,19,clear,29.3
5243,8,2024-03-07,12,heatwave,29.4
5244,8,2024-03-07,19,clear,27.1
5245,8,2024-03-08,12,clear,43.9
5246,8,2024-03-08,19,clear,26.4
5247,8,2024-03-09,12,clear,36.5
5248,8,2024-03-09,19,clear,33.3
5249,8,2024-03-10,12,clear,31.3
5250,8,2024-03-10,19,heatwave,26.8
5251,8,2024-03-11,12,clear,32.3
5252,8,2024-03-11,19,clear,34.1
5253,8,2024-03-12,12,clear,28.9
5254,8,2024-03-12,19,clear,32.7
5255,8,2024-03-13,12,clear,19.6
5256,8,2024-03-13,19,clear,36.6
5257,8,2024-03-14,12,clear,24.6
5258,8,2024-03-14,19,clear,16.7
5259,8,2024-03-15,12,clear,27.9
5260,8,2024-03-15,19,clear,39.4
5261,8,2024-03-16,12,clear,37.6
5262,8,2024-03-16,19,clear,30.4
5263,8,2024-03-17,12,clear,28.4
5264,8,2024-03-17,19,clear,33.2
5265,8,2024-03-18,12,clear,23.2
5266,8,2024-03-18,19,heavy_rain,25.6
5267,8,2024-03-19,12,rain,32.4
5268,8,2024-03-19,19,heatwave,25.2
5269,8,2024-03-20,12,clear,29.6
5270,8,2024-03-20,19,clear,28.7
5271,8,2024-03-21,12,clear,28.6
5272,8,2024-03-21,19,clear,37.2
5273,8,2024-03-22,12,clear,33.1
5274,8,2024-03-22,19,clear,36.1
5275,8,2024-03-23,12,clear,24.6
5276,8,2024-03-23,19,clear,28.4
5277,8,2024-03-24,12,heatwave,37.5
5278,8,2024-03-24,19,rain,30.1
5279,8,2024-03-25,12,clear,41.3
5280,8,2024-03-25,19,clear,29.6
5281,8,2024-03-26,12,clear,31.1
5282,8,2024-03-26,19,clear,25.1
5283,8,2024-03-27,12,clear,27.4
5284,8,2024-03-27,19,clear,28.5
5285,8,2024-03-28,12,clear,25.5
5286,8,2024-03-28,19,clear,17.1
5287,8,2024-03-29,12,clear,31.6
5288,8,2024-03-29,19,clear,24.0
5289,8,2024-03-30,12,clear,23.7
5290,8,2024-03-30,19,clear,24.5
5291,8,2024-03-31,12,clear,30.1
5292,8,2024-03-31,19,clear,19.6
5293,8,2024-04-01,12,clear,36.1
5294,8,2024-04-01,19,clear,29.3
5295,8,2024-04-02,12,clear,29.1
5296,8,2024-04-02,19,clear,35.1
5297,8,2024-04-03,12,clear,25.8
5298,8,2024-04-03,19,clear,30.0
5299,8,2024-04-04,12,clear,30.0
5300,8,2024-04-04,19,clear,28.7
5301,8,2024-04-05,12,clear,22.2
5302,8,2024-04-05,19,clear,35.9
5303,8,2024-04-06,12,clear,29.2
5304,8,2024-04-06,19,clear,36.5
5305,8,2024-04-07,12,clear,30.3
5306,8,2024-04-07,19,clear,32.9
5307,8,2024-04-08,12,clear,26.7
5308,8,2024-04-08,19,clear,38.6
5309,8,2024-04-09,12,clear,19.5
5310,8,2024-04-09,19,clear,25.7
5311,8,2024-04-10,12,clear,31.7
5312,8,2024-04-10,19,heatwave,36.2
5313,8,2024-04-11,12,clear,30.2
5314,8,2024-04-11,19,clear,29.9
5315,8,2024-04-12,12,clear,26.8
5316,8,2024-04-12,19,rain,35.5
5317,8,2024-04-13,12,heatwave,28.9
5318,8,2024-04-13,19,clear,36.5
5319,8,2024-04-14,12,clear,32.2
5320,8,2024-04-14,19,clear,33.4
5321,8,2024-04-15,12,clear,33.8
5322,8,2024-04-15,19,clear,30.1
5323,8,2024-04-16,12,clear,28.7
5324,8,2024-04-16,19,clear,35.8
5325,8,2024-04-17,12,clear,42.7
5326,8,2024-04-17,19,clear,38.2
5327,8,2024-04-18,12,clear,25.5
5328,8,2024-04-18,19,clear,39.8
5329,8,2024-04-19,12,clear,34.3
5330,8,2024-04-19,19,clear,25.7
5331,8,2024-04-20,12,rain,31.5
5332,8,2024-04-20,19,clear,32.1
5333,8,2024-04-21,12,clear,23.4
5334,8,2024-04-21,19,clear,25.9
5335,8,2024-04-22,12,clear,20.8
5336,8,2024-04-22,19,clear,24.3
5337,8,2024-04-23,12,clear,39.4
5338,8,2024-04-23,19,clear,37.1
5339,8,2024-04-24,12,clear,34.3
5340,8,2024-04-24,19,clear,31.5
5341,8,2024-04-25,12,clear,32.3
5342,8,2024-04-25,19,clear,31.1
5343,8,2024-04-26,12,clear,27.6
5344,8,2024-04-26,19,clear,31.1
5345,8,2024-04-27,12,heatwave,28.3
5346,8,2024-04-27,19,clear,30.7
5347,8,2024-04-28,12,clear,32.8
5348,8,2024-04-28,19,rain,22.7
5349,8,2024-04-29,12,rain,31.8
5350,8,2024-04-29,19,clear,31.5
5351,8,2024-04-30,12,clear,32.6
5352,8,2024-04-30,19,clear,31.4
5353,8,2024-05-01,12,rain,25.2
5354,8,2024-05-01,19,clear,27.0
5355,8,2024-05-02,12,clear,25.5
5356,8,2024-05-02,19,clear,33.1
5357,8,2024-05-03,12,clear,42.0
5358,8,2024-05-03,19,clear,30.2
5359,8,2024-05-04,12,clear,16.5
5360,8,2024-05-04,19,clear,30.1
5361,8,2024-05-05,12,clear,30.2
5362,8,2024-05-05,19,clear,33.2
5363,8,2024-05-06,12,clear,32.6
5364,8,2024-05-06,19,clear,32.1
5365,8,2024-05-07,12,clear,30.1
5366,8,2024-05-07,19,clear,31.6
5367,8,2024-05-08,12,clear,28.0
5368,8,2024-05-08,19,clear,28.2
5369,8,2024-05-09,12,clear,22.9
5370,8,2024-05-09,19,heavy_rain,29.0
5371,8,2024-05-10,12,clear,26.0
5372,8,2024-05-10,19,clear,25.9
5373,8,2024-05-11,12,clear,25.1
5374,8,2024-05-11,19,clear,25.6
5375,8,2024-05-12,12,clear,29.4
5376,8,2024-05-12,19,clear,29.6
5377,8,2024-05-13,12,clear,28.9
5378,8,2024-05-13,19,clear,28.7
5379,8,2024-05-14,12,clear,26.2
5380,8,2024-05-14,19,clear,24.8
5381,8,2024-05-15,12,clear,31.9
5382,8,2024-05-15,19,clear,42.2
5383,8,2024-05-16,12,clear,32.2
5384,8,2024-05-16,19,clear,29.6
5385,8,2024-05-17,12,clear,31.3
5386,8,2024-05-17,19,clear,28.5
5387,8,2024-05-18,12,clear,22.8
5388,8,2024-05-18,19,clear,33.7
5389,8,2024-05-19,12,clear,29.8
5390,8,2024-05-19,19,clear,24.0
5391,8,2024-05-20,12,clear,31.0
5392,8,2024-05-20,19,clear,30.2
5393,8,2024-05-21,12,clear,14.1
5394,8,2024-05-21,19,clear,27.9
5395,8,2024-05-22,12,clear,35.0
5396,8,2024-05-22,19,clear,28.3
5397,8,2024-05-23,12,clear,29.0
5398,8,2024-05-23,19,clear,28.6
5399,8,2024-05-24,12,clear,32.3
5400,8,2024-05-24,19,clear,28.8
5401,8,2024-05-25,12,clear,25.0
5402,8,2024-05-25,19,clear,26.9
5403,8,2024-05-26,12,clear,31.9
5404,8,2024-05-26,19,clear,33.6
5405,8,2024-05-27,12,clear,29.2
5406,8,2024-05-27,19,clear,27.9
5407,8,2024-05-28,12,clear,31.2
5408,8,2024-05-28,19,rain,34.3
5409,8,2024-05-29,12,rain,32.0
5410,8,2024-05-29,19,heatwave,21.4
5411,8,2024-05-30,12,clear,38.0
5412,8,2024-05-30,19,clear,31.2
5413,8,2024-05-31,12,clear,31.2
5414,8,2024-05-31,19,clear,29.4
5415,8,2024-06-01,12,clear,32.4
5416,8,2024-06-01,19,clear,23.9
5417,8,2024-06-02,12,heatwave,37.4
5418,8,2024-06-02,19,clear,25.3
5419,8,2024-06-03,12,heatwave,34.5
5420,8,2024-06-03,19,clear,22.1
5421,8,2024-06-04,12,clear,25.7
5422,8,2024-06-04,19,rain,29.8
5423,8,2024-06-05,12,rain,27.1
5424,8,2024-06-05,19,heavy_rain,26.6
5425,8,2024-06-06,12,rain,27.8
5426,8,2024-06-06,19,clear,25.6
5427,8,2024-06-07,12,rain,27.3
5428,8,2024-06-07,19,clear,28.7
5429,8,2024-06-08,12,rain,23.1
5430,8,2024-06-08,19,rain,31.1
5431,8,2024-06-09,12,heavy_rain,44.3
5432,8,2024-06-09,19,clear,33.3
5433,8,2024-06-10,12,clear,34.8
5434,8,2024-06-10,19,rain,21.8
5435,8,2024-06-11,12,clear,24.9
5436,8,2024-06-11,19,clear,24.5
5437,8,2024-06-12,12,heavy_rain,30.8
5438,8,2024-06-12,19,clear,24.7
5439,8,2024-06-13,12,clear,24.9
5440,8,2024-06-13,19,clear,31.3
5441,8,2024-06-14,12,clear,25.4
5442,8,2024-06-14,19,clear,24.5
5443,8,2024-06-15,12,clear,34.7
5444,8,2024-06-15,19,heavy_rain,37.9
5445,8,2024-06-16,12,rain,31.0
5446,8,2024-06-16,19,clear,25.1
5447,8,2024-06-17,12,clear,22.8
5448,8,2024-06-17,19,heatwave,28.2
5449,8,2024-06-18,12,clear,39.7
5450,8,2024-06-18,19,clear,31.0
5451,8,2024-06-19,12,heavy_rain,28.1
5452,8,2024-06-19,19,clear,34.5
5453,8,2024-06-20,12,rain,32.3
5454,8,2024-06-20,19,clear,34.9
5455,8,2024-06-21,12,rain,26.8
5456,8,2024-06-21,19,rain,24.6
5457,8,2024-06-22,12,clear,33.7
5458,8,2024-06-22,19,clear,29.4
5459,8,2024-06-23,12,clear,21.9
5460,8,2024-06-23,19,clear,30.3
5461,8,2024-06-24,12,rain,23.3
5462,8,2024-06-24,19,rain,34.7
5463,8,2024-06-25,12,rain,29.7
5464,8,2024-06-25,19,rain,41.8
5465,8,2024-06-26,12,clear,28.2
5466,8,2024-06-26,19,clear,30.1
5467,8,2024-06-27,12,rain,26.5
5468,8,2024-06-27,19,clear,39.5
5469,8,2024-06-28,12,clear,31.6
5470,8,2024-06-28,19,clear,23.1
5471,8,2024-06-29,12,clear,23.5
5472,8,2024-06-29,19,clear,25.3
5473,8,2024-06-30,12,clear,26.6
5474,8,2024-06-30,19,clear,36.4
5475,8,2024-07-01,12,clear,26.7
5476,8,2024-07-01,19,clear,31.9
5477,8,2024-07-02,12,clear,24.9
5478,8,2024-07-02,19,rain,31.8
5479,8,2024-07-03,12,clear,24.0
5480,8,2024-07-03,19,clear,28.9
5481,8,2024-07-04,12,clear,21.0
5482,8,2024-07-04,19,clear,35.6
5483,8,2024-07-05,12,clear,31.1
5484,8,2024-07-05,19,clear,35.7
5485,8,2024-07-06,12,clear,35.0
5486,8,2024-07-06,19,clear,31.9
5487,8,2024-07-07,12,clear,26.8
5488,8,2024-07-07,19,clear,31.0
5489,8,2024-07-08,12,clear,28.3
5490,8,2024-07-08,19,heatwave,19.7
5491,8,2024-07-09,12,heavy_rain,21.8
5492,8,2024-07-09,19,heavy_rain,38.4
5493,8,2024-07-10,12,clear,17.5
5494,8,2024-07-10,19,clear,31.3
5495,8,2024-07-11,12,clear,31.6
5496,8,2024-07-11,19,heavy_rain,37.3
5497,8,2024-07-12,12,clear,32.2
5498,8,2024-07-12,19,rain,27.2
5499,8,2024-07-13,12,clear,31.9
5500,8,2024-07-13,19,rain,32.2
5501,8,2024-07-14,12,rain,23.8
5502,8,2024-07-14,19,clear,28.8
5503,8,2024-07-15,12,heavy_rain,30.1
5504,8,2024-07-15,19,clear,28.0
5505,8,2024-07-16,12,clear,28.4
5506,8,2024-07-16,19,heatwave,22.3
5507,8,2024-07-17,12,clear,21.7
5508,8,2024-07-17,19,clear,37.8
5509,8,2024-07-18,12,clear,32.0
5510,8,2024-07-18,19,clear,28.8
5511,8,2024-07-19,12,clear,31.9
5512,8,2024-07-19,19,clear,26.9
5513,8,2024-07-20,12,heavy_rain,27.7
5514,8,2024-07-20,19,clear,35.3
5515,8,2024-07-21,12,clear,34.2
5516,8,2024-07-21,19,rain,30.7
5517,8,2024-07-22,12,rain,31.1
5518,8,2024-07-22,19,rain,37.3
5519,8,2024-07-23,12,clear,29.2
5520,8,2024-07-23,19,rain,27.7
5521,8,2024-07-24,12,heatwave,34.5
5522,8,2024-07-24,19,clear,33.2
5523,8,2024-07-25,12,clear,32.9
5524,8,2024-07-25,19,clear,32.3
5525,8,2024-07-26,12,clear,27.2
5526,8,2024-07-26,19,clear,30.7
5527,8,2024-07-27,12,rain,28.0
5528,8,2024-07-27,19,rain,25.6
5529,8,2024-07-28,12,clear,32.8
5530,8,2024-07-28,19,heavy_rain,33.6
5531,8,2024-07-29,12,clear,26.0
5532,8,2024-07-29,19,heatwave,32.0
5533,8,2024-07-30,12,clear,29.6
5534,8,2024-07-30,19,clear,29.4
5535,8,2024-07-31,12,clear,31.8
5536,8,2024-07-31,19,rain,36.4
5537,8,2024-08-01,12,heavy_rain,35.7
5538,8,2024-08-01,19,clear,29.4
5539,8,2024-08-02,12,clear,35.1
5540,8,2024-08-02,19,clear,33.2
5541,8,2024-08-03,12,clear,15.5
5542,8,2024-08-03,19,clear,23.4
5543,8,2024-08-04,12,clear,23.3
5544,8,2024-08-04,19,clear,22.7
5545,8,2024-08-05,12,heavy_rain,22.2
5546,8,2024-08-05,19,rain,29.3
5547,8,2024-08-06,12,rain,33.1
5548,8,2024-08-06,19,rain,19.2
5549,8,2024-08-07,12,rain,34.0
5550,8,2024-08-07,19,clear,38.2
5551,8,2024-08-08,12,heavy_rain,26.8
5552,8,2024-08-08,19,clear,32.3
5553,8,2024-08-09,12,clear,27.9
5554,8,2024-08-09,19,clear,23.0
5555,8,2024-08-10,12,rain,31.9
5556,8,2024-08-10,19,rain,34.5
5557,8,2024-08-11,12,clear,30.4
5558,8,2024-08-11,19,clear,19.2
5559,8,2024-08-12,12,clear,27.3
5560,8,2024-08-12,19,rain,27.6
5561,8,2024-08-13,12,clear,37.3
5562,8,2024-08-13,19,clear,25.8
5563,8,2024-08-14,12,clear,32.9
5564,8,2024-08-14,19,clear,30.0
5565,8,2024-08-15,12,clear,33.0
5566,8,2024-08-15,19,rain,29.8
5567,8,2024-08-16,12,rain,32.6
5568,8,2024-08-16,19,clear,32.2
5569,8,2024-08-17,12,rain,34.5
5570,8,2024-08-17,19,clear,27.6
5571,8,2024-08-18,12,clear,29.1
5572,8,2024-08-18,19,rain,33.7
5573,8,2024-08-19,12,rain,24.6
5574,8,2024-08-19,19,clear,33.4
5575,8,2024-08-20,12,rain,29.6
5576,8,2024-08-20,19,rain,25.2
5577,8,2024-08-21,12,clear,33.1
5578,8,2024-08-21,19,rain,24.3
5579,8,2024-08-22,12,rain,34.5
5580,8,2024-08-22,19,heavy_rain,41.0
5581,8,2024-08-23,12,heavy_rain,19.0
5582,8,2024-08-23,19,clear,20.0
5583,8,2024-08-24,12,clear,30.8
5584,8,2024-08-24,19,clear,28.0
5585,8,2024-08-25,12,clear,36.3
5586,8,2024-08-25,19,clear,20.4
5587,8,2024-08-26,12,clear,29.7
5588,8,2024-08-26,19,clear,33.9
5589,8,2024-08-27,12,rain,25.2
5590,8,2024-08-27,19,clear,36.1
5591,8,2024-08-28,12,clear,27.9
5592,8,2024-08-28,19,heavy_rain,29.3
5593,8,2024-08-29,12,rain,32.8
5594,8,2024-08-29,19,heavy_rain,27.9
5595,8,2024-08-30,12,clear,33.9
5596,8,2024-08-30,19,clear,36.8
5597,8,2024-08-31,12,rain,32.1
5598,8,2024-08-31,19,rain,30.8
5599,8,2024-09-01,12,clear,32.3
5600,8,2024-09-01,19,clear,31.0
5601,8,2024-09-02,12,heavy_rain,31.5
5602,8,2024-09-02,19,heavy_rain,24.5
5603,8,2024-09-03,12,rain,26.9
5604,8,2024-09-03,19,clear,29.8
5605,8,2024-09-04,12,clear,33.9
5606,8,2024-09-04,19,rain,33.0
5607,8,2024-09-05,12,clear,34.2
5608,8,2024-09-05,19,clear,32.0
5609,8,2024-09-06,12,clear,29.0
5610,8,2024-09-06,19,clear,34.1
5611,8,2024-09-07,12,clear,29.6
5612,8,2024-09-07,19,clear,35.5
5613,8,2024-09-08,12,clear,23.5
5614,8,2024-09-08,19,rain,28.7
5615,8,2024-09-09,12,clear,38.9
5616,8,2024-09-09,19,clear,26.0
5617,8,2024-09-10,12,clear,30.5
5618,8,2024-09-10,19,rain,25.2
5619,8,2024-09-11,12,clear,24.4
5620,8,2024-09-11,19,rain,29.3
5621,8,2024-09-12,12,rain,31.4
5622,8,2024-09-12,19,heavy_rain,35.6
5623,8,2024-09-13,12,clear,39.4
5624,8,2024-09-13,19,heavy_rain,26.7
5625,8,2024-09-14,12,clear,28.9
5626,8,2024-09-14,19,clear,24.4
5627,8,2024-09-15,12,heavy_rain,23.3
5628,8,2024-09-15,19,heavy_rain,24.1
5629,8,2024-09-16,12,clear,31.8
5630,8,2024-09-16,19,clear,30.5
5631,8,2024-09-17,12,clear,37.2
5632,8,2024-09-17,19,clear,33.8
5633,8,2024-09-18,12,clear,22.7
5634,8,2024-09-18,19,clear,24.6
5635,8,2024-09-19,12,clear,30.5
5636,8,2024-09-19,19,rain,30.4
5637,8,2024-09-20,12,clear,26.6
5638,8,2024-09-20,19,clear,34.0
5639,8,2024-09-21,12,clear,32.0
5640,8,2024-09-21,19,rain,23.0
5641,8,2024-09-22,12,clear,21.2
5642,8,2024-09-22,19,clear,44.8
5643,8,2024-09-23,12,heavy_rain,28.0
5644,8,2024-09-23,19,clear,26.8
5645,8,2024-09-24,12,rain,26.4
5646,8,2024-09-24,19,heavy_rain,25.6
5647,8,2024-09-25,12,heatwave,33.9
5648,8,2024-09-25,19,clear,29.0
5649,8,2024-09-26,12,clear,23.0
5650,8,2024-09-26,19,clear,34.1
5651,8,2024-09-27,12,clear,28.5
5652,8,2024-09-27,19,rain,29.6
5653,8,2024-09-28,12,clear,34.1
5654,8,2024-09-28,19,clear,32.4
5655,8,2024-09-29,12,heavy_rain,31.6
5656,8,2024-09-29,19,clear,19.9
5657,8,2024-09-30,12,rain,35.3
5658,8,2024-09-30,19,clear,22.6
5659,8,2024-10-01,12,clear,29.7
5660,8,2024-10-01,19,rain,28.8
5661,8,2024-10-02,12,clear,25.5
5662,8,2024-10-02,19,heavy_rain,37.1
5663,8,2024-10-03,12,clear,38.1
5664,8,2024-10-03,19,clear,35.5
5665,8,2024-10-04,12,clear,32.3
5666,8,2024-10-04,19,clear,32.5
5667,8,2024-10-05,12,clear,29.3
5668,8,2024-10-05,19,clear,27.8
5669,8,2024-10-06,12,clear,23.7
5670,8,2024-10-06,19,clear,34.5
5671,8,2024-10-07,12,clear,32.2
5672,8,2024-10-07,19,clear,27.8
5673,8,2024-10-08,12,clear,30.6
5674,8,2024-10-08,19,heavy_rain,24.9
5675,8,2024-10-09,12,clear,30.9
5676,8,2024-10-09,19,clear,32.9
5677,8,2024-10-10,12,heatwave,32.7
5678,8,2024-10-10,19,clear,24.7
5679,8,2024-10-11,12,clear,38.4
5680,8,2024-10-11,19,clear,25.1
5681,8,2024-10-12,12,clear,29.6
5682,8,2024-10-12,19,clear,36.5
5683,8,2024-10-13,12,heatwave,26.0
5684,8,2024-10-13,19,clear,27.8
5685,8,2024-10-14,12,clear,40.1
5686,8,2024-10-14,19,clear,24.1
5687,8,2024-10-15,12,clear,32.1
5688,8,2024-10-15,19,clear,30.4
5689,8,2024-10-16,12,clear,29.2
5690,8,2024-10-16,19,rain,33.9
5691,8,2024-10-17,12,clear,34.3
5692,8,2024-10-17,19,rain,35.2
5693,8,2024-10-18,12,heavy_rain,22.2
5694,8,2024-10-18,19,clear,21.4
5695,8,2024-10-19,12,clear,29.3
5696,8,2024-10-19,19,clear,29.5
5697,8,2024-10-20,12,heavy_rain,31.8
5698,8,2024-10-20,19,clear,27.5
5699,8,2024-10-21,12,clear,26.1
5700,8,2024-10-21,19,rain,35.2
5701,8,2024-10-22,12,clear,37.9
5702,8,2024-10-22,19,rain,32.5
5703,8,2024-10-23,12,clear,27.0
5704,8,2024-10-23,19,clear,37.2
5705,8,2024-10-24,12,clear,34.0
5706,8,2024-10-24,19,clear,27.7
5707,8,2024-10-25,12,clear,36.8
5708,8,2024-10-25,19,rain,29.9
5709,8,2024-10-26,12,clear,28.1
5710,8,2024-10-26,19,heatwave,35.6
5711,8,2024-10-27,12,clear,33.4
5712,8,2024-10-27,19,clear,37.2
5713,8,2024-10-28,12,clear,23.5
5714,8,2024-10-28,19,clear,37.5
5715,8,2024-10-29,12,clear,30.8
5716,8,2024-10-29,19,heatwave,38.4
5717,8,2024-10-30,12,clear,26.2
5718,8,2024-10-30,19,heatwave,32.1
5719,8,2024-10-31,12,clear,33.7
5720,8,2024-10-31,19,clear,26.9
5721,8,2024-11-01,12,clear,34.3
5722,8,2024-11-01,19,heatwave,29.2
5723,8,2024-11-02,12,clear,37.9
5724,8,2024-11-02,19,clear,20.6
5725,8,2024-11-03,12,heatwave,31.7
5726,8,2024-11-03,19,clear,26.6
5727,8,2024-11-04,12,clear,32.5
5728,8,2024-11-04,19,clear,32.2
5729,8,2024-11-05,12,clear,34.8
5730,8,2024-11-05,19,clear,32.9
5731,8,2024-11-06,12,clear,31.9
5732,8,2024-11-06,19,clear,32.5
5733,8,2024-11-07,12,clear,30.7
5734,8,2024-11-07,19,clear,26.2
5735,8,2024-11-08,12,clear,30.1
5736,8,2024-11-08,19,heavy_rain,31.6
5737,8,2024-11-09,12,clear,36.5
5738,8,2024-11-09,19,heavy_rain,25.2
5739,8,2024-11-10,12,clear,23.1
5740,8,2024-11-10,19,clear,30.3
5741,8,2024-11-11,12,heatwave,20.2
5742,8,2024-11-11,19,clear,31.2
5743,8,2024-11-12,12,clear,31.6
5744,8,2024-11-12,19,heatwave,29.2
5745,8,2024-11-13,12,clear,31.8
5746,8,2024-11-13,19,clear,31.6
5747,8,2024-11-14,12,clear,37.1
5748,8,2024-11-14,19,clear,20.8
5749,8,2024-11-15,12,clear,25.3
5750,8,2024-11-15,19,clear,28.9
5751,8,2024-11-16,12,clear,37.9
5752,8,2024-11-16,19,clear,31.1
5753,8,2024-11-17,12,clear,28.1
5754,8,2024-11-17,19,rain,23.0
5755,8,2024-11-18,12,clear,27.9
5756,8,2024-11-18,19,clear,28.8
5757,8,2024-11-19,12,clear,41.0
5758,8,2024-11-19,19,heatwave,25.5
5759,8,2024-11-20,12,clear,31.4
5760,8,2024-11-20,19,clear,26.5
5761,8,2024-11-21,12,clear,34.1
5762,8,2024-11-21,19,heatwave,24.8
5763,8,2024-11-22,12,clear,24.6
5764,8,2024-11-22,19,clear,35.4
5765,8,2024-11-23,12,clear,26.7
5766,8,2024-11-23,19,clear,33.3
5767,8,2024-11-24,12,heatwave,28.4
5768,8,2024-11-24,19,clear,33.0
5769,8,2024-11-25,12,clear,33.0
5770,8,2024-11-25,19,clear,25.7
5771,8,2024-11-26,12,clear,30.7
5772,8,2024-11-26,19,clear,37.4
5773,8,2024-11-27,12,clear,31.8
5774,8,2024-11-27,19,clear,29.1
5775,8,2024-11-28,12,clear,37.9
5776,8,2024-11-28,19,clear,26.8
5777,8,2024-11-29,12,clear,33.1
5778,8,2024-11-29,19,clear,32.7
5779,8,2024-11-30,12,clear,36.5
5780,8,2024-11-30,19,clear,25.4
5781,8,2024-12-01,12,clear,30.5
5782,8,2024-12-01,19,clear,35.5
5783,8,2024-12-02,12,rain,34.7
5784,8,2024-12-02,19,clear,32.5
5785,8,2024-12-03,12,clear,28.9
5786,8,2024-12-03,19,clear,30.8
5787,8,2024-12-04,12,clear,34.8
5788,8,2024-12-04,19,heatwave,30.9
5789,8,2024-12-05,12,clear,32.4
5790,8,2024-12-05,19,clear,22.6
5791,8,2024-12-06,12,clear,26.3
5792,8,2024-12-06,19,clear,31.3
5793,8,2024-12-07,12,clear,33.5
5794,8,2024-12-07,19,clear,34.7
5795,8,2024-12-08,12,clear,38.4
5796,8,2024-12-08,19,clear,27.2
5797,8,2024-12-09,12,clear,28.3
5798,8,2024-12-09,19,clear,32.3
5799,8,2024-12-10,12,clear,26.5
5800,8,2024-12-10,19,clear,33.2
5801,8,2024-12-11,12,clear,31.3
5802,8,2024-12-11,19,clear,37.5
5803,8,2024-12-12,12,clear,36.4
5804,8,2024-12-12,19,clear,25.5
5805,8,2024-12-13,12,clear,22.7
5806,8,2024-12-13,19,rain,33.3
5807,8,2024-12-14,12,clear,29.7
5808,8,2024-12-14,19,clear,34.8
5809,8,2024-12-15,12,heatwave,36.8
5810,8,2024-12-15,19,clear,31.6
5811,8,2024-12-16,12,clear,34.6
5812,8,2024-12-16,19,clear,23.9
5813,8,2024-12-17,12,clear,31.9
5814,8,2024-12-17,19,clear,24.9
5815,8,2024-12-18,12,heatwave,35.0
5816,8,2024-12-18,19,clear,28.7
5817,8,2024-12-19,12,heavy_rain,23.8
5818,8,2024-12-19,19,clear,33.4
5819,8,2024-12-20,12,clear,27.0
5820,8,2024-12-20,19,clear,25.6
5821,8,2024-12-21,12,clear,31.6
5822,8,2024-12-21,19,clear,33.5
5823,8,2024-12-22,12,clear,36.7
5824,8,2024-12-22,19,clear,30.9
5825,8,2024-12-23,12,clear,33.9
5826,8,2024-12-23,19,heavy_rain,40.7
5827,8,2024-12-24,12,clear,29.2
5828,8,2024-12-24,19,rain,24.4
5829,8,2024-12-25,12,rain,34.0
5830,8,2024-12-25,19,clear,40.6
5831,8,2024-12-26,12,clear,33.5
5832,8,2024-12-26,19,clear,23.1
5833,8,2024-12-27,12,clear,27.7
5834,8,2024-12-27,19,clear,25.3
5835,8,2024-12-28,12,clear,29.0
5836,8,2024-12-28,19,heavy_rain,29.5
5837,8,2024-12-29,12,clear,35.3
5838,8,2024-12-29,19,clear,25.7
5839,8,2024-12-30,12,clear,33.8
5840,8,2024-12-30,19,clear,35.9
5841,9,2024-01-01,12,clear,26.7
5842,9,2024-01-01,19,clear,25.2
5843,9,2024-01-02,12,clear,22.2
5844,9,2024-01-02,19,clear,28.6
5845,9,2024-01-03,12,clear,25.0
5846,9,2024-01-03,19,clear,32.1
5847,9,2024-01-04,12,clear,35.9
5848,9,2024-01-04,19,clear,35.6
5849,9,2024-01-05,12,clear,28.0
5850,9,2024-01-05,19,clear,30.5
5851,9,2024-01-06,12,clear,26.8
5852,9,2024-01-06,19,clear,24.7
5853,9,2024-01-07,12,clear,25.2
5854,9,2024-01-07,19,clear,25.9
5855,9,2024-01-08,12,clear,30.6
5856,9,2024-01-08,19,clear,34.4
5857,9,2024-01-09,12,clear,35.3
5858,9,2024-01-09,19,clear,32.6
5859,9,2024-01-10,12,rain,22.1
5860,9,2024-01-10,19,clear,24.8
5861,9,2024-01-11,12,clear,33.4
5862,9,2024-01-11,19,clear,26.9
5863,9,2024-01-12,12,clear,36.4
5864,9,2024-01-12,19,clear,29.5
5865,9,2024-01-13,12,clear,28.8
5866,9,2024-01-13,19,clear,28.7
5867,9,2024-01-14,12,clear,26.5
5868,9,2024-01-14,19,clear,24.2
5869,9,2024-01-15,12,clear,32.1
5870,9,2024-01-15,19,clear,29.6
5871,9,2024-01-16,12,clear,22.8
5872,9,2024-01-16,19,clear,30.8
5873,9,2024-01-17,12,clear,32.6
5874,9,2024-01-17,19,clear,30.3
5875,9,2024-01-18,12,clear,22.3
5876,9,2024-01-18,19,clear,21.7
5877,9,2024-01-19,12,clear,29.4
5878,9,2024-01-19,19,clear,42.0
5879,9,2024-01-20,12,clear,30.1
5880,9,2024-01-20,19,clear,25.9
5881,9,2024-01-21,12,clear,27.1
5882,9,2024-01-21,19,clear,21.1
5883,9,2024-01-22,12,clear,22.3
5884,9,2024-01-22,19,clear,33.5
5885,9,2024-01-23,12,clear,27.9
5886,9,2024-01-23,19,clear,34.3
5887,9,2024-01-24,12,clear,27.0
5888,9,2024-01-24,19,clear,23.1
5889,9,2024-01-25,12,clear,34.1
5890,9,2024-01-25,19,clear,33.7
5891,9,2024-01-26,12,heatwave,31.5
5892,9,2024-01-26,19,clear,28.1
5893,9,2024-01-27,12,clear,24.1
5894,9,2024-01-27,19,heavy_rain,27.6
5895,9,2024-01-28,12,clear,35.0
5896,9,2024-01-28,19,clear,26.3
5897,9,2024-01-29,12,clear,36.9
5898,9,2024-01-29,19,clear,29.3
5899,9,2024-01-30,12,rain,29.9
5900,9,2024-01-30,19,clear,33.2
5901,9,2024-01-31,12,clear,29.1
5902,9,2024-01-31,19,clear,35.3
5903,9,2024-02-01,12,clear,31.0
5904,9,2024-02-01,19,clear,36.3
5905,9,2024-02-02,12,rain,39.5
5906,9,2024-02-02,19,clear,35.8
5907,9,2024-02-03,12,clear,25.7
5908,9,2024-02-03,19,clear,30.7
5909,9,2024-02-04,12,heavy_rain,27.0
5910,9,2024-02-04,19,clear,27.2
5911,9,2024-02-05,12,rain,28.3
5912,9,2024-02-05,19,clear,37.6
5913,9,2024-02-06,12,clear,31.4
5914,9,2024-02-06,19,clear,29.2
5915,9,2024-02-07,12,clear,31.1
5916,9,2024-02-07,19,clear,36.8
5917,9,2024-02-08,12,heavy_rain,32.3
5918,9,2024-02-08,19,clear,27.5
5919,9,2024-02-09,12,clear,27.7
5920,9,2024-02-09,19,clear,25.1
5921,9,2024-02-10,12,heatwave,30.5
5922,9,2024-02-10,19,clear,39.8
5923,9,2024-02-11,12,clear,28.5
5924,9,2024-02-11,19,clear,31.3
5925,9,2024-02-12,12,clear,26.8
5926,9,2024-02-12,19,clear,25.7
5927,9,2024-02-13,12,clear,29.4
5928,9,2024-02-13,19,clear,27.6
5929,9,2024-02-14,12,clear,31.4
5930,9,2024-02-14,19,clear,31.0
5931,9,2024-02-15,12,clear,30.8
5932,9,2024-02-15,19,clear,31.3
5933,9,2024-02-16,12,clear,26.4
5934,9,2024-02-16,19,clear,25.3
5935,9,2024-02-17,12,clear,32.3
5936,9,2024-02-17,19,clear,30.8
5937,9,2024-02-18,12,clear,28.8
5938,9,2024-02-18,19,clear,33.7
5939,9,2024-02-19,12,clear,36.3
5940,9,2024-02-19,19,heatwave,29.2
5941,9,2024-02-20,12,clear,32.5
5942,9,2024-02-20,19,clear,23.9
5943,9,2024-02-21,12,rain,28.7
5944,9,2024-02-21,19,heatwave,21.5
5945,9,2024-02-22,12,clear,31.3
5946,9,2024-02-22,19,clear,30.8
5947,9,2024-02-23,12,clear,24.3
5948,9,2024-02-23,19,heatwave,37.5
5949,9,2024-02-24,12,clear,26.8
5950,9,2024-02-24,19,clear,24.4
5951,9,2024-02-25,12,clear,28.2
5952,9,2024-02-25,19,clear,25.3
5953,9,2024-02-26,12,clear,27.0
5954,9,2024-02-26,19,clear,26.7
5955,9,2024-02-27,12,clear,31.7
5956,9,2024-02-27,19,rain,26.7
5957,9,2024-02-28,12,clear,30.2
5958,9,2024-02-28,19,clear,33.2
5959,9,2024-02-29,12,clear,27.4
5960,9,2024-02-29,19,clear,34.5
5961,9,2024-03-01,12,clear,33.5
5962,9,2024-03-01,19,clear,31.0
5963,9,2024-03-02,12,clear,27.9
5964,9,2024-03-02,19,clear,28.7
5965,9,2024-03-03,12,clear,22.9
5966,9,2024-03-03,19,clear,34.7
5967,9,2024-03-04,12,clear,29.4
5968,9,2024-03-04,19,clear,32.1
5969,9,2024-03-05,12,rain,29.5
5970,9,2024-03-05,19,clear,23.7
5971,9,2024-03-06,12,clear,35.5
5972,9,2024-03-06,19,clear,40.3
5973,9,2024-03-07,12,clear,23.3
5974,9,2024-03-07,19,clear,40.4
5975,9,2024-03-08,12,clear,26.8
5976,9,2024-03-08,19,clear,30.0
5977,9,2024-03-09,12,clear,22.4
5978,9,2024-03-09,19,clear,26.5
5979,9,2024-03-10,12,clear,16.9
5980,9,2024-03-10,19,clear,23.5
5981,9,2024-03-11,12,clear,33.3
5982,9,2024-03-11,19,clear,31.9
5983,9,2024-03-12,12,clear,35.0
5984,9,2024-03-12,19,clear,26.8
5985,9,2024-03-13,12,clear,37.4
5986,9,2024-03-13,19,clear,30.2
5987,9,2024-03-14,12,rain,23.4
5988,9,2024-03-14,19,clear,29.6
5989,9,2024-03-15,12,clear,24.3
5990,9,2024-03-15,19,clear,38.1
5991,9,2024-03-16,12,clear,33.6
5992,9,2024-03-16,19,clear,39.3
5993,9,2024-03-17,12,clear,27.0
5994,9,2024-03-17,19,clear,24.5
5995,9,2024-03-18,12,clear,30.1
5996,9,2024-03-18,19,clear,27.5
5997,9,2024-03-19,12,clear,26.2
5998,9,2024-03-19,19,clear,26.2
5999,9,2024-03-20,12,clear,22.0
6000,9,2024-03-20,19,rain,30.1
6001,9,2024-03-21,12,clear,33.2
6002,9,2024-03-21,19,clear,32.0
6003,9,2024-03-22,12,clear,30.2
6004,9,2024-03-22,19,clear,33.0
6005,9,2024-03-23,12,rain,36.5
6006,9,2024-03-23,19,clear,26.5
6007,9,2024-03-24,12,clear,34.7
6008,9,2024-03-24,19,clear,32.2
6009,9,2024-03-25,12,clear,33.3
6010,9,2024-03-25,19,rain,26.7
6011,9,2024-03-26,12,rain,29.2
6012,9,2024-03-26,19,clear,40.6
6013,9,2024-03-27,12,clear,38.3
6014,9,2024-03-27,19,clear,32.0
6015,9,2024-03-28,12,clear,21.1
6016,9,2024-03-28,19,clear,29.8
6017,9,2024-03-29,12,clear,24.6
6018,9,2024-03-29,19,clear,23.1
6019,9,2024-03-30,12,heavy_rain,30.5
6020,9,2024-03-30,19,clear,22.8
6021,9,2024-03-31,12,clear,35.2
6022,9,2024-03-31,19,clear,38.6
6023,9,2024-04-01,12,clear,26.9
6024,9,2024-04-01,19,clear,22.3
6025,9,2024-04-02,12,clear,39.9
6026,9,2024-04-02,19,clear,31.3
6027,9,2024-04-03,12,clear,25.6
6028,9,2024-04-03,19,clear,31.9
6029,9,2024-04-04,12,heatwave,32.2
6030,9,2024-04-04,19,clear,33.7
6031,9,2024-04-05,12,clear,28.5
6032,9,2024-04-05,19,clear,35.3
6033,9,2024-04-06,12,clear,32.4
6034,9,2024-04-06,19,clear,39.3
6035,9,2024-04-07,12,clear,23.3
6036,9,2024-04-07,19,heatwave,29.6
6037,9,2024-04-08,12,clear,26.5
6038,9,2024-04-08,19,clear,33.7
6039,9,2024-04-09,12,clear,30.7
6040,9,2024-04-09,19,clear,34.6
6041,9,2024-04-10,12,clear,42.0
6042,9,2024-04-10,19,heatwave,31.6
6043,9,2024-04-11,12,clear,28.6
6044,9,2024-04-11,19,clear,26.1
6045,9,2024-04-12,12,clear,33.2
6046,9,2024-04-12,19,clear,20.9
6047,9,2024-04-13,12,clear,21.4
6048,9,2024-04-13,19,clear,30.5
6049,9,2024-04-14,12,clear,36.1
6050,9,2024-04-14,19,clear,26.3
6051,9,2024-04-15,12,clear,26.5
6052,9,2024-04-15,19,clear,26.7
6053,9,2024-04-16,12,clear,31.7
6054,9,2024-04-16,19,clear,34.5
6055,9,2024-04-17,12,heatwave,32.7
6056,9,2024-04-17,19,clear,28.8
6057,9,2024-04-18,12,heatwave,22.6
6058,9,2024-04-18,19,clear,29.6
6059,9,2024-04-19,12,clear,24.4
6060,9,2024-04-19,19,clear,28.8
6061,9,2024-04-20,12,clear,32.9
6062,9,2024-04-20,19,rain,30.2
6063,9,2024-04-21,12,clear,41.1
6064,9,2024-04-21,19,clear,41.1
6065,9,2024-04-22,12,clear,31.8
6066,9,2024-04-22,19,clear,36.0
6067,9,2024-04-23,12,clear,29.0
6068,9,2024-04-23,19,clear,34.4
6069,9,2024-04-24,12,clear,33.8
6070,9,2024-04-24,19,clear,24.8
6071,9,2024-04-25,12,clear,35.9
6072,9,2024-04-25,19,rain,23.4
6073,9,2024-04-26,12,clear,30.8
6074,9,2024-04-26,19,clear,35.8
6075,9,2024-04-27,12,clear,32.3
6076,9,2024-04-27,19,clear,35.7
6077,9,2024-04-28,12,heatwave,35.4
6078,9,2024-04-28,19,clear,33.8
6079,9,2024-04-29,12,clear,30.4
6080,9,2024-04-29,19,clear,33.2
6081,9,2024-04-30,12,clear,34.3
6082,9,2024-04-30,19,clear,27.4
6083,9,2024-05-01,12,heavy_rain,33.1
6084,9,2024-05-01,19,clear,26.2
6085,9,2024-05-02,12,heatwave,42.7
6086,9,2024-05-02,19,clear,30.9
6087,9,2024-05-03,12,clear,22.9
6088,9,2024-05-03,19,clear,36.0
6089,9,2024-05-04,12,clear,34.3
6090,9,2024-05-04,19,clear,28.2
6091,9,2024-05-05,12,heatwave,29.4
6092,9,2024-05-05,19,clear,22.1
6093,9,2024-05-06,12,clear,30.9
6094,9,2024-05-06,19,clear,30.8
6095,9,2024-05-07,12,clear,32.7
6096,9,2024-05-07,19,clear,25.3
6097,9,2024-05-08,12,clear,33.4
6098,9,2024-05-08,19,clear,36.2
6099,9,2024-05-09,12,clear,36.6
6100,9,2024-05-09,19,clear,30.7
6101,9,2024-05-10,12,clear,30.6
6102,9,2024-05-10,19,clear,31.1
6103,9,2024-05-11,12,clear,27.2
6104,9,2024-05-11,19,clear,30.3
6105,9,2024-05-12,12,clear,24.2
6106,9,2024-05-12,19,heatwave,32.9
6107,9,2024-05-13,12,clear,24.4
6108,9,2024-05-13,19,clear,23.7
6109,9,2024-05-14,12,clear,26.8
6110,9,2024-05-14,19,heatwave,33.6
6111,9,2024-05-15,12,rain,29.9
6112,9,2024-05-15,19,clear,18.1
6113,9,2024-05-16,12,rain,32.9
6114,9,2024-05-16,19,clear,37.6
6115,9,2024-05-17,12,clear,34.5
6116,9,2024-05-17,19,clear,38.4
6117,9,2024-05-18,12,clear,37.1
6118,9,2024-05-18,19,clear,36.7
6119,9,2024-05-19,12,clear,30.0
6120,9,2024-05-19,19,heatwave,30.0
6121,9,2024-05-20,12,clear,25.3
6122,9,2024-05-20,19,clear,37.6
6123,9,2024-05-21,12,clear,32.3
6124,9,2024-05-21,19,clear,26.1
6125,9,2024-05-22,12,clear,31.6
6126,9,2024-05-22,19,clear,28.1
6127,9,2024-05-23,12,clear,32.9
6128,9,2024-05-23,19,clear,29.1
6129,9,2024-05-24,12,clear,26.5
6130,9,2024-05-24,19,clear,23.7
6131,9,2024-05-25,12,heavy_rain,33.9
6132,9,2024-05-25,19,clear,36.4
6133,9,2024-05-26,12,heatwave,36.9
6134,9,2024-05-26,19,clear,34.0
6135,9,2024-05-27,12,clear,26.3
6136,9,2024-05-27,19,clear,27.1
6137,9,2024-05-28,12,clear,20.9
6138,9,2024-05-28,19,clear,38.0
6139,9,2024-05-29,12,heavy_rain,24.6
6140,9,2024-05-29,19,clear,33.1
6141,9,2024-05-30,12,clear,32.7
6142,9,2024-05-30,19,clear,30.9
6143,9,2024-05-31,12,clear,26.7
6144,9,2024-05-31,19,rain,29.0
6145,9,2024-06-01,12,rain,29.8
6146,9,2024-06-01,19,clear,27.8
6147,9,2024-06-02,12,clear,26.5
6148,9,2024-06-02,19,clear,31.4
6149,9,2024-06-03,12,clear,28.1
6150,9,2024-06-03,19,clear,34.5
6151,9,2024-06-04,12,clear,26.4
6152,9,2024-06-04,19,clear,33.5
6153,9,2024-06-05,12,heavy_rain,42.3
6154,9,2024-06-05,19,heavy_rain,37.4
6155,9,2024-06-06,12,rain,21.6
6156,9,2024-06-06,19,clear,30.6
6157,9,2024-06-07,12,rain,34.1
6158,9,2024-06-07,19,clear,17.8
6159,9,2024-06-08,12,clear,33.8
6160,9,2024-06-08,19,heavy_rain,30.2
6161,9,2024-06-09,12,rain,25.6
6162,9,2024-06-09,19,clear,21.8
6163,9,2024-06-10,12,heatwave,29.6
6164,9,2024-06-10,19,rain,31.1
6165,9,2024-06-11,12,clear,27.3
6166,9,2024-06-11,19,heatwave,25.6
6167,9,2024-06-12,12,clear,23.2
6168,9,2024-06-12,19,clear,18.7
6169,9,2024-06-13,12,clear,27.6
6170,9,2024-06-13,19,clear,27.2
6171,9,2024-06-14,12,rain,32.1
6172,9,2024-06-14,19,clear,25.5
6173,9,2024-06-15,12,clear,28.8
6174,9,2024-06-15,19,clear,31.5
6175,9,2024-06-16,12,rain,28.1
6176,9,2024-06-16,19,rain,28.6
6177,9,2024-06-17,12,rain,30.4
6178,9,2024-06-17,19,clear,34.4
6179,9,2024-06-18,12,clear,40.4
6180,9,2024-06-18,19,rain,36.3
6181,9,2024-06-19,12,clear,29.2
6182,9,2024-06-19,19,clear,27.3
6183,9,2024-06-20,12,clear,30.4
6184,9,2024-06-20,19,clear,33.8
6185,9,2024-06-21,12,clear,24.6
6186,9,2024-06-21,19,clear,28.9
6187,9,2024-06-22,12,rain,37.1
6188,9,2024-06-22,19,rain,33.2
6189,9,2024-06-23,12,heavy_rain,26.8
6190,9,2024-06-23,19,clear,24.0
6191,9,2024-06-24,12,clear,32.2
6192,9,2024-06-24,19,clear,30.2
6193,9,2024-06-25,12,heavy_rain,28.1
6194,9,2024-06-25,19,clear,36.9
6195,9,2024-06-26,12,rain,29.9
6196,9,2024-06-26,19,rain,28.9
6197,9,2024-06-27,12,clear,33.9
6198,9,2024-06-27,19,rain,25.9
6199,9,2024-06-28,12,heavy_rain,31.6
6200,9,2024-06-28,19,heavy_rain,28.7
6201,9,2024-06-29,12,heatwave,30.1
6202,9,2024-06-29,19,clear,36.7
6203,9,2024-06-30,12,rain,32.8
6204,9,2024-06-30,19,heatwave,50.9
6205,9,2024-07-01,12,clear,23.5
6206,9,2024-07-01,19,clear,39.7
6207,9,2024-07-02,12,rain,19.6
6208,9,2024-07-02,19,clear,33.0
6209,9,2024-07-03,12,clear,32.7
6210,9,2024-07-03,19,rain,32.1
6211,9,2024-07-04,12,rain,34.3
6212,9,2024-07-04,19,rain,21.1
6213,9,2024-07-05,12,clear,29.5
6214,9,2024-07-05,19,heatwave,35.6
6215,9,2024-07-06,12,clear,40.8
6216,9,2024-07-06,19,clear,34.1
6217,9,2024-07-07,12,heavy_rain,30.4
6218,9,2024-07-07,19,clear,26.2
6219,9,2024-07-08,12,clear,31.9
6220,9,2024-07-08,19,heavy_rain,29.9
6221,9,2024-07-09,12,clear,28.8
6222,9,2024-07-09,19,clear,32.7
6223,9,2024-07-10,12,clear,33.1
6224,9,2024-07-10,19,clear,29.1
6225,9,2024-07-11,12,clear,33.8
6226,9,2024-07-11,19,rain,24.9
6227,9,2024-07-12,12,clear,33.0
6228,9,2024-07-12,19,clear,29.9
6229,9,2024-07-13,12,clear,36.4
6230,9,2024-07-13,19,rain,30.4
6231,9,2024-07-14,12,clear,23.3
6232,9,2024-07-14,19,heatwave,27.0
6233,9,2024-07-15,12,rain,26.7
6234,9,2024-07-15,19,clear,36.8
6235,9,2024-07-16,12,clear,27.6
6236,9,2024-07-16,19,clear,28.7
6237,9,2024-07-17,12,clear,31.3
6238,9,2024-07-17,19,clear,24.0
6239,9,2024-07-18,12,rain,33.1
6240,9,2024-07-18,19,clear,30.4
6241,9,2024-07-19,12,clear,31.5
6242,9,2024-07-19,19,rain,26.8
6243,9,2024-07-20,12,clear,26.4
6244,9,2024-07-20,19,clear,26.0
6245,9,2024-07-21,12,rain,33.5
6246,9,2024-07-21,19,clear,29.9
6247,9,2024-07-22,12,clear,30.4
6248,9,2024-07-22,19,rain,38.6
6249,9,2024-07-23,12,rain,30.6
6250,9,2024-07-23,19,rain,34.4
6251,9,2024-07-24,12,clear,27.6
6252,9,2024-07-24,19,clear,31.2
6253,9,2024-07-25,12,clear,30.5
6254,9,2024-07-25,19,clear,36.2
6255,9,2024-07-26,12,clear,30.5
6256,9,2024-07-26,19,rain,38.6
6257,9,2024-07-27,12,clear,30.2
6258,9,2024-07-27,19,clear,28.0
6259,9,2024-07-28,12,clear,28.0
6260,9,2024-07-28,19,clear,29.4
6261,9,2024-07-29,12,rain,33.1
6262,9,2024-07-29,19,clear,30.1
6263,9,2024-07-30,12,rain,25.1
6264,9,2024-07-30,19,rain,22.8
6265,9,2024-07-31,12,clear,31.7
6266,9,2024-07-31,19,rain,25.0
6267,9,2024-08-01,12,clear,17.7
6268,9,2024-08-01,19,heavy_rain,24.0
6269,9,2024-08-02,12,rain,37.1
6270,9,2024-08-02,19,rain,33.6
6271,9,2024-08-03,12,heatwave,28.7
6272,9,2024-08-03,19,rain,31.0
6273,9,2024-08-04,12,clear,30.6
6274,9,2024-08-04,19,heatwave,29.7
6275,9,2024-08-05,12,clear,29.8
6276,9,2024-08-05,19,clear,34.9
6277,9,2024-08-06,12,clear,34.4
6278,9,2024-08-06,19,clear,38.4
6279,9,2024-08-07,12,rain,18.5
6280,9,2024-08-07,19,clear,25.9
6281,9,2024-08-08,12,heavy_rain,36.8
6282,9,2024-08-08,19,clear,26.1
6283,9,2024-08-09,12,rain,25.9
6284,9,2024-08-09,19,rain,25.2
6285,9,2024-08-10,12,clear,32.2
6286,9,2024-08-10,19,clear,39.8
6287,9,2024-08-11,12,rain,27.4
6288,9,2024-08-11,19,clear,31.5
6289,9,2024-08-12,12,rain,26.1
6290,9,2024-08-12,19,rain,28.3
6291,9,2024-08-13,12,clear,40.8
6292,9,2024-08-13,19,heavy_rain,19.0
6293,9,2024-08-14,12,clear,27.6
6294,9,2024-08-14,19,rain,27.4
6295,9,2024-08-15,12,clear,26.4
6296,9,2024-08-15,19,clear,30.0
6297,9,2024-08-16,12,clear,37.2
6298,9,2024-08-16,19,heavy_rain,21.2
6299,9,2024-08-17,12,clear,26.2
6300,9,2024-08-17,19,clear,28.2
6301,9,2024-08-18,12,heavy_rain,35.8
6302,9,2024-08-18,19,clear,34.3
6303,9,2024-08-19,12,clear,33.7
6304,9,2024-08-19,19,clear,33.6
6305,9,2024-08-20,12,rain,40.4
6306,9,2024-08-20,19,clear,30.9
6307,9,2024-08-21,12,rain,25.7
6308,9,2024-08-21,19,clear,29.8
6309,9,2024-08-22,12,clear,27.3
6310,9,2024-08-22,19,clear,27.9
6311,9,2024-08-23,12,clear,30.0
6312,9,2024-08-23,19,clear,28.5
6313,9,2024-08-24,12,rain,31.9
6314,9,2024-08-24,19,clear,31.8
6315,9,2024-08-25,12,rain,23.8
6316,9,2024-08-25,19,rain,25.0
6317,9,2024-08-26,12,heatwave,28.4
6318,9,2024-08-26,19,rain,23.3
6319,9,2024-08-27,12,clear,31.8
6320,9,2024-08-27,19,clear,25.3
6321,9,2024-08-28,12,clear,26.5
6322,9,2024-08-28,19,clear,34.4
6323,9,2024-08-29,12,rain,31.3
6324,9,2024-08-29,19,rain,31.4
6325,9,2024-08-30,12,rain,30.3
6326,9,2024-08-30,19,rain,27.4
6327,9,2024-08-31,12,clear,20.9
6328,9,2024-08-31,19,heavy_rain,31.8
6329,9,2024-09-01,12,clear,32.6
6330,9,2024-09-01,19,heavy_rain,36.5
6331,9,2024-09-02,12,clear,30.4
6332,9,2024-09-02,19,clear,32.0
6333,9,2024-09-03,12,rain,23.2
6334,9,2024-09-03,19,rain,35.0
6335,9,2024-09-04,12,clear,30.4
6336,9,2024-09-04,19,clear,31.8
6337,9,2024-09-05,12,rain,37.9
6338,9,2024-09-05,19,clear,39.8
6339,9,2024-09-06,12,rain,29.1
6340,9,2024-09-06,19,rain,37.7
6341,9,2024-09-07,12,heavy_rain,34.4
6342,9,2024-09-07,19,clear,30.9
6343,9,2024-09-08,12,clear,28.9
6344,9,2024-09-08,19,clear,39.4
6345,9,2024-09-09,12,clear,25.4
6346,9,2024-09-09,19,clear,31.4
6347,9,2024-09-10,12,clear,25.0
6348,9,2024-09-10,19,clear,29.6
6349,9,2024-09-11,12,heatwave,41.3
6350,9,2024-09-11,19,clear,31.6
6351,9,2024-09-12,12,clear,36.8
6352,9,2024-09-12,19,clear,32.2
6353,9,2024-09-13,12,clear,29.4
6354,9,2024-09-13,19,rain,28.6
6355,9,2024-09-14,12,clear,21.5
6356,9,2024-09-14,19,clear,37.2
6357,9,2024-09-15,12,clear,33.6
6358,9,2024-09-15,19,heatwave,23.5
6359,9,2024-09-16,12,clear,30.5
6360,9,2024-09-16,19,rain,35.7
6361,9,2024-09-17,12,rain,24.8
6362,9,2024-09-17,19,clear,28.0
6363,9,2024-09-18,12,clear,29.5
6364,9,2024-09-18,19,clear,23.0
6365,9,2024-09-19,12,clear,38.7
6366,9,2024-09-19,19,clear,30.1
6367,9,2024-09-20,12,clear,24.9
6368,9,2024-09-20,19,heavy_rain,31.4
6369,9,2024-09-21,12,clear,27.8
6370,9,2024-09-21,19,clear,30.8
6371,9,2024-09-22,12,clear,32.5
6372,9,2024-09-22,19,heatwave,28.1
6373,9,2024-09-23,12,clear,21.6
6374,9,2024-09-23,19,clear,31.7
6375,9,2024-09-24,12,rain,20.5
6376,9,2024-09-24,19,rain,28.3
6377,9,2024-09-25,12,clear,26.8
6378,9,2024-09-25,19,clear,25.7
6379,9,2024-09-26,12,clear,27.3
6380,9,2024-09-26,19,rain,36.9
6381,9,2024-09-27,12,rain,33.2
6382,9,2024-09-27,19,clear,24.7
6383,9,2024-09-28,12,clear,22.2
6384,9,2024-09-28,19,heavy_rain,19.8
6385,9,2024-09-29,12,rain,32.2
6386,9,2024-09-29,19,rain,35.9
6387,9,2024-09-30,12,heavy_rain,25.6
6388,9,2024-09-30,19,clear,28.7
6389,9,2024-10-01,12,clear,30.3
6390,9,2024-10-01,19,clear,32.7
6391,9,2024-10-02,12,clear,25.8
6392,9,2024-10-02,19,clear,28.1
6393,9,2024-10-03,12,heatwave,26.7
6394,9,2024-10-03,19,clear,38.6
6395,9,2024-10-04,12,clear,22.2
6396,9,2024-10-04,19,clear,34.6
6397,9,2024-10-05,12,clear,28.3
6398,9,2024-10-05,19,clear,30.1
6399,9,2024-10-06,12,clear,25.4
6400,9,2024-10-06,19,clear,28.7
6401,9,2024-10-07,12,clear,31.1
6402,9,2024-10-07,19,clear,30.0
6403,9,2024-10-08,12,clear,19.5
6404,9,2024-10-08,19,clear,29.5
6405,9,2024-10-09,12,clear,29.3
6406,9,2024-10-09,19,clear,29.5
6407,9,2024-10-10,12,clear,29.5
6408,9,2024-10-10,19,clear,22.4
6409,9,2024-10-11,12,clear,26.2
6410,9,2024-10-11,19,clear,28.1
6411,9,2024-10-12,12,clear,25.4
6412,9,2024-10-12,19,clear,25.8
6413,9,2024-10-13,12,clear,33.7
6414,9,2024-10-13,19,clear,24.8
6415,9,2024-10-14,12,rain,31.8
6416,9,2024-10-14,19,clear,28.9
6417,9,2024-10-15,12,clear,33.2
6418,9,2024-10-15,19,clear,30.0
6419,9,2024-10-16,12,clear,19.7
6420,9,2024-10-16,19,heatwave,28.7
6421,9,2024-10-17,12,clear,25.1
6422,9,2024-10-17,19,clear,23.2
6423,9,2024-10-18,12,clear,23.2
6424,9,2024-10-18,19,clear,25.5
6425,9,2024-10-19,12,clear,25.4
6426,9,2024-10-19,19,clear,31.7
6427,9,2024-10-20,12,clear,27.8
6428,9,2024-10-20,19,clear,29.9
6429,9,2024-10-21,12,clear,34.4
6430,9,2024-10-21,19,clear,30.6
6431,9,2024-10-22,12,clear,27.2
6432,9,2024-10-22,19,clear,29.4
6433,9,2024-10-23,12,clear,29.1
6434,9,2024-10-23,19,clear,25.1
6435,9,2024-10-24,12,clear,33.9
6436,9,2024-10-24,19,clear,33.2
6437,9,2024-10-25,12,clear,34.7
6438,9,2024-10-25,19,clear,33.6
6439,9,2024-10-26,12,clear,37.1
6440,9,2024-10-26,19,clear,29.1
6441,9,2024-10-27,12,clear,30.0
6442,9,2024-10-27,19,clear,21.5
6443,9,2024-10-28,12,clear,26.7
6444,9,2024-10-28,19,clear,29.4
6445,9,2024-10-29,12,clear,22.4
6446,9,2024-10-29,19,heatwave,36.5
6447,9,2024-10-30,12,heatwave,27.7
6448,9,2024-10-30,19,heatwave,33.2
6449,9,2024-10-31,12,clear,26.8
6450,9,2024-10-31,19,clear,36.6
6451,9,2024-11-01,12,clear,32.8
6452,9,2024-11-01,19,clear,26.7
6453,9,2024-11-02,12,heavy_rain,34.1
6454,9,2024-11-02,19,clear,21.4
6455,9,2024-11-03,12,rain,27.3
6456,9,2024-11-03,19,clear,30.3
6457,9,2024-11-04,12,rain,34.2
6458,9,2024-11-04,19,clear,29.8
6459,9,2024-11-05,12,clear,27.2
6460,9,2024-11-05,19,clear,31.6
6461,9,2024-11-06,12,clear,38.2
6462,9,2024-11-06,19,clear,39.0
6463,9,2024-11-07,12,heatwave,20.0
6464,9,2024-11-07,19,clear,23.2
6465,9,2024-11-08,12,clear,27.0
6466,9,2024-11-08,19,clear,29.7
6467,9,2024-11-09,12,clear,27.6
6468,9,2024-11-09,19,clear,28.0
6469,9,2024-11-10,12,clear,32.7
6470,9,2024-11-10,19,clear,38.7
6471,9,2024-11-11,12,clear,28.4
6472,9,2024-11-11,19,clear,27.2
6473,9,2024-11-12,12,clear,31.4
6474,9,2024-11-12,19,rain,36.0
6475,9,2024-11-13,12,rain,28.9
6476,9,2024-11-13,19,clear,31.8
6477,9,2024-11-14,12,clear,26.5
6478,9,2024-11-14,19,clear,32.0
6479,9,2024-11-15,12,clear,42.3
6480,9,2024-11-15,19,clear,28.3
6481,9,2024-11-16,12,clear,33.8
6482,9,2024-11-16,19,clear,39.5
6483,9,2024-11-17,12,clear,33.1
6484,9,2024-11-17,19,clear,32.2
6485,9,2024-11-18,12,clear,32.0
6486,9,2024-11-18,19,heatwave,31.9
6487,9,2024-11-19,12,clear,25.1
6488,9,2024-11-19,19,clear,25.5
6489,9,2024-11-20,12,clear,27.8
6490,9,2024-11-20,19,clear,36.2
6491,9,2024-11-21,12,heatwave,31.9
6492,9,2024-11-21,19,rain,27.4
6493,9,2024-11-22,12,clear,25.9
6494,9,2024-11-22,19,clear,30.1
6495,9,2024-11-23,12,clear,35.5
6496,9,2024-11-23,19,clear,20.8
6497,9,2024-11-24,12,heatwave,36.7
6498,9,2024-11-24,19,clear,31.5
6499,9,2024-11-25,12,rain,25.8
6500,9,2024-11-25,19,clear,31.5
6501,9,2024-11-26,12,clear,32.2
6502,9,2024-11-26,19,clear,25.9
6503,9,2024-11-27,12,clear,27.2
6504,9,2024-11-27,19,clear,27.6
6505,9,2024-11-28,12,clear,29.6
6506,9,2024-11-28,19,clear,30.6
6507,9,2024-11-29,12,clear,35.4
6508,9,2024-11-29,19,clear,25.4
6509,9,2024-11-30,12,rain,33.7
6510,9,2024-11-30,19,clear,24.8
6511,9,2024-12-01,12,heatwave,23.9
6512,9,2024-12-01,19,heatwave,27.3
6513,9,2024-12-02,12,clear,37.1
6514,9,2024-12-02,19,clear,26.4
6515,9,2024-12-03,12,rain,23.1
6516,9,2024-12-03,19,clear,31.3
6517,9,2024-12-04,12,clear,41.2
6518,9,2024-12-04,19,heatwave,27.3
6519,9,2024-12-05,12,heatwave,38.2
6520,9,2024-12-05,19,clear,27.9
6521,9,2024-12-06,12,clear,32.9
6522,9,2024-12-06,19,clear,33.7
6523,9,2024-12-07,12,clear,38.2
6524,9,2024-12-07,19,clear,28.8
6525,9,2024-12-08,12,clear,28.3
6526,9,2024-12-08,19,clear,23.5
6527,9,2024-12-09,12,clear,29.0
6528,9,2024-12-09,19,clear,26.7
6529,9,2024-12-10,12,clear,27.0
6530,9,2024-12-10,19,clear,29.1
6531,9,2024-12-11,12,clear,29.9
6532,9,2024-12-11,19,clear,28.5
6533,9,2024-12-12,12,clear,26.7
6534,9,2024-12-12,19,rain,21.5
6535,9,2024-12-13,12,clear,35.6
6536,9,2024-12-13,19,clear,26.8
6537,9,2024-12-14,12,clear,35.4
6538,9,2024-12-14,19,clear,21.6
6539,9,2024-12-15,12,clear,30.2
6540,9,2024-12-15,19,clear,33.2
6541,9,2024-12-16,12,clear,32.9
6542,9,2024-12-16,19,heatwave,32.0
6543,9,2024-12-17,12,clear,36.6
6544,9,2024-12-17,19,clear,30.1
6545,9,2024-12-18,12,clear,29.2
6546,9,2024-12-18,19,clear,29.9
6547,9,2024-12-19,12,clear,32.0
6548,9,2024-12-19,19,clear,34.3
6549,9,2024-12-20,12,clear,33.7
6550,9,2024-12-20,19,clear,31.2
6551,9,2024-12-21,12,clear,27.5
6552,9,2024-12-21,19,clear,31.5
6553,9,2024-12-22,12,clear,30.6
6554,9,2024-12-22,19,clear,27.9
6555,9,2024-12-23,12,heavy_rain,27.4
6556,9,2024-12-23,19,clear,23.8
6557,9,2024-12-24,12,clear,31.2
6558,9,2024-12-24,19,clear,34.9
6559,9,2024-12-25,12,clear,27.8
6560,9,2024-12-25,19,clear,28.4
6561,9,2024-12-26,12,clear,23.9
6562,9,2024-12-26,19,clear,24.0
6563,9,2024-12-27,12,clear,37.7
6564,9,2024-12-27,19,clear,31.0
6565,9,2024-12-28,12,clear,30.1
6566,9,2024-12-28,19,clear,30.3
6567,9,2024-12-29,12,heatwave,23.9
6568,9,2024-12-29,19,clear,26.1
6569,9,2024-12-30,12,clear,31.4
6570,9,2024-12-30,19,clear,28.4
6571,10,2024-01-01,12,clear,32.5
6572,10,2024-01-01,19,clear,44.2
6573,10,2024-01-02,12,rain,31.7
6574,10,2024-01-02,19,clear,29.1
6575,10,2024-01-03,12,clear,30.0
6576,10,2024-01-03,19,clear,33.1
6577,10,2024-01-04,12,clear,27.3
6578,10,2024-01-04,19,clear,23.2
6579,10,2024-01-05,12,clear,27.8
6580,10,2024-01-05,19,rain,30.7
6581,10,2024-01-06,12,rain,28.0
6582,10,2024-01-06,19,clear,28.2
6583,10,2024-01-07,12,clear,26.6
6584,10,2024-01-07,19,clear,30.9
6585,10,2024-01-08,12,rain,32.3
6586,10,2024-01-08,19,clear,38.9
6587,10,2024-01-09,12,clear,36.1
6588,10,2024-01-09,19,clear,28.5
6589,10,2024-01-10,12,clear,32.3
6590,10,2024-01-10,19,clear,24.4
6591,10,2024-01-11,12,clear,18.2
6592,10,2024-01-11,19,clear,23.9
6593,10,2024-01-12,12,clear,27.4
6594,10,2024-01-12,19,clear,23.4
6595,10,2024-01-13,12,clear,30.6
6596,10,2024-01-13,19,clear,32.7
6597,10,2024-01-14,12,rain,32.8
6598,10,2024-01-14,19,clear,35.4
6599,10,2024-01-15,12,clear,34.3
6600,10,2024-01-15,19,clear,21.6
6601,10,2024-01-16,12,clear,32.7
6602,10,2024-01-16,19,clear,27.5
6603,10,2024-01-17,12,rain,30.7
6604,10,2024-01-17,19,heavy_rain,39.2
6605,10,2024-01-18,12,clear,42.4
6606,10,2024-01-18,19,clear,22.4
6607,10,2024-01-19,12,heavy_rain,24.4
6608,10,2024-01-19,19,heatwave,28.3
6609,10,2024-01-20,12,clear,20.7
6610,10,2024-01-20,19,heatwave,24.8
6611,10,2024-01-21,12,clear,31.6
6612,10,2024-01-21,19,clear,38.4
6613,10,2024-01-22,12,clear,40.0
6614,10,2024-01-22,19,clear,27.5
6615,10,2024-01-23,12,clear,31.7
6616,10,2024-01-23,19,clear,34.8
6617,10,2024-01-24,12,clear,27.0
6618,10,2024-01-24,19,heavy_rain,30.0
6619,10,2024-01-25,12,clear,25.3
6620,10,2024-01-25,19,clear,28.3
6621,10,2024-01-26,12,clear,38.7
6622,10,2024-01-26,19,clear,38.6
6623,10,2024-01-27,12,clear,20.1
6624,10,2024-01-27,19,clear,37.1
6625,10,2024-01-28,12,clear,35.6
6626,10,2024-01-28,19,clear,21.5
6627,10,2024-01-29,12,clear,16.0
6628,10,2024-01-29,19,clear,23.4
6629,10,2024-01-30,12,clear,36.5
6630,10,2024-01-30,19,rain,28.2
6631,10,2024-01-31,12,clear,23.8
6632,10,2024-01-31,19,heatwave,25.6
6633,10,2024-02-01,12,clear,37.0
6634,10,2024-02-01,19,clear,23.7
6635,10,2024-02-02,12,clear,28.0
6636,10,2024-02-02,19,clear,27.6
6637,10,2024-02-03,12,clear,23.3
6638,10,2024-02-03,19,clear,28.7
6639,10,2024-02-04,12,clear,24.1
6640,10,2024-02-04,19,clear,25.2
6641,10,2024-02-05,12,clear,35.4
6642,10,2024-02-05,19,clear,25.3
6643,10,2024-02-06,12,clear,43.4
6644,10,2024-02-06,19,clear,22.8
6645,10,2024-02-07,12,heatwave,32.3
6646,10,2024-02-07,19,clear,27.3
6647,10,2024-02-08,12,rain,36.8
6648,10,2024-02-08,19,clear,32.8
6649,10,2024-02-09,12,clear,40.8
6650,10,2024-02-09,19,clear,29.0
6651,10,2024-02-10,12,clear,30.0
6652,10,2024-02-10,19,clear,24.8
6653,10,2024-02-11,12,clear,31.7
6654,10,2024-02-11,19,clear,29.4
6655,10,2024-02-12,12,clear,28.8
6656,10,2024-02-12,19,clear,26.5
6657,10,2024-02-13,12,clear,33.4
6658,10,2024-02-13,19,clear,29.1
6659,10,2024-02-14,12,clear,39.0
6660,10,2024-02-14,19,clear,34.0
6661,10,2024-02-15,12,clear,31.9
6662,10,2024-02-15,19,clear,31.4
6663,10,2024-02-16,12,clear,38.3
6664,10,2024-02-16,19,clear,34.1
6665,10,2024-02-17,12,clear,32.4
6666,10,2024-02-17,19,clear,38.0
6667,10,2024-02-18,12,clear,24.1
6668,10,2024-02-18,19,clear,25.3
6669,10,2024-02-19,12,clear,31.8
6670,10,2024-02-19,19,clear,26.0
6671,10,2024-02-20,12,clear,33.3
6672,10,2024-02-20,19,heavy_rain,34.1
6673,10,2024-02-21,12,clear,28.9
6674,10,2024-02-21,19,clear,17.6
6675,10,2024-02-22,12,clear,25.3
6676,10,2024-02-22,19,clear,32.4
6677,10,2024-02-23,12,clear,28.7
6678,10,2024-02-23,19,clear,32.4
6679,10,2024-02-24,12,heatwave,29.5
6680,10,2024-02-24,19,clear,25.6
6681,10,2024-02-25,12,clear,37.0
6682,10,2024-02-25,19,clear,37.3
6683,10,2024-02-26,12,clear,36.9
6684,10,2024-02-26,19,heatwave,23.6
6685,10,2024-02-27,12,clear,28.2
6686,10,2024-02-27,19,clear,36.8
6687,10,2024-02-28,12,clear,37.4
6688,10,2024-02-28,19,clear,23.2
6689,10,2024-02-29,12,clear,29.2
6690,10,2024-02-29,19,clear,31.9
6691,10,2024-03-01,12,clear,25.1
6692,10,2024-03-01,19,heatwave,23.8
6693,10,2024-03-02,12,clear,37.5
6694,10,2024-03-02,19,heavy_rain,34.1
6695,10,2024-03-03,12,clear,27.8
6696,10,2024-03-03,19,clear,34.4
6697,10,2024-03-04,12,clear,34.2
6698,10,2024-03-04,19,clear,24.7
6699,10,2024-03-05,12,clear,33.4
6700,10,2024-03-05,19,clear,29.2
6701,10,2024-03-06,12,clear,30.2
6702,10,2024-03-06,19,heatwave,24.2
6703,10,2024-03-07,12,rain,29.7
6704,10,2024-03-07,19,clear,27.3
6705,10,2024-03-08,12,clear,27.1
6706,10,2024-03-08,19,clear,29.4
6707,10,2024-03-09,12,clear,30.3
6708,10,2024-03-09,19,clear,33.7
6709,10,2024-03-10,12,clear,27.9
6710,10,2024-03-10,19,clear,32.5
6711,10,2024-03-11,12,clear,25.0
6712,10,2024-03-11,19,clear,18.6
6713,10,2024-03-12,12,clear,35.4
6714,10,2024-03-12,19,clear,24.5
6715,10,2024-03-13,12,heavy_rain,24.8
6716,10,2024-03-13,19,clear,30.6
6717,10,2024-03-14,12,clear,23.8
6718,10,2024-03-14,19,clear,27.8
6719,10,2024-03-15,12,clear,26.8
6720,10,2024-03-15,19,clear,37.8
6721,10,2024-03-16,12,clear,21.3
6722,10,2024-03-16,19,clear,41.7
6723,10,2024-03-17,12,heatwave,30.0
6724,10,2024-03-17,19,clear,26.1
6725,10,2024-03-18,12,clear,34.7
6726,10,2024-03-18,19,clear,26.7
6727,10,2024-03-19,12,clear,33.4
6728,10,2024-03-19,19,clear,29.8
6729,10,2024-03-20,12,clear,30.4
6730,10,2024-03-20,19,clear,25.9
6731,10,2024-03-21,12,heatwave,36.1
6732,10,2024-03-21,19,clear,28.6
6733,10,2024-03-22,12,clear,40.0
6734,10,2024-03-22,19,clear,32.0
6735,10,2024-03-23,12,clear,39.7
6736,10,2024-03-23,19,heatwave,31.0
6737,10,2024-03-24,12,clear,28.1
6738,10,2024-03-24,19,clear,27.3
6739,10,2024-03-25,12,heatwave,40.8
6740,10,2024-03-25,19,clear,39.2
6741,10,2024-03-26,12,clear,27.6
6742,10,2024-03-26,19,heatwave,27.6
6743,10,2024-03-27,12,clear,30.0
6744,10,2024-03-27,19,clear,37.0
6745,10,2024-03-28,12,clear,29.4
6746,10,2024-03-28,19,clear,30.6
6747,10,2024-03-29,12,clear,29.0
6748,10,2024-03-29,19,clear,29.8
6749,10,2024-03-30,12,clear,41.9
6750,10,2024-03-30,19,clear,32.2
6751,10,2024-03-31,12,clear,33.3
6752,10,2024-03-31,19,clear,34.0
6753,10,2024-04-01,12,heatwave,29.7
6754,10,2024-04-01,19,clear,32.0
6755,10,2024-04-02,12,clear,35.0
6756,10,2024-04-02,19,clear,32.7
6757,10,2024-04-03,12,clear,38.0
6758,10,2024-04-03,19,clear,26.0
6759,10,2024-04-04,12,clear,34.9
6760,10,2024-04-04,19,clear,27.6
6761,10,2024-04-05,12,clear,25.0
6762,10,2024-04-05,19,heavy_rain,28.3
6763,10,2024-04-06,12,clear,35.5
6764,10,2024-04-06,19,clear,21.4
6765,10,2024-04-07,12,clear,31.5
6766,10,2024-04-07,19,clear,25.9
6767,10,2024-04-08,12,clear,25.0
6768,10,2024-04-08,19,heavy_rain,35.1
6769,10,2024-04-09,12,clear,27.8
6770,10,2024-04-09,19,clear,28.8
6771,10,2024-04-10,12,clear,24.8
6772,10,2024-04-10,19,clear,32.6
6773,10,2024-04-11,12,clear,35.4
6774,10,2024-04-11,19,clear,20.4
6775,10,2024-04-12,12,clear,31.4
6776,10,2024-04-12,19,clear,31.0
6777,10,2024-04-13,12,clear,35.8
6778,10,2024-04-13,19,clear,35.2
6779,10,2024-04-14,12,clear,27.9
6780,10,2024-04-14,19,clear,29.4
6781,10,2024-04-15,12,clear,31.9
6782,10,2024-04-15,19,rain,33.6
6783,10,2024-04-16,12,clear,25.8
6784,10,2024-04-16,19,clear,33.6
6785,10,2024-04-17,12,clear,29.0
6786,10,2024-04-17,19,clear,36.8
6787,10,2024-04-18,12,clear,41.0
6788,10,2024-04-18,19,rain,20.1
6789,10,2024-04-19,12,heavy_rain,32.8
6790,10,2024-04-19,19,clear,37.2
6791,10,2024-04-20,12,clear,30.4
6792,10,2024-04-20,19,clear,38.4
6793,10,2024-04-21,12,clear,28.3
6794,10,2024-04-21,19,clear,37.7
6795,10,2024-04-22,12,clear,21.2
6796,10,2024-04-22,19,clear,26.5
6797,10,2024-04-23,12,clear,37.4
6798,10,2024-04-23,19,clear,33.9
6799,10,2024-04-24,12,clear,20.9
6800,10,2024-04-24,19,clear,26.1
6801,10,2024-04-25,12,clear,36.4
6802,10,2024-04-25,19,clear,27.8
6803,10,2024-04-26,12,clear,35.8
6804,10,2024-04-26,19,clear,25.9
6805,10,2024-04-27,12,clear,19.1
6806,10,2024-04-27,19,clear,33.2
6807,10,2024-04-28,12,rain,32.3
6808,10,2024-04-28,19,clear,26.0
6809,10,2024-04-29,12,clear,17.9
6810,10,2024-04-29,19,clear,28.9
6811,10,2024-04-30,12,rain,35.3
6812,10,2024-04-30,19,clear,26.4
6813,10,2024-05-01,12,clear,26.2
6814,10,2024-05-01,19,clear,33.8
6815,10,2024-05-02,12,clear,32.8
6816,10,2024-05-02,19,clear,32.9
6817,10,2024-05-03,12,clear,28.2
6818,10,2024-05-03,19,rain,30.0
6819,10,2024-05-04,12,heatwave,32.8
6820,10,2024-05-04,19,clear,39.8
6821,10,2024-05-05,12,clear,26.5
6822,10,2024-05-05,19,clear,24.5
6823,10,2024-05-06,12,clear,28.7
6824,10,2024-05-06,19,clear,29.4
6825,10,2024-05-07,12,clear,47.5
6826,10,2024-05-07,19,clear,27.4
6827,10,2024-05-08,12,clear,38.0
6828,10,2024-05-08,19,clear,25.6
6829,10,2024-05-09,12,clear,25.7
6830,10,2024-05-09,19,clear,27.7
6831,10,2024-05-10,12,clear,25.8
6832,10,2024-05-10,19,clear,37.2
6833,10,2024-05-11,12,clear,27.5
6834,10,2024-05-11,19,clear,27.4
6835,10,2024-05-12,12,clear,26.5
6836,10,2024-05-12,19,clear,31.8
6837,10,2024-05-13,12,clear,36.0
6838,10,2024-05-13,19,clear,17.7
6839,10,2024-05-14,12,clear,26.1
6840,10,2024-05-14,19,clear,25.5
6841,10,2024-05-15,12,clear,25.1
6842,10,2024-05-15,19,clear,30.1
6843,10,2024-05-16,12,clear,30.3
6844,10,2024-05-16,19,clear,31.3
6845,10,2024-05-17,12,clear,36.5
6846,10,2024-05-17,19,clear,30.8
6847,10,2024-05-18,12,clear,31.1
6848,10,2024-05-18,19,clear,16.3
6849,10,2024-05-19,12,clear,30.3
6850,10,2024-05-19,19,heatwave,23.1
6851,10,2024-05-20,12,heatwave,27.0
6852,10,2024-05-20,19,clear,34.4
6853,10,2024-05-21,12,rain,27.8
6854,10,2024-05-21,19,clear,22.4
6855,10,2024-05-22,12,heatwave,22.6
6856,10,2024-05-22,19,clear,28.0
6857,10,2024-05-23,12,clear,19.3
6858,10,2024-05-23,19,clear,37.2
6859,10,2024-05-24,12,clear,24.2
6860,10,2024-05-24,19,clear,35.4
6861,10,2024-05-25,12,clear,36.1
6862,10,2024-05-25,19,clear,22.6
6863,10,2024-05-26,12,clear,26.8
6864,10,2024-05-26,19,clear,29.7
6865,10,2024-05-27,12,clear,35.9
6866,10,2024-05-27,19,clear,34.9
6867,10,2024-05-28,12,clear,34.9
6868,10,2024-05-28,19,clear,28.1
6869,10,2024-05-29,12,heavy_rain,39.8
6870,10,2024-05-29,19,clear,34.2
6871,10,2024-05-30,12,clear,23.8
6872,10,2024-05-30,19,clear,16.1
6873,10,2024-05-31,12,clear,29.5
6874,10,2024-05-31,19,clear,30.3
6875,10,2024-06-01,12,clear,30.0
6876,10,2024-06-01,19,heavy_rain,34.6
6877,10,2024-06-02,12,heavy_rain,30.0
6878,10,2024-06-02,19,clear,31.6
6879,10,2024-06-03,12,clear,36.6
6880,10,2024-06-03,19,heavy_rain,31.3
6881,10,2024-06-04,12,clear,31.0
6882,10,2024-06-04,19,clear,21.2
6883,10,2024-06-05,12,clear,28.1
6884,10,2024-06-05,19,clear,25.7
6885,10,2024-06-06,12,heatwave,20.2
6886,10,2024-06-06,19,clear,27.1
6887,10,2024-06-07,12,clear,31.4
6888,10,2024-06-07,19,clear,25.9
6889,10,2024-06-08,12,rain,30.5
6890,10,2024-06-08,19,clear,31.6
6891,10,2024-06-09,12,clear,28.2
6892,10,2024-06-09,19,clear,36.8
6893,10,2024-06-10,12,clear,33.0
6894,10,2024-06-10,19,clear,29.6
6895,10,2024-06-11,12,rain,20.7
6896,10,2024-06-11,19,rain,29.0
6897,10,2024-06-12,12,clear,39.8
6898,10,2024-06-12,19,clear,31.4
6899,10,2024-06-13,12,heatwave,36.2
6900,10,2024-06-13,19,clear,33.8
6901,10,2024-06-14,12,clear,27.3
6902,10,2024-06-14,19,clear,22.0
6903,10,2024-06-15,12,clear,34.9
6904,10,2024-06-15,19,clear,33.5
6905,10,2024-06-16,12,clear,34.7
6906,10,2024-06-16,19,clear,27.5
6907,10,2024-06-17,12,heavy_rain,39.6
6908,10,2024-06-17,19,heavy_rain,30.4
6909,10,2024-06-18,12,rain,30.8
6910,10,2024-06-18,19,rain,28.0
6911,10,2024-06-19,12,clear,30.4
6912,10,2024-06-19,19,clear,32.6
6913,10,2024-06-20,12,clear,32.3
6914,10,2024-06-20,19,heavy_rain,29.5
6915,10,2024-06-21,12,clear,20.1
6916,10,2024-06-21,19,heavy_rain,32.5
6917,10,2024-06-22,12,heatwave,36.2
6918,10,2024-06-22,19,heavy_rain,31.2
6919,10,2024-06-23,12,clear,32.1
6920,10,2024-06-23,19,rain,27.8
6921,10,2024-06-24,12,clear,37.2
6922,10,2024-06-24,19,rain,26.7
6923,10,2024-06-25,12,rain,27.1
6924,10,2024-06-25,19,heavy_rain,32.7
6925,10,2024-06-26,12,heavy_rain,26.9
6926,10,2024-06-26,19,clear,33.9
6927,10,2024-06-27,12,clear,24.3
6928,10,2024-06-27,19,clear,31.1
6929,10,2024-06-28,12,heavy_rain,27.7
6930,10,2024-06-28,19,clear,23.1
6931,10,2024-06-29,12,clear,35.7
6932,10,2024-06-29,19,clear,27.9
6933,10,2024-06-30,12,rain,20.7
6934,10,2024-06-30,19,clear,24.4
6935,10,2024-07-01,12,clear,19.2
6936,10,2024-07-01,19,rain,34.7
6937,10,2024-07-02,12,rain,23.8
6938,10,2024-07-02,19,clear,24.4
6939,10,2024-07-03,12,clear,30.7
6940,10,2024-07-03,19,rain,29.6
6941,10,2024-07-04,12,clear,28.5
6942,10,2024-07-04,19,clear,34.9
6943,10,2024-07-05,12,clear,25.7
6944,10,2024-07-05,19,clear,20.0
6945,10,2024-07-06,12,clear,16.5
6946,10,2024-07-06,19,clear,32.1
6947,10,2024-07-07,12,clear,27.1
6948,10,2024-07-07,19,rain,31.8
6949,10,2024-07-08,12,clear,32.7
6950,10,2024-07-08,19,clear,26.6
6951,10,2024-07-09,12,clear,34.3
6952,10,2024-07-09,19,clear,37.6
6953,10,2024-07-10,12,clear,22.9
6954,10,2024-07-10,19,clear,36.3
6955,10,2024-07-11,12,rain,38.0
6956,10,2024-07-11,19,heatwave,31.4
6957,10,2024-07-12,12,clear,31.7
6958,10,2024-07-12,19,heavy_rain,34.0
6959,10,2024-07-13,12,clear,29.5
6960,10,2024-07-13,19,rain,32.3
6961,10,2024-07-14,12,clear,29.7
6962,10,2024-07-14,19,heavy_rain,26.7
6963,10,2024-07-15,12,heavy_rain,30.6
6964,10,2024-07-15,19,clear,19.7
6965,10,2024-07-16,12,clear,23.6
6966,10,2024-07-16,19,clear,36.0
6967,10,2024-07-17,12,clear,31.2
6968,10,2024-07-17,19,rain,28.4
6969,10,2024-07-18,12,heatwave,21.9
6970,10,2024-07-18,19,clear,29.8
6971,10,2024-07-19,12,clear,33.2
6972,10,2024-07-19,19,heavy_rain,24.0
6973,10,2024-07-20,12,clear,28.6
6974,10,2024-07-20,19,clear,29.5
6975,10,2024-07-21,12,rain,36.3
6976,10,2024-07-21,19,clear,34.3
6977,10,2024-07-22,12,clear,30.3
6978,10,2024-07-22,19,rain,44.9
6979,10,2024-07-23,12,clear,26.9
6980,10,2024-07-23,19,clear,29.0
6981,10,2024-07-24,12,clear,29.0
6982,10,2024-07-24,19,clear,26.2
6983,10,2024-07-25,12,clear,30.5
6984,10,2024-07-25,19,heavy_rain,30.4
6985,10,2024-07-26,12,clear,27.7
6986,10,2024-07-26,19,clear,34.8
6987,10,2024-07-27,12,heavy_rain,26.9
6988,10,2024-07-27,19,clear,24.1
6989,10,2024-07-28,12,heatwave,30.9
6990,10,2024-07-28,19,clear,28.4
6991,10,2024-07-29,12,clear,20.9
6992,10,2024-07-29,19,rain,36.1
6993,10,2024-07-30,12,clear,37.3
6994,10,2024-07-30,19,rain,35.4
6995,10,2024-07-31,12,heavy_rain,41.8
6996,10,2024-07-31,19,clear,23.0
6997,10,2024-08-01,12,heavy_rain,26.8
6998,10,2024-08-01,19,heavy_rain,32.3
6999,10,2024-08-02,12,clear,27.4
7000,10,2024-08-02,19,clear,32.4
7001,10,2024-08-03,12,heavy_rain,32.4
7002,10,2024-08-03,19,rain,31.7
7003,10,2024-08-04,12,heavy_rain,25.6
7004,10,2024-08-04,19,clear,34.1
7005,10,2024-08-05,12,rain,20.9
7006,10,2024-08-05,19,rain,33.1
7007,10,2024-08-06,12,clear,30.4
7008,10,2024-08-06,19,clear,31.7
7009,10,2024-08-07,12,clear,27.5
7010,10,2024-08-07,19,heatwave,38.9
7011,10,2024-08-08,12,clear,22.1
7012,10,2024-08-08,19,rain,27.3
7013,10,2024-08-09,12,clear,20.3
7014,10,2024-08-09,19,rain,37.5
7015,10,2024-08-10,12,clear,30.8
7016,10,2024-08-10,19,rain,30.6
7017,10,2024-08-11,12,rain,35.0
7018,10,2024-08-11,19,rain,32.0
7019,10,2024-08-12,12,heavy_rain,35.4
7020,10,2024-08-12,19,clear,28.1
7021,10,2024-08-13,12,clear,27.4
7022,10,2024-08-13,19,clear,32.8
7023,10,2024-08-14,12,rain,33.0
7024,10,2024-08-14,19,clear,30.7
7025,10,2024-08-15,12,clear,38.1
7026,10,2024-08-15,19,clear,23.4
7027,10,2024-08-16,12,rain,29.2
7028,10,2024-08-16,19,rain,25.2
7029,10,2024-08-17,12,clear,30.4
7030,10,2024-08-17,19,rain,29.8
7031,10,2024-08-18,12,rain,35.4
7032,10,2024-08-18,19,clear,32.0
7033,10,2024-08-19,12,clear,33.9
7034,10,2024-08-19,19,clear,30.6
7035,10,2024-08-20,12,heavy_rain,31.6
7036,10,2024-08-20,19,rain,35.6
7037,10,2024-08-21,12,clear,24.3
7038,10,2024-08-21,19,clear,32.2
7039,10,2024-08-22,12,clear,28.6
7040,10,2024-08-22,19,heatwave,32.1
7041,10,2024-08-23,12,clear,37.1
7042,10,2024-08-23,19,clear,27.6
7043,10,2024-08-24,12,clear,33.2
7044,10,2024-08-24,19,clear,29.7
7045,10,2024-08-25,12,clear,28.2
7046,10,2024-08-25,19,clear,24.4
7047,10,2024-08-26,12,rain,38.6
7048,10,2024-08-26,19,clear,30.5
7049,10,2024-08-27,12,clear,32.5
7050,10,2024-08-27,19,clear,29.0
7051,10,2024-08-28,12,rain,23.1
7052,10,2024-08-28,19,clear,27.3
7053,10,2024-08-29,12,clear,30.4
7054,10,2024-08-29,19,clear,31.4
7055,10,2024-08-30,12,clear,33.6
7056,10,2024-08-30,19,clear,40.0
7057,10,2024-08-31,12,heavy_rain,29.8
7058,10,2024-08-31,19,clear,24.4
7059,10,2024-09-01,12,clear,26.2
7060,10,2024-09-01,19,clear,35.6
7061,10,2024-09-02,12,clear,37.2
7062,10,2024-09-02,19,clear,34.5
7063,10,2024-09-03,12,rain,36.7
7064,10,2024-09-03,19,clear,38.0
7065,10,2024-09-04,12,heatwave,26.7
7066,10,2024-09-04,19,rain,29.8
7067,10,2024-09-05,12,rain,27.9
7068,10,2024-09-05,19,clear,26.0
7069,10,2024-09-06,12,clear,24.8
7070,10,2024-09-06,19,heavy_rain,28.4
7071,10,2024-09-07,12,clear,29.0
7072,10,2024-09-07,19,clear,27.0
7073,10,2024-09-08,12,clear,37.7
7074,10,2024-09-08,19,clear,26.7
7075,10,2024-09-09,12,clear,25.7
7076,10,2024-09-09,19,clear,24.2
7077,10,2024-09-10,12,rain,29.1
7078,10,2024-09-10,19,clear,31.3
7079,10,2024-09-11,12,rain,40.7
7080,10,2024-09-11,19,clear,31.9
7081,10,2024-09-12,12,clear,29.5
7082,10,2024-09-12,19,clear,32.8
7083,10,2024-09-13,12,rain,32.0
7084,10,2024-09-13,19,rain,31.6
7085,10,2024-09-14,12,clear,34.8
7086,10,2024-09-14,19,clear,27.3
7087,10,2024-09-15,12,clear,30.5
7088,10,2024-09-15,19,heatwave,35.9
7089,10,2024-09-16,12,clear,27.2
7090,10,2024-09-16,19,rain,29.6
7091,10,2024-09-17,12,heatwave,31.7
7092,10,2024-09-17,19,clear,33.1
7093,10,2024-09-18,12,heatwave,28.8
7094,10,2024-09-18,19,clear,30.4
7095,10,2024-09-19,12,rain,30.0
7096,10,2024-09-19,19,clear,26.7
7097,10,2024-09-20,12,heavy_rain,24.3
7098,10,2024-09-20,19,clear,38.4
7099,10,2024-09-21,12,clear,39.6
7100,10,2024-09-21,19,rain,29.5
7101,10,2024-09-22,12,heavy_rain,32.3
7102,10,2024-09-22,19,heavy_rain,25.4
7103,10,2024-09-23,12,clear,33.2
7104,10,2024-09-23,19,heavy_rain,37.5
7105,10,2024-09-24,12,heavy_rain,29.4
7106,10,2024-09-24,19,clear,28.1
7107,10,2024-09-25,12,clear,33.5
7108,10,2024-09-25,19,clear,20.0
7109,10,2024-09-26,12,heavy_rain,24.1
7110,10,2024-09-26,19,heavy_rain,36.4
7111,10,2024-09-27,12,clear,33.5
7112,10,2024-09-27,19,rain,31.3
7113,10,2024-09-28,12,clear,34.6
7114,10,2024-09-28,19,clear,29.6
7115,10,2024-09-29,12,clear,36.7
7116,10,2024-09-29,19,heavy_rain,28.8
7117,10,2024-09-30,12,rain,20.8
7118,10,2024-09-30,19,clear,28.8
7119,10,2024-10-01,12,clear,29.6
7120,10,2024-10-01,19,clear,28.8
7121,10,2024-10-02,12,clear,37.8
7122,10,2024-10-02,19,clear,27.4
7123,10,2024-10-03,12,clear,31.9
7124,10,2024-10-03,19,clear,35.0
7125,10,2024-10-04,12,clear,31.5
7126,10,2024-10-04,19,clear,25.3
7127,10,2024-10-05,12,clear,34.9
7128,10,2024-10-05,19,clear,27.3
7129,10,2024-10-06,12,clear,26.6
7130,10,2024-10-06,19,rain,30.5
7131,10,2024-10-07,12,clear,22.8
7132,10,2024-10-07,19,clear,23.0
7133,10,2024-10-08,12,clear,24.9
7134,10,2024-10-08,19,clear,31.3
7135,10,2024-10-09,12,clear,37.4
7136,10,2024-10-09,19,clear,37.3
7137,10,2024-10-10,12,clear,33.4
7138,10,2024-10-10,19,clear,37.5
7139,10,2024-10-11,12,clear,22.8
7140,10,2024-10-11,19,clear,24.9
7141,10,2024-10-12,12,clear,26.9
7142,10,2024-10-12,19,clear,32.8
7143,10,2024-10-13,12,clear,32.2
7144,10,2024-10-13,19,clear,29.9
7145,10,2024-10-14,12,clear,31.1
7146,10,2024-10-14,19,clear,35.3
7147,10,2024-10-15,12,clear,25.3
7148,10,2024-10-15,19,rain,31.9
7149,10,2024-10-16,12,clear,26.7
7150,10,2024-10-16,19,clear,26.8
7151,10,2024-10-17,12,clear,36.7
7152,10,2024-10-17,19,clear,28.7
7153,10,2024-10-18,12,clear,38.0
7154,10,2024-10-18,19,clear,26.2
7155,10,2024-10-19,12,clear,36.4
7156,10,2024-10-19,19,clear,29.9
7157,10,2024-10-20,12,clear,38.5
7158,10,2024-10-20,19,clear,32.6
7159,10,2024-10-21,12,clear,31.9
7160,10,2024-10-21,19,clear,30.2
7161,10,2024-10-22,12,clear,34.6
7162,10,2024-10-22,19,clear,29.6
7163,10,2024-10-23,12,clear,28.7
7164,10,2024-10-23,19,clear,25.9
7165,10,2024-10-24,12,clear,36.3
7166,10,2024-10-24,19,clear,33.1
7167,10,2024-10-25,12,clear,34.2
7168,10,2024-10-25,19,clear,36.6
7169,10,2024-10-26,12,clear,21.2
7170,10,2024-10-26,19,clear,27.2
7171,10,2024-10-27,12,heatwave,27.4
7172,10,2024-10-27,19,clear,41.9
7173,10,2024-10-28,12,clear,27.4
7174,10,2024-10-28,19,clear,22.2
7175,10,2024-10-29,12,clear,29.9
7176,10,2024-10-29,19,clear,28.8
7177,10,2024-10-30,12,rain,28.0
7178,10,2024-10-30,19,clear,24.6
7179,10,2024-10-31,12,clear,36.2
7180,10,2024-10-31,19,clear,27.9
7181,10,2024-11-01,12,clear,25.1
7182,10,2024-11-01,19,clear,25.1
7183,10,2024-11-02,12,heatwave,26.8
7184,10,2024-11-02,19,clear,32.2
7185,10,2024-11-03,12,heatwave,36.9
7186,10,2024-11-03,19,heatwave,28.1
7187,10,2024-11-04,12,clear,38.0
7188,10,2024-11-04,19,clear,34.9
7189,10,2024-11-05,12,clear,35.8
7190,10,2024-11-05,19,clear,20.4
7191,10,2024-11-06,12,rain,33.0
7192,10,2024-11-06,19,heatwave,34.6
7193,10,2024-11-07,12,clear,25.1
7194,10,2024-11-07,19,clear,32.1
7195,10,2024-11-08,12,clear,33.2
7196,10,2024-11-08,19,rain,25.5
7197,10,2024-11-09,12,clear,26.3
7198,10,2024-11-09,19,clear,24.7
7199,10,2024-11-10,12,clear,30.8
7200,10,2024-11-10,19,clear,34.8
7201,10,2024-11-11,12,clear,22.9
7202,10,2024-11-11,19,rain,31.6
7203,10,2024-11-12,12,clear,35.9
7204,10,2024-11-12,19,clear,37.6
7205,10,2024-11-13,12,clear,20.4
7206,10,2024-11-13,19,clear,29.3
7207,10,2024-11-14,12,clear,24.1
7208,10,2024-11-14,19,clear,29.7
7209,10,2024-11-15,12,clear,31.2
7210,10,2024-11-15,19,clear,37.9
7211,10,2024-11-16,12,clear,24.5
7212,10,2024-11-16,19,clear,37.2
7213,10,2024-11-17,12,clear,28.9
7214,10,2024-11-17,19,clear,39.1
7215,10,2024-11-18,12,clear,29.2
7216,10,2024-11-18,19,clear,39.0
7217,10,2024-11-19,12,clear,29.2
7218,10,2024-11-19,19,clear,41.9
7219,10,2024-11-20,12,clear,29.5
7220,10,2024-11-20,19,clear,32.0
7221,10,2024-11-21,12,clear,21.4
7222,10,2024-11-21,19,clear,39.0
7223,10,2024-11-22,12,heatwave,39.9
7224,10,2024-11-22,19,clear,26.5
7225,10,2024-11-23,12,clear,36.8
7226,10,2024-11-23,19,clear,31.8
7227,10,2024-11-24,12,clear,27.2
7228,10,2024-11-24,19,clear,31.2
7229,10,2024-11-25,12,clear,26.2
7230,10,2024-11-25,19,clear,42.1
7231,10,2024-11-26,12,clear,31.9
7232,10,2024-11-26,19,clear,29.1
7233,10,2024-11-27,12,clear,39.9
7234,10,2024-11-27,19,clear,31.6
7235,10,2024-11-28,12,clear,36.2
7236,10,2024-11-28,19,clear,33.2
7237,10,2024-11-29,12,clear,36.9
7238,10,2024-11-29,19,clear,18.7
7239,10,2024-11-30,12,clear,29.0
7240,10,2024-11-30,19,clear,28.7
7241,10,2024-12-01,12,clear,23.9
7242,10,2024-12-01,19,clear,26.5
7243,10,2024-12-02,12,clear,30.0
7244,10,2024-12-02,19,clear,27.4
7245,10,2024-12-03,12,heatwave,35.7
7246,10,2024-12-03,19,clear,30.3
7247,10,2024-12-04,12,clear,31.7
7248,10,2024-12-04,19,clear,35.9
7249,10,2024-12-05,12,clear,42.0
7250,10,2024-12-05,19,clear,34.5
7251,10,2024-12-06,12,clear,23.9
7252,10,2024-12-06,19,heavy_rain,29.3
7253,10,2024-12-07,12,clear,32.0
7254,10,2024-12-07,19,clear,29.7
7255,10,2024-12-08,12,clear,31.1
7256,10,2024-12-08,19,clear,28.9
7257,10,2024-12-09,12,clear,22.0
7258,10,2024-12-09,19,clear,33.7
7259,10,2024-12-10,12,clear,32.8
7260,10,2024-12-10,19,clear,31.3
7261,10,2024-12-11,12,clear,40.7
7262,10,2024-12-11,19,clear,31.8
7263,10,2024-12-12,12,clear,28.1
7264,10,2024-12-12,19,clear,27.1
7265,10,2024-12-13,12,clear,27.9
7266,10,2024-12-13,19,clear,25.2
7267,10,2024-12-14,12,heatwave,34.6
7268,10,2024-12-14,19,clear,26.5
7269,10,2024-12-15,12,clear,37.1
7270,10,2024-12-15,19,clear,41.2
7271,10,2024-12-16,12,clear,26.1
7272,10,2024-12-16,19,clear,22.5
7273,10,2024-12-17,12,clear,37.8
7274,10,2024-12-17,19,rain,24.5
7275,10,2024-12-18,12,clear,35.9
7276,10,2024-12-18,19,clear,29.9
7277,10,2024-12-19,12,clear,25.7
7278,10,2024-12-19,19,clear,31.3
7279,10,2024-12-20,12,clear,20.8
7280,10,2024-12-20,19,clear,35.5
7281,10,2024-12-21,12,heavy_rain,26.7
7282,10,2024-12-21,19,clear,25.0
7283,10,2024-12-22,12,clear,23.8
7284,10,2024-12-22,19,clear,25.8
7285,10,2024-12-23,12,clear,34.0
7286,10,2024-12-23,19,clear,27.3
7287,10,2024-12-24,12,clear,23.6
7288,10,2024-12-24,19,clear,26.1
7289,10,2024-12-25,12,clear,25.8
7290,10,2024-12-25,19,clear,30.8
7291,10,2024-12-26,12,clear,22.1
7292,10,2024-12-26,19,clear,29.5
7293,10,2024-12-27,12,rain,28.3
7294,10,2024-12-27,19,clear,25.4
7295,10,2024-12-28,12,clear,24.4
7296,10,2024-12-28,19,clear,30.5
7297,10,2024-12-29,12,clear,29.4
7298,10,2024-12-29,19,clear,30.2
7299,10,2024-12-30,12,heavy_rain,17.4
7300,10,2024-12-30,19,clear,27.1
